source,file_path,created_at,updated_at,scraper_version
oto,/Volumes/Samsam/Public/USIdata/022-investments/szalasa-5/usi_oto_4pcjZ.json,2026-05-15T23:40:41.357348,2026-05-25T02:06:18.587972,pre-v0.7.0
oto,/Volumes/Samsam/Public/USIdata/022-investments-sp-z-o-o/skarbka-z-gor-sg59/usi_oto_4tOBI.json,2026-05-25T02:06:18.582155,2026-05-25T02:06:18.582156,v0.7.0+
rp,/Volumes/Samsam/Public/USIdata/1-aleja/1-aleja-gdansk-suchanino/usi_rp_15198.json,2026-05-25T02:06:18.575236,2026-06-02T23:13:18.157134,v0.7.0+
oto,/Volumes/Samsam/Public/USIdata/28-czerwca-1956-r/28-czerwca-1956-r/usi_oto_4oFsz.json,2026-05-25T02:06:18.573513,2026-05-25T02:06:18.573515,v0.7.0+
rp,/Volumes/Samsam/Public/USIdata/2e-sp-z-oo/osiedle-kedzierskiego-radom/usi_rp_15314.json,2026-05-25T02:06:18.569296,2026-06-02T23:13:18.147838,v0.7.0+
rp,/Volumes/Samsam/Public/USIdata/3-city-estate/jasienskie-domy-ii-gdansk-jasien/usi_rp_15395.json,2026-05-25T02:06:18.559583,2026-06-02T23:13:18.122817,v0.7.0+
rp,/Volumes/Samsam/Public/USIdata/3-city-estate/jasminowy-stok-ii-gdansk-kokoszki/usi_rp_13499.json,2026-05-25T02:06:18.562751,2026-06-02T23:13:18.130227,v0.7.0+
rp,/Volumes/Samsam/Public/USIdata/3city-invest/house-liberty-kartuski-chwaszczyno/usi_rp_16358.json,2026-05-25T02:06:18.552157,2026-06-02T23:13:18.103782,v0.7.0+
rp,/Volumes/Samsam/Public/USIdata/3city-invest/osiedle-sosnova-gdynia-chwarzno-wiczlino/usi_rp_16740.json,2026-05-25T02:06:18.555788,2026-06-02T23:13:18.113140,v0.7.0+
oto,/Volumes/Samsam/Public/USIdata/3cityinvest/nowa-polnica/usi_oto_4pImz.json,2026-05-25T02:06:18.547263,2026-05-25T02:06:18.547264,v0.7.0+
to,/Volumes/Samsam/Public/USIdata/3cityinvest/nowa-polnica-polnicy-gdansk-jasien-mieszkania-na-sprzedaz/usi_to_8879067.json,2026-06-02T10:53:48.340437,2026-06-02T10:53:48.642635,v0.7.0+
oto,/Volumes/Samsam/Public/USIdata/3d-development-b4-sp-z-o-o/osiedle-nad-zalewem/usi_oto_4ooue.json,2026-05-25T02:06:18.540143,2026-05-25T02:06:18.540145,v0.7.0+
rp,/Volumes/Samsam/Public/USIdata/3klucze-sc/green-park-apartamenty-jpii-lublin/usi_rp_14315.json,2026-05-25T02:06:18.536042,2026-06-02T23:13:18.080321,v0.7.0+
oto,/Volumes/Samsam/Public/USIdata/3msbud-sp-z-o-o/kameralne-wojszyce/usi_oto_4fS6R.json,2026-05-25T02:06:18.532399,2026-05-25T02:06:18.532401,v0.7.0+
rp,/Volumes/Samsam/Public/USIdata/3msbud-sp-z-oo/twoje-wojszyce-wroclaw-wojszyce/usi_rp_16016.json,2026-05-25T02:06:18.529578,2026-06-02T23:13:18.073515,v0.7.0+
oto,/Volumes/Samsam/Public/USIdata/4-building-1-sp-z-o-o/nowa-strycharska-str-6-promocja/usi_oto_4rPHd.json,2026-05-25T02:06:18.526048,2026-05-25T02:06:18.526049,v0.7.0+
rp,/Volumes/Samsam/Public/USIdata/4-building-sp-z-oo-sp-k/nowa-strycharska-str-6-lodz-piastow-kurak/usi_rp_17525.json,2026-05-25T02:06:18.516524,2026-06-02T23:13:18.049720,v0.7.0+
rp,/Volumes/Samsam/Public/USIdata/4-pory-roku-hotels/4-pory-roku-hotels-swieradow-zdroj/usi_rp_18335.json,2026-05-25T02:06:18.512394,2026-06-02T23:13:18.042463,v0.7.0+
rp,/Volumes/Samsam/Public/USIdata/4estates/apartamenty-sudetia-jelenia-gora/usi_rp_17645.json,2026-05-25T02:06:18.507194,2026-06-02T23:13:18.033996,v0.7.0+
oto,/Volumes/Samsam/Public/USIdata/4estates-sp-z-o-o/apartamenty-sudetia/usi_oto_4s5vG.json,2026-05-25T02:06:18.502572,2026-05-25T02:06:18.502574,v0.7.0+
oto,/Volumes/Samsam/Public/USIdata/4estetica-sp-z-o-o/osiedle-hallera-grzybowice/usi_oto_4xb86.json,2026-05-25T02:06:18.497943,2026-05-25T02:06:18.497945,v0.7.0+
rp,/Volumes/Samsam/Public/USIdata/4k-development/magnoliowa-twin-ii-wieliczka/usi_rp_17087.json,2026-05-25T02:06:18.472489,2026-06-02T23:13:17.878313,v0.7.0+
rp,/Volumes/Samsam/Public/USIdata/4k-development/magnoliowa-twin-wieliczka/usi_rp_14576.json,2026-05-25T02:06:18.476574,2026-06-02T23:13:17.984922,v0.7.0+
oto,/Volumes/Samsam/Public/USIdata/4k-development/nove-dobczyce/usi_oto_4ypcP.json,2026-05-25T02:06:18.480036,2026-05-25T02:06:18.480038,v0.7.0+
oto,/Volumes/Samsam/Public/USIdata/4k-development/rosa-hills/usi_oto_4zH5p.json,2026-05-25T02:06:18.487983,2026-05-25T02:06:18.487985,v0.7.0+
rp,/Volumes/Samsam/Public/USIdata/4pk-deweloper-sp-z-oo/kosciuszki-bydgoszcz/usi_rp_18753.json,2026-05-25T02:06:18.468743,2026-06-02T23:13:17.870308,v0.7.0+
oto,/Volumes/Samsam/Public/USIdata/5842762233/sto10-chylonska/usi_oto_4qAUY.json,2026-05-25T02:06:18.462820,2026-05-25T02:06:18.462822,v0.7.0+
oto,/Volumes/Samsam/Public/USIdata/5th-avenue-holding-s-a/5th-avenue-apartments/usi_oto_4xys5.json,2026-05-25T02:06:18.457930,2026-05-25T02:06:18.457932,v0.7.0+
to,/Volumes/Samsam/Public/USIdata/5w/madalinskiego-antoniego-madalinskiego-gdansk-chelm-mieszkania-na-sprzedaz/usi_to_9226914.json,2026-05-25T02:05:00.621658,2026-05-25T02:05:00.621660,v0.7.0+
oto,/Volumes/Samsam/Public/USIdata/9and7-sp-z-o-o/kamienica-25/usi_oto_4p5HO.json,2026-05-25T02:06:18.446615,2026-05-25T02:06:18.446616,v0.7.0+
oto,/Volumes/Samsam/Public/USIdata/ab-inwestor/impresja/usi_oto_4yvvX.json,2026-05-25T02:06:18.415504,2026-05-25T02:06:18.415507,v0.7.0+
oto,/Volumes/Samsam/Public/USIdata/ab-inwestor/milosza/usi_oto_4sYKD.json,2026-05-25T02:06:18.425970,2026-05-25T02:06:18.425973,v0.7.0+
rp,/Volumes/Samsam/Public/USIdata/ab-inwestor/mloda-polska-sopot/usi_rp_14058.json,2026-05-25T02:06:18.434205,2026-06-02T23:13:17.838175,v0.7.0+
rp,/Volumes/Samsam/Public/USIdata/abades-ewa-i-dariusz-strojni-spolka-jawna/mazowiecka-park-budynek-i-kolobrzeg/usi_rp_16702.json,2026-05-25T02:06:18.402742,2026-06-02T23:13:17.683470,v0.7.0+
rp,/Volumes/Samsam/Public/USIdata/abades-ewa-i-dariusz-strojni-spolka-jawna/polanki-aqua-budynek-e-kolobrzeg/usi_rp_16789.json,2026-05-25T02:06:18.409447,2026-06-02T23:13:17.692343,v0.7.0+
oto,/Volumes/Samsam/Public/USIdata/abades-strojny-spolka-komandytowa/mazowiecka-park/usi_oto_4eSkr.json,2026-05-25T02:06:18.388722,2026-05-25T02:06:18.388725,v0.7.0+
oto,/Volumes/Samsam/Public/USIdata/abades-strojny-spolka-komandytowa/mazowiecka-park-gotowe-mieszkania-juz-dzis/usi_oto_4eSkr.json,2026-05-25T02:05:00.611255,2026-05-25T02:05:00.611261,v0.7.0+
oto,/Volumes/Samsam/Public/USIdata/abades-strojny-spolka-komandytowa/polanki-aqua-apartamenty-z-gotowa-opcja-wynajmu/usi_oto_4giiI.json,2026-05-25T02:06:18.395850,2026-05-25T02:06:18.395852,v0.7.0+
rp,/Volumes/Samsam/Public/USIdata/abm-developer/nowe-sady-85-lodz-lublinek-pienista/usi_rp_15985.json,2026-05-25T02:06:18.374004,2026-06-02T23:13:17.648419,v0.7.0+
rp,/Volumes/Samsam/Public/USIdata/abm-developer/zielone-kolumny-lodz-wiskitno/usi_rp_15988.json,2026-05-25T02:06:18.385272,2026-06-02T23:13:17.673409,v0.7.0+
oto,/Volumes/Samsam/Public/USIdata/abm-deweloper/apartamenty-opolczyka/usi_oto_4xF1A.json,2026-05-25T02:06:18.370234,2026-05-25T02:06:18.370236,v0.7.0+
oto,/Volumes/Samsam/Public/USIdata/abrigo-house/osielsko-ul-dluga-31/usi_oto_4tqk3.json,2026-05-25T02:06:18.366907,2026-05-25T02:06:18.366909,v0.7.0+
rp,/Volumes/Samsam/Public/USIdata/abud-trymarkiewicz-mwenderlich-spolka-jawna/chrzanowskiego-15-bydgoszcz-nowy-fordon/usi_rp_19298.json,2026-05-25T02:06:18.363621,2026-06-02T23:13:17.638286,v0.7.0+
oto,/Volumes/Samsam/Public/USIdata/acatom/apartamenty-mikolowska/usi_oto_4arpH.json,2026-05-25T02:06:18.346659,2026-05-25T02:06:18.346661,v0.7.0+
oto,/Volumes/Samsam/Public/USIdata/acatom/daszynskiego-park/usi_oto_4A4Gb.json,2026-05-25T02:06:18.352162,2026-05-25T02:06:18.352164,v0.7.0+
to,/Volumes/Samsam/Public/USIdata/acatom/daszynskiego-park-daszynskiego-38-katowice-welnowiec-jozefowiec-mieszkania-na-sprzedaz/usi_to_9193821.json,2026-05-25T02:05:00.582209,2026-05-25T02:05:00.582211,v0.7.0+
oto,/Volumes/Samsam/Public/USIdata/acatom/langiewicza-37/usi_oto_4lOHY.json,2026-05-25T02:06:18.356095,2026-05-25T02:06:18.356096,v0.7.0+
to,/Volumes/Samsam/Public/USIdata/acatom/langiewicza-37-rzeszow-srodmiescie-mieszkania-na-sprzedaz/usi_to_9193814.json,2026-05-25T02:05:00.587773,2026-05-25T02:05:00.587777,v0.7.0+
oto,/Volumes/Samsam/Public/USIdata/acatom/wawer-go-2-0/usi_oto_4sKhy.json,2026-05-25T02:06:18.359933,2026-05-25T02:06:18.359934,v0.7.0+
to,/Volumes/Samsam/Public/USIdata/acatom/wawer-go-2-0-przylaszczkowa-17-warszawa-wawer-falenica-mieszkania-na-sprzedaz/usi_to_9193590.json,2026-05-25T02:05:00.593710,2026-05-25T02:05:00.593713,v0.7.0+
rp,/Volumes/Samsam/Public/USIdata/acatom-sp-z-oo-spk/daszynskiego-park-katowice/usi_rp_13910.json,2026-05-25T02:06:18.320190,2026-06-02T23:13:17.586109,v0.7.0+
rp,/Volumes/Samsam/Public/USIdata/acatom-sp-z-oo-spk/podlesie-gliwice/usi_rp_20356.json,2026-05-25T02:06:18.333100,2026-06-02T23:13:17.615263,v0.7.0+
oto,/Volumes/Samsam/Public/USIdata/acatom-tarnogorska-sp-z-o-o/gliwice-ul-podlesie-ul-tarnogorska-nowe-mieszkania/usi_oto_4Bpjv.json,2026-05-25T02:06:18.310297,2026-05-25T02:06:18.310300,v0.7.0+
oto,/Volumes/Samsam/Public/USIdata/acatom-tarnogorska-sp-z-o-o/gliwice-ul-podlesie-ul-tarnogorska-nowe-mieszkania/usi_oto_68020790.json,2026-05-25T02:06:18.310297,2026-06-02T11:04:20.963974,v0.7.0+
oto,/Volumes/Samsam/Public/USIdata/acciona-nieruchomosci/kamienna-28/usi_oto_4p8Kh.json,2026-05-25T02:06:18.294658,2026-05-25T02:06:18.294661,v0.7.0+
oto,/Volumes/Samsam/Public/USIdata/acciona-nieruchomosci/kamienna-28-apartamenty-inwestycyjne/usi_oto_4p8Ki.json,2026-05-25T02:06:18.301427,2026-05-25T02:06:18.301429,v0.7.0+
oto,/Volumes/Samsam/Public/USIdata/acciona-nieruchomosci/zbozowa/usi_oto_4nswp.json,2026-05-25T02:06:18.305545,2026-05-25T02:06:18.305548,v0.7.0+
oto,/Volumes/Samsam/Public/USIdata/activ-investment/kameralny-ruczaj/usi_oto_4sNBo.json,2026-05-25T02:06:18.240729,2026-05-25T02:06:18.240731,v0.7.0+
oto,/Volumes/Samsam/Public/USIdata/activ-investment/kopalniana-7/usi_oto_4wHY7.json,2026-05-25T02:06:18.244306,2026-05-25T02:06:18.244307,v0.7.0+
oto,/Volumes/Samsam/Public/USIdata/activ-investment/moj-przewoz/usi_oto_4yd1S.json,2026-05-25T02:06:18.247519,2026-05-25T02:06:18.247520,v0.7.0+
oto,/Volumes/Samsam/Public/USIdata/activ-investment/nova-mikolowska-city-garden/usi_oto_4zNJ3.json,2026-05-25T02:06:18.250933,2026-05-25T02:06:18.250934,v0.7.0+
oto,/Volumes/Samsam/Public/USIdata/activ-investment/osiedle-area-park/usi_oto_4jCpz.json,2026-05-25T02:06:18.254342,2026-05-25T02:06:18.254344,v0.7.0+
oto,/Volumes/Samsam/Public/USIdata/activ-investment/osiedle-area-park-ii/usi_oto_4yGqW.json,2026-05-25T02:06:18.258165,2026-05-25T02:06:18.258167,v0.7.0+
oto,/Volumes/Samsam/Public/USIdata/activ-investment/staw-plaszowski-ii/usi_oto_4xpgc.json,2026-05-25T02:06:18.262509,2026-05-25T02:06:18.262511,v0.7.0+
oto,/Volumes/Samsam/Public/USIdata/activ-investment/swiatovida/usi_oto_4pqlt.json,2026-05-25T02:06:18.266525,2026-05-25T02:06:18.266526,v0.7.0+
oto,/Volumes/Samsam/Public/USIdata/activ-investment/swiatovida-bud-b2/usi_oto_4sDhp.json,2026-05-25T02:06:18.270269,2026-05-25T02:06:18.270271,v0.7.0+
rp,/Volumes/Samsam/Public/USIdata/activ-investment-sp-z-oo/banacha-etap-i-krakow-pradnik-bialy/usi_rp_4919.json,2026-05-25T02:06:18.152281,2026-06-02T23:13:17.353904,v0.7.0+
rp,/Volumes/Samsam/Public/USIdata/activ-investment-sp-z-oo/banacha-etap-ii-krakow-pradnik-bialy/usi_rp_7543.json,2026-05-25T02:06:18.154789,2026-06-02T23:13:17.361285,v0.7.0+
rp,/Volumes/Samsam/Public/USIdata/activ-investment-sp-z-oo/banacha-etap-iii-krakow-pradnik-bialy/usi_rp_8619.json,2026-05-25T02:06:18.157547,2026-06-02T23:13:17.367863,v0.7.0+
rp,/Volumes/Samsam/Public/USIdata/activ-investment-sp-z-oo/konopnicka-city-park-krakow-podgorze/usi_rp_5638.json,2026-05-25T02:06:18.168730,2026-06-02T23:13:17.399714,v0.7.0+
rp,/Volumes/Samsam/Public/USIdata/activ-investment-sp-z-oo/nova-mikolowska-katowice-zespol-dzielnic-srodmiejskich/usi_rp_11656.json,2026-05-25T02:06:18.171470,2026-06-02T23:13:17.405580,v0.7.0+
rp,/Volumes/Samsam/Public/USIdata/activ-investment-sp-z-oo/okulickiego-ix-krakow-mistrzejowice/usi_rp_4063.json,2026-05-25T02:06:18.175065,2026-06-02T23:13:17.415515,v0.7.0+
rp,/Volumes/Samsam/Public/USIdata/activ-investment-sp-z-oo/skarbowcow-etap-ii-wroclaw-krzyki-osiedle-krzyki/usi_rp_5159.json,2026-05-25T02:06:18.217391,2026-06-02T23:13:17.474973,v0.7.0+
rp,/Volumes/Samsam/Public/USIdata/activ-investment-sp-z-oo/wodna-ii-krakow-podgorze/usi_rp_13861.json,2026-05-25T02:06:18.235135,2026-06-02T23:13:17.520776,v0.7.0+
rp,/Volumes/Samsam/Public/USIdata/activ-investment-sp-z-oo/wodna-krakow-podgorze/usi_rp_9520.json,2026-05-25T02:06:18.237927,2026-06-02T23:13:17.529882,v0.7.0+
oto,/Volumes/Samsam/Public/USIdata/activa/andromeda/usi_oto_4tVVC.json,2026-05-25T02:06:18.116418,2026-05-25T02:06:18.116419,v0.7.0+
oto,/Volumes/Samsam/Public/USIdata/activa/antares/usi_oto_4tVVr.json,2026-05-25T02:06:18.121123,2026-05-25T02:06:18.121124,v0.7.0+
oto,/Volumes/Samsam/Public/USIdata/activa/cyganska-gora-5/usi_oto_4tVVE.json,2026-05-25T02:06:18.124504,2026-05-25T02:06:18.124507,v0.7.0+
oto,/Volumes/Samsam/Public/USIdata/activa/nowa-cegielnia/usi_oto_4dyPp.json,2026-05-25T02:06:18.128175,2026-05-25T02:06:18.128176,v0.7.0+
rp,/Volumes/Samsam/Public/USIdata/activa-ap-sp-z-oo-sp-k/nowa-cegielnia-gdansk-kokoszki/usi_rp_14007.json,2026-05-25T02:06:18.110175,2026-06-02T23:13:17.291008,v0.7.0+
rp,/Volumes/Samsam/Public/USIdata/activa-ap-sp-z-oo-sp-k/tarasy-wierzycy-gniew/usi_rp_19110.json,2026-05-25T02:06:18.113388,2026-06-02T23:13:17.300086,v0.7.0+
oto,/Volumes/Samsam/Public/USIdata/active-developer-sp-z-o-o/mazurska-bytom-szombierki/usi_oto_4AosN.json,2026-05-25T02:06:18.091096,2026-05-25T02:06:18.091097,v0.7.0+
oto,/Volumes/Samsam/Public/USIdata/ad-progress-sp-z-o-o/osiedle-kwitnacej-wisni/usi_oto_4pb7f.json,2026-05-25T02:06:18.086325,2026-05-25T02:06:18.086328,v0.7.0+
oto,/Volumes/Samsam/Public/USIdata/adam-development/perla-centrum/usi_oto_4xAiF.json,2026-05-25T02:06:18.082081,2026-05-25T02:06:18.082082,v0.7.0+
oto,/Volumes/Samsam/Public/USIdata/adara-bud-sp-z-o-o/juranda-ze-spychowa-dom-w-warszawie-etap-1/usi_oto_4oyL9.json,2026-05-25T02:06:18.078739,2026-05-25T02:06:18.078740,v0.7.0+
oto,/Volumes/Samsam/Public/USIdata/adastral-sosnowiec-sp-z-o-o/horizon-gutkowo-etap-3/usi_oto_4zq1z.json,2026-05-25T02:06:18.074377,2026-05-25T02:06:18.074379,v0.7.0+
to,/Volumes/Samsam/Public/USIdata/adatex/osiedle-debowy-park-budynek-k-oswiecimska-7a-siemianowice-slaskie-bytkow-mieszkania-na-sprzedaz/usi_to_9235073.json,2026-06-02T10:53:56.755699,2026-06-02T10:53:57.151188,v0.7.0+
oto,/Volumes/Samsam/Public/USIdata/adatex-s-a/apartamenty-sikornik/usi_oto_4jRkg.json,2026-05-25T02:06:18.048032,2026-05-25T02:06:18.048033,v0.7.0+
oto,/Volumes/Samsam/Public/USIdata/adatex-s-a/debowy-park-ul-oswiecimska-7a/usi_oto_46Pko.json,2026-05-25T02:06:18.051948,2026-05-25T02:06:18.051950,v0.7.0+
oto,/Volumes/Samsam/Public/USIdata/adatex-s-a/letnia-przystan/usi_oto_4vPVc.json,2026-05-25T02:06:18.055802,2026-05-25T02:06:18.055803,v0.7.0+
oto,/Volumes/Samsam/Public/USIdata/adatex-s-a/osiedle-graniczna-34-b-biura-i-lokale-na-wynajem/usi_oto_46P9c.json,2026-05-25T02:06:18.058921,2026-05-25T02:06:18.058922,v0.7.0+
oto,/Volumes/Samsam/Public/USIdata/adatex-s-a/osiedle-gwiezdna/usi_oto_46PfE.json,2026-05-25T02:06:18.062654,2026-05-25T02:06:18.062655,v0.7.0+
oto,/Volumes/Samsam/Public/USIdata/adatex-s-a/osiedle-kaskada/usi_oto_4dTsW.json,2026-05-25T02:06:18.065542,2026-05-25T02:06:18.065543,v0.7.0+
oto,/Volumes/Samsam/Public/USIdata/adatex-s-a/osiedle-nowa-dabrowa-ul-graniczna-14/usi_oto_46Phs.json,2026-05-25T02:06:18.068492,2026-05-25T02:06:18.068494,v0.7.0+
oto,/Volumes/Samsam/Public/USIdata/adatex-s-a/panorama-3-stawy-ul-pulaskiego-23/usi_oto_4lBum.json,2026-05-25T02:06:18.071371,2026-05-25T02:06:18.071372,v0.7.0+
rp,/Volumes/Samsam/Public/USIdata/adatex-sp-z-oo/debowy-park-siemianowice-slaskie/usi_rp_13102.json,2026-05-25T02:06:18.004644,2026-06-02T23:13:17.173720,v0.7.0+
rp,/Volumes/Samsam/Public/USIdata/adatex-sp-z-oo/osiedle-debowy-park-bud-g-siemianowice-slaskie/usi_rp_20260.json,2026-05-25T02:06:18.008810,2026-06-02T23:13:17.181976,v0.7.0+
rp,/Volumes/Samsam/Public/USIdata/adatex-sp-z-oo/osiedle-debowy-park-bud-h-siemianowice-slaskie/usi_rp_20261.json,2026-05-25T02:06:18.012979,2026-06-02T23:13:17.189734,v0.7.0+
rp,/Volumes/Samsam/Public/USIdata/adatex-sp-z-oo/osiedle-debowy-park-bud-i-siemianowice-slaskie/usi_rp_20264.json,2026-05-25T02:06:18.016801,2026-06-02T23:13:17.198457,v0.7.0+
rp,/Volumes/Samsam/Public/USIdata/adatex-sp-z-oo/osiedle-debowy-park-bud-j-siemianowice-slaskie/usi_rp_20262.json,2026-05-25T02:06:18.020992,2026-06-02T23:13:17.209417,v0.7.0+
rp,/Volumes/Samsam/Public/USIdata/adatex-sp-z-oo/osiedle-debowy-park-bud-k-siemianowice-slaskie/usi_rp_20265.json,2026-05-25T02:06:18.025470,2026-06-02T23:13:17.219288,v0.7.0+
rp,/Volumes/Samsam/Public/USIdata/adatex-sp-z-oo/osiedle-debowy-park-etap-iii-siemianowice-slaskie/usi_rp_14118.json,2026-05-25T02:06:18.030087,2026-06-02T23:13:17.227080,v0.7.0+
rp,/Volumes/Samsam/Public/USIdata/adatex-sp-z-oo/osiedle-gwiezdna-bud-b-sosnowiec/usi_rp_17138.json,2026-05-25T02:06:18.034627,2026-06-02T23:13:17.233356,v0.7.0+
oto,/Volumes/Samsam/Public/USIdata/addax-investment/rezydencja-grottgera-16-przedsprzedaz/usi_oto_4vETy.json,2026-05-25T02:06:17.996085,2026-05-25T02:06:17.996087,v0.7.0+
rp,/Volumes/Samsam/Public/USIdata/adept-investment-sp-z-oo/warmia-resort-etap-iii-olsztynski-woryty/usi_rp_16276.json,2026-05-25T02:06:17.991655,2026-06-02T23:13:17.154135,v0.7.0+
rp,/Volumes/Samsam/Public/USIdata/adk-construction-group/lesny-park-bema-otwocki-jozefow/usi_rp_15686.json,2026-05-25T02:06:17.987538,2026-06-02T23:13:17.147626,v0.7.0+
oto,/Volumes/Samsam/Public/USIdata/adkon-sp-z-o-o-ul-plaszowska-11-32-005-niepolomice/nova-krzyszkowicka/usi_oto_4xgTe.json,2026-05-25T02:06:17.982743,2026-05-25T02:06:17.982746,v0.7.0+
to,/Volumes/Samsam/Public/USIdata/ads-nieruchomosci/apartamenty-sloneczne-klimontowska-47m-sosnowiec-sielec-apartamenty-na-sprzedaz/usi_to_8772104.json,2026-05-25T02:05:00.562344,2026-05-25T02:05:00.562347,v0.7.0+
oto,/Volumes/Samsam/Public/USIdata/ads-nieruchomosci-sp-z-o-o/apartamenty-sloneczne/usi_oto_4guo8.json,2026-05-25T02:06:17.975392,2026-05-25T02:06:17.975393,v0.7.0+
oto,/Volumes/Samsam/Public/USIdata/ae-invest-sj/osiedle-morska-bryza-etap-ii/usi_oto_4st9L.json,2026-05-25T02:06:17.967208,2026-05-25T02:06:17.967209,v0.7.0+
rp,/Volumes/Samsam/Public/USIdata/aedium/kamienica-zeusa-gdanski-kowale/usi_rp_16461.json,2026-05-25T02:06:17.964410,2026-06-02T23:13:17.133335,v0.7.0+
oto,/Volumes/Samsam/Public/USIdata/aedium-sp-zo-o/nowa-przystan-rumia/usi_oto_4twdN.json,2026-05-25T02:06:17.952609,2026-05-25T02:06:17.952611,v0.7.0+
oto,/Volumes/Samsam/Public/USIdata/afi-home-zlota-zelazna/afi-home-zlota-83-zelazna-24-warszawa/usi_oto_4jDHU.json,2026-05-25T02:06:17.947364,2026-05-25T02:06:17.947368,v0.7.0+
rp,/Volumes/Samsam/Public/USIdata/aforta/widok800-karkonoski-szklarska-poreba/usi_rp_10701.json,2026-05-25T02:06:17.943053,2026-06-02T23:13:17.111013,v0.7.0+
oto,/Volumes/Samsam/Public/USIdata/ag-multigroup/osiedle-panorama-bialy-kamien/usi_oto_4sA0k.json,2026-05-25T02:06:17.936983,2026-05-25T02:06:17.936984,v0.7.0+
oto,/Volumes/Samsam/Public/USIdata/agbakar-sp-z-o-o-sp-komandytowa/green-park-lomza-ul-rycerska-ks-stanislawa/usi_oto_4fzq7.json,2026-05-25T02:06:17.932445,2026-05-25T02:06:17.932446,v0.7.0+
oto,/Volumes/Samsam/Public/USIdata/agena-development/rytm-natury/usi_oto_4A9fl.json,2026-05-25T02:06:17.928755,2026-05-25T02:06:17.928757,v0.7.0+
oto,/Volumes/Samsam/Public/USIdata/agencja-inwestycyjna-sp-z-o-o/osiedle-sady/usi_oto_4AxWR.json,2026-05-25T02:06:17.912587,2026-05-25T02:06:17.912588,v0.7.0+
oto,/Volumes/Samsam/Public/USIdata/agencja-inwestycyjna-sp-z-o-o/osiedle-sady/usi_oto_67815591.json,2026-05-25T02:06:17.912587,2026-06-02T11:05:57.579801,v0.7.0+
oto,/Volumes/Samsam/Public/USIdata/agencja-inwestycyjna-sp-z-o-o/zielona-przystan-nowe-mieszkania-ul-blazeja-9/usi_oto_4kMbR.json,2026-05-25T02:06:17.916804,2026-05-25T02:06:17.916805,v0.7.0+
rp,/Volumes/Samsam/Public/USIdata/agencja-inwestycyjna-sp-z-oo/zielona-przystan-poznan-naramowice/usi_rp_15322.json,2026-05-25T02:06:17.908773,2026-06-02T23:13:17.081385,v0.7.0+
oto,/Volumes/Samsam/Public/USIdata/agm-deweloper-kajrys-zarowski-spolka-komandytowo-akcyjna/ogrody-ochocza/usi_oto_4AtHU.json,2026-05-25T02:06:17.905118,2026-05-25T02:06:17.905120,v0.7.0+
oto,/Volumes/Samsam/Public/USIdata/agmet/stalowa-65/usi_oto_4BjY8.json,2026-05-25T02:06:17.900710,2026-05-25T02:06:17.900712,v0.7.0+
oto,/Volumes/Samsam/Public/USIdata/agmet/stalowa-65/usi_oto_68000244.json,2026-05-25T02:06:17.900710,2026-06-02T11:04:35.116734,v0.7.0+
oto,/Volumes/Samsam/Public/USIdata/agnieszka-dukaczewska/villa-moderna-milanowek/usi_oto_4AtiU.json,2026-05-25T02:06:17.891723,2026-05-25T02:06:17.891724,v0.7.0+
oto,/Volumes/Samsam/Public/USIdata/agri-fabbio-sp-z-o-o/zieloneosiedle-kolobrzeg-domywolnostojace/usi_oto_3kBAc.json,2026-05-25T02:06:17.886586,2026-05-25T02:06:17.886588,v0.7.0+
oto,/Volumes/Samsam/Public/USIdata/agrobex/harmony-antoninek/usi_oto_4xCci.json,2026-05-25T02:06:17.878670,2026-05-25T02:06:17.878672,v0.7.0+
oto,/Volumes/Samsam/Public/USIdata/agrobex/unii-lubelskiej-4/usi_oto_4uhNx.json,2026-05-25T02:06:17.883086,2026-05-25T02:06:17.883087,v0.7.0+
oto,/Volumes/Samsam/Public/USIdata/agrobex-sp-z-o-o/nowe-pobiedziska-2/usi_oto_4lLlb.json,2026-05-25T02:06:17.860049,2026-05-25T02:06:17.860051,v0.7.0+
oto,/Volumes/Samsam/Public/USIdata/agrobex-sp-z-o-o/osiedle-moderno/usi_oto_4oTTo.json,2026-05-25T02:06:17.869585,2026-05-25T02:06:17.869590,v0.7.0+
oto,/Volumes/Samsam/Public/USIdata/agrobex-sp-z-o-o/osiedle-tkacka/usi_oto_4rvjO.json,2026-05-25T02:06:17.874928,2026-05-25T02:06:17.874930,v0.7.0+
rp,/Volumes/Samsam/Public/USIdata/agrobex-sp-z-oo/kleszczewo-park-etap-iii-poznanski-kleszczewo/usi_rp_14583.json,2026-05-25T02:06:17.833556,2026-06-02T23:13:17.023153,v0.7.0+
rp,/Volumes/Samsam/Public/USIdata/agrobex-sp-z-oo/kleszczowa-park-etap-iv-poznanski-kleszczewo/usi_rp_16785.json,2026-05-25T02:06:17.838313,2026-06-02T23:13:17.032388,v0.7.0+
rp,/Volumes/Samsam/Public/USIdata/agrobex-sp-z-oo/nove-garby-poznanski/usi_rp_16786.json,2026-05-25T02:06:17.842640,2026-06-02T23:13:17.039882,v0.7.0+
rp,/Volumes/Samsam/Public/USIdata/agrobex-sp-z-oo/osiedle-cybinska-swarzedz/usi_rp_16247.json,2026-05-25T02:06:17.846107,2026-06-02T23:13:17.048486,v0.7.0+
rp,/Volumes/Samsam/Public/USIdata/agrobex-sp-z-oo/osiedle-moderno-sroda-wielkopolska/usi_rp_16787.json,2026-05-25T02:06:17.849717,2026-06-02T23:13:17.057350,v0.7.0+
oto,/Volumes/Samsam/Public/USIdata/ahouse/apartamenty-rusalki/usi_oto_4zHac.json,2026-05-25T02:06:17.796977,2026-05-25T02:06:17.796978,v0.7.0+
oto,/Volumes/Samsam/Public/USIdata/ahouse/apartamenty-rusalki-mieszkania-w-grodzisku-maz/usi_oto_4AeFI.json,2026-05-25T02:06:17.805429,2026-05-25T02:06:17.805431,v0.7.0+
oto,/Volumes/Samsam/Public/USIdata/ahouse/forest-park-kajetany/usi_oto_4tRQj.json,2026-05-25T02:06:17.810376,2026-05-25T02:06:17.810377,v0.7.0+
rp,/Volumes/Samsam/Public/USIdata/ahouse/forest-park-kajetny-pruszkowski/usi_rp_18798.json,2026-05-25T02:06:17.814278,2026-06-02T23:13:16.930694,v0.7.0+
oto,/Volumes/Samsam/Public/USIdata/ahouse/osiedle-stalove-etap-ii/usi_oto_4ydoX.json,2026-05-25T02:06:17.817128,2026-05-25T02:06:17.817130,v0.7.0+
oto,/Volumes/Samsam/Public/USIdata/ahouse/osiedle-stalove-etap-ii-grodzisk-mazowiecki-cegielniana/usi_oto_4yb8X.json,2026-05-25T02:06:17.821039,2026-05-25T02:06:17.821041,v0.7.0+
oto,/Volumes/Samsam/Public/USIdata/ahouse/osiedle-stalove-grodzisk/usi_oto_4qNMF.json,2026-05-25T02:06:17.825369,2026-05-25T02:06:17.825371,v0.7.0+
oto,/Volumes/Samsam/Public/USIdata/akademia-development-sp-z-o-o/nowa-kurkowa/usi_oto_4xq5E.json,2026-05-25T02:06:17.787260,2026-05-25T02:06:17.787262,v0.7.0+
rp,/Volumes/Samsam/Public/USIdata/akopol-sp-z-oo/bibickie-wzgorze-krakowski-bibice/usi_rp_16275.json,2026-05-25T02:06:17.775705,2026-06-02T23:13:16.768936,v0.7.0+
oto,/Volumes/Samsam/Public/USIdata/akord-sp-z-o-o/osiedle-panorama-tychy-al-m-pilsudskiego/usi_oto_3FmGY.json,2026-05-25T02:06:17.771314,2026-05-25T02:06:17.771315,v0.7.0+
rp,/Volumes/Samsam/Public/USIdata/akord-sp-z-oo/osiedle-panorama-tychy/usi_rp_9628.json,2026-05-25T02:06:17.767602,2026-06-02T23:13:16.759889,v0.7.0+
oto,/Volumes/Samsam/Public/USIdata/akropol-inwestycje/lubon-zeglarska/usi_oto_4srDz.json,2026-05-25T02:06:17.748147,2026-05-25T02:06:17.748152,v0.7.0+
oto,/Volumes/Samsam/Public/USIdata/akropol-inwestycje/poznan-ul-5-stycznia/usi_oto_4ukZR.json,2026-05-25T02:06:17.752732,2026-05-25T02:06:17.752734,v0.7.0+
oto,/Volumes/Samsam/Public/USIdata/akropol-inwestycje/sroda-wielkopolska-ul-strzelecka/usi_oto_4reMW.json,2026-05-25T02:06:17.755903,2026-05-25T02:06:17.755904,v0.7.0+
oto,/Volumes/Samsam/Public/USIdata/akropol-inwestycje/szczecin-skarbimierzyce/usi_oto_4oNDV.json,2026-05-25T02:06:17.758669,2026-05-25T02:06:17.758671,v0.7.0+
oto,/Volumes/Samsam/Public/USIdata/akropol-inwestycje/zielniki-ul-strzelecka/usi_oto_4ra0a.json,2026-05-25T02:06:17.761874,2026-05-25T02:06:17.761875,v0.7.0+
oto,/Volumes/Samsam/Public/USIdata/akropol-inwestycje/zlotniki-ul-sloneczna/usi_oto_4u8oT.json,2026-05-25T02:06:17.764754,2026-05-25T02:06:17.764756,v0.7.0+
rp,/Volumes/Samsam/Public/USIdata/aksa-development/osiedle-lesna-enklawa-starachowice/usi_rp_15368.json,2026-05-25T02:06:17.744608,2026-06-02T23:13:16.751339,v0.7.0+
to,/Volumes/Samsam/Public/USIdata/albero/astelia-park-etap-iii-leona-berensona-warszawa-bialoleka-grodzisk-mieszkania-na-sprzedaz/usi_to_9227311.json,2026-05-25T02:05:00.548358,2026-05-25T02:05:00.548363,v0.7.0+
oto,/Volumes/Samsam/Public/USIdata/albero-invest/astelia-park/usi_oto_4vNm5.json,2026-05-25T02:06:17.716433,2026-05-25T02:06:17.716435,v0.7.0+
rp,/Volumes/Samsam/Public/USIdata/albero-invest/lipova-living-konstancin-jeziorna/usi_rp_15469.json,2026-05-25T02:06:17.725547,2026-06-02T23:13:16.679097,v0.7.0+
rp,/Volumes/Samsam/Public/USIdata/albero-invest/modern-house-etap-ii-warszawa-jeziorki-poludniowe/usi_rp_17338.json,2026-05-25T02:06:17.728646,2026-06-02T23:13:16.705962,v0.7.0+
rp,/Volumes/Samsam/Public/USIdata/albero-invest/wawer-park-ii-i-iii-warszawa-aleksandrow/usi_rp_17128.json,2026-05-25T02:06:17.738312,2026-06-02T23:13:16.732160,v0.7.0+
oto,/Volumes/Samsam/Public/USIdata/albud-investment-sp-z-o-o/osiedle-3-brzozy/usi_oto_4tr40.json,2026-05-25T02:06:17.711645,2026-05-25T02:06:17.711647,v0.7.0+
oto,/Volumes/Samsam/Public/USIdata/alcoba-development/pinea-apartamenty/usi_oto_4rBPJ.json,2026-05-25T02:06:17.686997,2026-05-25T02:06:17.686999,v0.7.0+
oto,/Volumes/Samsam/Public/USIdata/alcoba-development/pura-vida-apartamenty/usi_oto_4iDXR.json,2026-05-25T02:06:17.699229,2026-05-25T02:06:17.699231,v0.7.0+
oto,/Volumes/Samsam/Public/USIdata/alcoba-development-spolka-z-o-o/first-line-apartamenty/usi_oto_4ryzj.json,2026-05-25T02:06:17.666651,2026-05-25T02:06:17.666653,v0.7.0+
oto,/Volumes/Samsam/Public/USIdata/aldy-development/nowe-osiedle-mojem2-namyslow-centrum/usi_oto_448mG.json,2026-05-25T02:06:17.662822,2026-05-25T02:06:17.662824,v0.7.0+
oto,/Volumes/Samsam/Public/USIdata/aleja-krakowska-develophouse/aleja-krakowska/usi_oto_4ghI6.json,2026-05-25T02:06:17.658610,2026-05-25T02:06:17.658611,v0.7.0+
oto,/Volumes/Samsam/Public/USIdata/aleja-poludniowa-12-sp-zoo/kolobrzeg-dzwirzyno-plaza-gotowe-od-590-tys/usi_oto_4hBvu.json,2026-05-25T02:06:17.653855,2026-05-25T02:06:17.653856,v0.7.0+
oto,/Volumes/Samsam/Public/USIdata/alejawolnosci-pl-goralczyk-spolka-komandytowa/wadowice-park/usi_oto_4AMwx.json,2026-05-25T02:06:17.648995,2026-05-25T02:06:17.648997,v0.7.0+
oto,/Volumes/Samsam/Public/USIdata/alejawolnosci-pl-goralczyk-spolka-komandytowa/wadowice-park/usi_oto_67871619.json,2026-05-25T02:06:17.648995,2026-06-02T11:05:31.946723,v0.7.0+
rp,/Volumes/Samsam/Public/USIdata/alfa-corp/lesna-dolina-iia-gdansk-bretowo/usi_rp_14358.json,2026-05-25T02:06:17.630127,2026-06-02T23:13:16.400544,v0.7.0+
oto,/Volumes/Samsam/Public/USIdata/algro-sp-z-o-o/osiedle-magnoliowe/usi_oto_4AA3b.json,2026-05-25T02:06:17.626402,2026-05-25T02:06:17.626403,v0.7.0+
oto,/Volumes/Samsam/Public/USIdata/algro-sp-z-o-o/osiedle-magnoliowe/usi_oto_67823733.json,2026-05-25T02:06:17.626402,2026-06-02T11:05:55.481946,v0.7.0+
rp,/Volumes/Samsam/Public/USIdata/alia-budownictwo/gora-powstancow-gorzow-wielkopolski/usi_rp_15521.json,2026-05-25T02:06:17.622768,2026-06-02T23:13:16.388562,v0.7.0+
rp,/Volumes/Samsam/Public/USIdata/alides/revola-warszawa-mlynow/usi_rp_20269.json,2026-05-25T02:06:17.618597,2026-06-02T23:13:16.377904,v0.7.0+
oto,/Volumes/Samsam/Public/USIdata/alides-polska-holding/revola/usi_oto_4AYzv.json,2026-05-21T19:16:12.572410,2026-05-24T17:36:19.459026,v0.7.0+
oto,/Volumes/Samsam/Public/USIdata/alides-polska-properties/revola/usi_oto_4AYzv.json,2026-05-25T02:06:17.604271,2026-05-25T02:06:17.604275,v0.7.0+
oto,/Volumes/Samsam/Public/USIdata/alides-polska-properties/revola/usi_oto_67917994.json,2026-05-25T02:06:17.604271,2026-06-02T11:05:15.159066,v0.7.0+
oto,/Volumes/Samsam/Public/USIdata/alides-polska-properties/westo-wola/usi_oto_4AyKB.json,2026-05-25T02:06:17.611932,2026-05-25T02:06:17.611935,v0.7.0+
oto,/Volumes/Samsam/Public/USIdata/alides-polska-properties/westo-wola/usi_oto_67818737.json,2026-05-25T02:06:17.611932,2026-06-02T11:05:57.144578,v0.7.0+
oto,/Volumes/Samsam/Public/USIdata/alkop-deweloper-sp-z-o-o-s-k/inwestycja-osiedle-prymasa-oddana-do-uzytkowania/usi_oto_4jrNs.json,2026-05-25T02:06:17.599149,2026-05-25T02:06:17.599151,v0.7.0+
oto,/Volumes/Samsam/Public/USIdata/allcon/atrium-oliva/usi_oto_4vYC5.json,2026-05-25T02:06:17.576882,2026-05-25T02:06:17.576883,v0.7.0+
oto,/Volumes/Samsam/Public/USIdata/allcon/linea/usi_oto_4fpbL.json,2026-05-25T02:06:17.581465,2026-05-25T02:06:17.581467,v0.7.0+
oto,/Volumes/Samsam/Public/USIdata/allcon/linea-domy/usi_oto_4gefn.json,2026-05-25T02:06:17.584766,2026-05-25T02:06:17.584768,v0.7.0+
oto,/Volumes/Samsam/Public/USIdata/allcon/nowa-dabrowa/usi_oto_4zbgb.json,2026-05-25T02:06:17.587756,2026-05-25T02:06:17.587758,v0.7.0+
oto,/Volumes/Samsam/Public/USIdata/allcon/seahall/usi_oto_4rt3h.json,2026-05-25T02:06:17.591362,2026-05-25T02:06:17.591364,v0.7.0+
oto,/Volumes/Samsam/Public/USIdata/allcon/skycity-gdynia/usi_oto_4yTdu.json,2026-05-25T02:06:17.594621,2026-05-25T02:06:17.594623,v0.7.0+
oto,/Volumes/Samsam/Public/USIdata/allcon-nieruchomosci/linea/usi_oto_4zRGZ.json,2026-05-25T02:06:17.568706,2026-05-25T02:06:17.568709,v0.7.0+
oto,/Volumes/Samsam/Public/USIdata/allcon-nieruchomosci/nowa-dabrowa/usi_oto_4zROG.json,2026-05-25T02:06:17.573871,2026-05-25T02:06:17.573873,v0.7.0+
rp,/Volumes/Samsam/Public/USIdata/allcon-osiedla-sp-z-oo/linea-domy-bud-d-gdansk-jasien/usi_rp_17005.json,2026-05-25T02:06:17.543225,2026-06-02T23:13:16.319202,v0.7.0+
rp,/Volumes/Samsam/Public/USIdata/allcon-osiedla-sp-z-oo/mlyny-gdanskie-gdansk-siedlce/usi_rp_11754.json,2026-05-25T02:06:17.546563,2026-06-02T23:13:16.324975,v0.7.0+
rp,/Volumes/Samsam/Public/USIdata/allcon-osiedla-sp-z-oo/nexo-apartamenty-inwestycyjne-pucki-puck/usi_rp_9571.json,2026-05-25T02:06:17.549637,2026-06-02T23:13:16.334313,v0.7.0+
rp,/Volumes/Samsam/Public/USIdata/allcon-osiedla-sp-z-oo/sceneria-parkowa-gdynia-maly-kack/usi_rp_14438.json,2026-05-25T02:06:17.564065,2026-06-02T23:13:16.368863,v0.7.0+
oto,/Volumes/Samsam/Public/USIdata/allon/osiedle-miedzylesie-przy-strumieniu/usi_oto_4ssaD.json,2026-05-25T02:06:17.534560,2026-05-25T02:06:17.534561,v0.7.0+
oto,/Volumes/Samsam/Public/USIdata/allotment-12-sp-zoo-sk/hunter-development-no-1-w-segmencie-premium/usi_oto_4tJOs.json,2026-05-25T02:06:17.529450,2026-05-25T02:06:17.529452,v0.7.0+
oto,/Volumes/Samsam/Public/USIdata/allotment-12-spolka-z-ograniczona-odpowiedzialnoscia-spolka-komandytowa/hunter-development/usi_oto_4ydAz.json,2026-05-25T02:06:17.521539,2026-05-25T02:06:17.521541,v0.7.0+
oto,/Volumes/Samsam/Public/USIdata/allotment-12-spolka-z-ograniczona-odpowiedzialnoscia-spolka-komandytowa/przedsprzedaz-mieszkania-z-ogrodami-dwie-lazienki-strefa-dla-rodzicow/usi_oto_4B9F9.json,2026-05-25T02:06:17.525802,2026-05-25T02:06:17.525804,v0.7.0+
oto,/Volumes/Samsam/Public/USIdata/allotment-12-spolka-z-ograniczona-odpowiedzialnoscia-spolka-komandytowa/przedsprzedaz-mieszkania-z-ogrodami-dwie-lazienki-strefa-dla-rodzicow/usi_oto_67960627.json,2026-05-25T02:06:17.525802,2026-06-02T11:04:52.829756,v0.7.0+
oto,/Volumes/Samsam/Public/USIdata/aloha-residence/aloha-residence/usi_oto_4jvmI.json,2026-05-25T02:06:17.512897,2026-05-25T02:06:17.512899,v0.7.0+
rp,/Volumes/Samsam/Public/USIdata/alstal-dom-sp-z-oo-sp-k/laurowy-zakatek-bydgoszcz/usi_rp_17768.json,2026-05-25T02:06:17.503829,2026-06-02T23:13:16.286194,v0.7.0+
oto,/Volumes/Samsam/Public/USIdata/alstal-dom-spolka-z-ograniczona-odpowiedzialnoscia/laurowy-zakatek/usi_oto_4yZTZ.json,2026-05-25T02:06:17.496910,2026-05-25T02:06:17.496912,v0.7.0+
oto,/Volumes/Samsam/Public/USIdata/alta-home/osiedle-izabelinska/usi_oto_4tHjW.json,2026-05-25T02:06:17.491568,2026-05-25T02:06:17.491570,v0.7.0+
rp,/Volumes/Samsam/Public/USIdata/am-invest/przystan-zastruze-warszawa-powsin/usi_rp_16297.json,2026-05-25T02:06:17.481975,2026-06-02T23:13:16.268111,v0.7.0+
oto,/Volumes/Samsam/Public/USIdata/am-invest-development/przystan-zastruze/usi_oto_4lMz0.json,2026-05-25T02:06:17.477976,2026-05-25T02:06:17.477978,v0.7.0+
oto,/Volumes/Samsam/Public/USIdata/am-malczewskiego-sp-z-o-o/apartamenty-malczewskiego/usi_oto_4pVpG.json,2026-05-25T02:06:17.473413,2026-05-25T02:06:17.473417,v0.7.0+
oto,/Volumes/Samsam/Public/USIdata/am-wfh/os-sceneria-domy-szeregowe/usi_oto_4iWT0.json,2026-05-25T02:06:17.468638,2026-05-25T02:06:17.468640,v0.7.0+
to,/Volumes/Samsam/Public/USIdata/ama-bud/ogrody-wislane-vi-aluzyjna-12-warszawa-bialoleka-tarchomin-mieszkania-na-sprzedaz/usi_to_9201682.json,2026-05-25T02:05:00.523224,2026-05-25T02:05:00.523228,v0.7.0+
rp,/Volumes/Samsam/Public/USIdata/ama-bud-sp-z-oo/ogrody-wislane-etap-v-warszawa-nowodwory/usi_rp_14709.json,2026-05-25T02:06:17.461115,2026-06-02T23:13:16.250238,v0.7.0+
rp,/Volumes/Samsam/Public/USIdata/ama-bud-sp-z-oo/uroki-miasta-warszawa-nowodwory/usi_rp_14705.json,2026-05-25T02:06:17.465230,2026-06-02T23:13:16.259185,v0.7.0+
rp,/Volumes/Samsam/Public/USIdata/amak-michal-kasprzycki/lidzbark-welski-1-dzialdowski/usi_rp_15619.json,2026-05-25T02:06:17.457479,2026-06-02T23:13:16.241436,v0.7.0+
oto,/Volumes/Samsam/Public/USIdata/amart-development/zielony-trakt/usi_oto_4xBdI.json,2026-05-25T02:06:17.451507,2026-05-25T02:06:17.451510,v0.7.0+
oto,/Volumes/Samsam/Public/USIdata/amart-development-sp-z-o-o/zielony-trakt/usi_oto_4zfV1.json,2026-05-25T02:06:17.445320,2026-05-25T02:06:17.445322,v0.7.0+
oto,/Volumes/Samsam/Public/USIdata/amazing-home-sp-z-o-o/tepsa-kato/usi_oto_4AvNK.json,2026-05-25T02:06:17.440632,2026-05-25T02:06:17.440634,v0.7.0+
rp,/Volumes/Samsam/Public/USIdata/amazing-home-sp-z-oo/tepsa-kato-katowice-srodmiescie/usi_rp_20399.json,2026-06-02T10:52:45.059932,2026-06-02T23:13:16.232456,v0.7.0+
rp,/Volumes/Samsam/Public/USIdata/amb-construction/apartamenty-kameliowa-iv-lublin/usi_rp_18367.json,2026-05-25T02:06:17.436689,2026-06-02T23:13:16.223301,v0.7.0+
oto,/Volumes/Samsam/Public/USIdata/amb-group/apartamenty-kameliowa-v-etap/usi_oto_4ytCe.json,2026-05-25T02:06:17.428223,2026-05-25T02:06:17.428225,v0.7.0+
oto,/Volumes/Samsam/Public/USIdata/amb-group/apartamenty-kameliowa-vi-etap/usi_oto_4AYaT.json,2026-05-25T02:06:17.432902,2026-05-25T02:06:17.432904,v0.7.0+
oto,/Volumes/Samsam/Public/USIdata/amb-group/apartamenty-kameliowa-vi-etap/usi_oto_67916467.json,2026-05-25T02:06:17.432902,2026-06-02T11:05:16.165128,v0.7.0+
oto,/Volumes/Samsam/Public/USIdata/ambud-invest-a-m-ciesluk-spolka-komandytowa/osiedle-gulowska/usi_oto_4nJIz.json,2026-05-25T02:06:17.423687,2026-05-25T02:06:17.423690,v0.7.0+
oto,/Volumes/Samsam/Public/USIdata/amdevelopment-kumek-wzorek-sp-k/sosnkowskiego-6/usi_oto_4sLsh.json,2026-05-25T02:06:17.419561,2026-05-25T02:06:17.419563,v0.7.0+
rp,/Volumes/Samsam/Public/USIdata/american-home/apartamenty-zawada-elblag/usi_rp_16277.json,2026-05-25T02:06:17.411417,2026-06-02T23:13:16.206122,v0.7.0+
oto,/Volumes/Samsam/Public/USIdata/amprojekt-sp-z-o-o/kwitnace-ogrody/usi_oto_4ngY2.json,2026-05-25T02:06:17.396714,2026-05-25T02:06:17.396716,v0.7.0+
oto,/Volumes/Samsam/Public/USIdata/amprojekt-sp-z-o-o/rezydencje-juszkowo/usi_oto_4rsJZ.json,2026-05-25T02:06:17.400478,2026-05-25T02:06:17.400480,v0.7.0+
oto,/Volumes/Samsam/Public/USIdata/amprojekt-sp-z-o-o/symetria-park/usi_oto_4ngXa.json,2026-05-25T02:06:17.403526,2026-05-25T02:06:17.403527,v0.7.0+
rp,/Volumes/Samsam/Public/USIdata/amprojekt-sp-z-oo-sp-k/arkadia-etap-i-gdanski-bakowo/usi_rp_15876.json,2026-05-25T02:06:17.390956,2026-06-02T23:13:16.178459,v0.7.0+
rp,/Volumes/Samsam/Public/USIdata/amprojekt-sp-z-oo-sp-k/arkadia-etap-ii-iii-i-iv-gdanski-bakowo/usi_rp_15877.json,2026-05-25T02:06:17.394038,2026-06-02T23:13:16.187072,v0.7.0+
rp,/Volumes/Samsam/Public/USIdata/amrobud/debowa-aleja-jelenia-gora/usi_rp_15873.json,2026-05-25T02:06:17.387873,2026-06-02T23:13:16.168640,v0.7.0+
rp,/Volumes/Samsam/Public/USIdata/andapi-group/osiedle-flipowka-krzeszowice/usi_rp_20381.json,2026-06-02T10:52:53.537706,2026-06-02T23:13:16.109578,v0.7.0+
rp,/Volumes/Samsam/Public/USIdata/ander-andrzej-nakielski-sp-k/osada-magdalenka-pruszkowski-slomin/usi_rp_18568.json,2026-05-25T02:06:17.359517,2026-06-02T23:13:16.101498,v0.7.0+
oto,/Volumes/Samsam/Public/USIdata/ander-andrzej-nakielski-sp-komandytowa/osada-magdalenka/usi_oto_4kog7.json,2026-05-25T02:06:17.354667,2026-05-25T02:06:17.354669,v0.7.0+
rp,/Volumes/Samsam/Public/USIdata/angel-poland-group/angel-city-wroclaw-wroclaw-krzyki-przedmiescie-olawskie/usi_rp_10558.json,2026-05-25T02:06:17.332485,2026-06-02T23:13:16.050761,v0.7.0+
rp,/Volumes/Samsam/Public/USIdata/ango-development/bulwar-bud-2-olsztynski-bartag/usi_rp_19423.json,2026-05-25T02:06:17.308095,2026-06-02T23:13:15.997278,v0.7.0+
rp,/Volumes/Samsam/Public/USIdata/ango-development/bulwar-bud-3-olsztynski-bartag/usi_rp_16926.json,2026-05-25T02:06:17.312113,2026-06-02T23:13:16.005453,v0.7.0+
rp,/Volumes/Samsam/Public/USIdata/ango-development/bulwar-olsztynski-bartag/usi_rp_16141.json,2026-05-25T02:06:17.315383,2026-06-02T23:13:16.013098,v0.7.0+
rp,/Volumes/Samsam/Public/USIdata/ango-development/morenowa-olsztynski-bartag/usi_rp_15415.json,2026-05-25T02:06:17.318533,2026-06-02T23:13:16.020297,v0.7.0+
rp,/Volumes/Samsam/Public/USIdata/ango-development/nowe-jaroty-olsztyn/usi_rp_6566.json,2026-05-25T02:06:17.322492,2026-06-02T23:13:16.027644,v0.7.0+
rp,/Volumes/Samsam/Public/USIdata/ango-development/nowy-bartag-olsztynski-bartag/usi_rp_10634.json,2026-05-25T02:06:17.325344,2026-06-02T23:13:16.033476,v0.7.0+
oto,/Volumes/Samsam/Public/USIdata/ango-development-sp-z-o-o/osiedle-bulwar/usi_oto_4mnbg.json,2026-05-25T02:06:17.304253,2026-05-25T02:06:17.304254,v0.7.0+
rp,/Volumes/Samsam/Public/USIdata/animusz/gajowe-zacisze-krakowski-wlosan/usi_rp_17671.json,2026-05-25T02:06:17.300993,2026-06-02T23:13:15.989785,v0.7.0+
rp,/Volumes/Samsam/Public/USIdata/anna-bud-bis-spolka-z-ograniczona-odpowiedzialnoscia-spk/sowia-park-kielce/usi_rp_15346.json,2026-05-25T02:06:17.297364,2026-06-02T23:13:15.980467,v0.7.0+
oto,/Volumes/Samsam/Public/USIdata/antczak-solacz/drzymaly-17/usi_oto_4oy3e.json,2026-05-25T02:06:17.294045,2026-05-25T02:06:17.294047,v0.7.0+
rp,/Volumes/Samsam/Public/USIdata/anteris-sp-z-oo-sp-k/ostoja-dlugosza-apartamenty-pruszkow/usi_rp_14926.json,2026-05-25T02:06:17.281494,2026-06-02T23:13:15.954678,v0.7.0+
oto,/Volumes/Samsam/Public/USIdata/antrans-invest/drago/usi_oto_4yAWH.json,2026-05-25T02:06:17.256313,2026-05-25T02:06:17.256315,v0.7.0+
oto,/Volumes/Samsam/Public/USIdata/antrans-invest/osiedle-saturna/usi_oto_4A6oK.json,2026-05-25T02:06:17.261293,2026-05-25T02:06:17.261294,v0.7.0+
oto,/Volumes/Samsam/Public/USIdata/antrans-invest/vidok/usi_oto_4xhes.json,2026-05-25T02:06:17.265251,2026-05-25T02:06:17.265252,v0.7.0+
oto,/Volumes/Samsam/Public/USIdata/antrans-invest/welnowe-apartamenty/usi_oto_4ftVc.json,2026-05-25T02:06:17.269138,2026-05-25T02:06:17.269140,v0.7.0+
oto,/Volumes/Samsam/Public/USIdata/antrans-invest/zagorskie-tarasy/usi_oto_4yBrR.json,2026-05-25T02:06:17.276351,2026-05-25T02:06:17.276352,v0.7.0+
oto,/Volumes/Samsam/Public/USIdata/antrans-invest-sp-z-o-o/apartamenty-welnowe/usi_oto_4tRkg.json,2026-05-25T02:06:17.246288,2026-05-25T02:06:17.246290,v0.7.0+
oto,/Volumes/Samsam/Public/USIdata/antrans-invest-sp-z-o-o/vidok-katowice/usi_oto_4wTbM.json,2026-05-25T02:06:17.251339,2026-05-25T02:06:17.251341,v0.7.0+
rp,/Volumes/Samsam/Public/USIdata/antrans-invest-sp-z-oo/nowy-pekin-etap-ii-sosnowiec/usi_rp_14101.json,2026-05-25T02:06:17.237948,2026-06-02T23:13:15.931096,v0.7.0+
rp,/Volumes/Samsam/Public/USIdata/antrans-invest-sp-z-oo/zacisze-biema-olkusz/usi_rp_13972.json,2026-05-25T02:06:17.243131,2026-06-02T23:13:15.947260,v0.7.0+
oto,/Volumes/Samsam/Public/USIdata/ap-invest-deweloper-sp-z-o-o/apartamenty-lipska-gora-tarasy-dachowe-widok-premium-lubliniec/usi_oto_4Bsi1.json,2026-05-25T02:06:17.221471,2026-05-25T02:06:17.221472,v0.7.0+
oto,/Volumes/Samsam/Public/USIdata/ap-invest-deweloper-sp-z-o-o/apartamenty-lipska-gora-tarasy-dachowe-widok-premium-lubliniec/usi_oto_68032229.json,2026-05-25T02:06:17.221471,2026-06-02T11:04:13.142097,v0.7.0+
rp,/Volumes/Samsam/Public/USIdata/apart-invest-nieruchomosci/apartamenty-na-uroczysku-karkonoski-szklarska-poreba/usi_rp_11871.json,2026-05-25T02:06:17.217880,2026-06-02T23:13:15.893362,v0.7.0+
rp,/Volumes/Samsam/Public/USIdata/apartado-sp-z-oo-sp-k/bona-prestige-apartamenty-etap-ii-swiecie/usi_rp_15508.json,2026-05-25T02:06:17.211865,2026-06-02T23:13:15.876243,v0.7.0+
rp,/Volumes/Samsam/Public/USIdata/apartado-sp-z-oo-sp-k/bona-prestige-apartamenty-swiecie/usi_rp_15507.json,2026-05-25T02:06:17.215284,2026-06-02T23:13:15.885217,v0.7.0+
rp,/Volumes/Samsam/Public/USIdata/apartamenty-a-z-sp-z-oo/osiedle-villa-romanow-lodz-baluty-zachodnie/usi_rp_14176.json,2026-05-25T02:06:17.208471,2026-06-02T23:13:15.866917,v0.7.0+
oto,/Volumes/Samsam/Public/USIdata/apartamenty-czaplaka/apartamenty-czaplaka/usi_oto_4y9t9.json,2026-05-25T02:06:17.204519,2026-05-25T02:06:17.204521,v0.7.0+
oto,/Volumes/Samsam/Public/USIdata/apartamenty-czarnoleska/apartamenty-czarnoleska/usi_oto_4tqtB.json,2026-05-25T02:06:17.198366,2026-05-25T02:06:17.198367,v0.7.0+
oto,/Volumes/Samsam/Public/USIdata/apartamenty-gdynska/apartamenty-gdynska/usi_oto_4pSqW.json,2026-05-25T02:06:17.193515,2026-05-25T02:06:17.193517,v0.7.0+
rp,/Volumes/Samsam/Public/USIdata/apartamenty-jagiellonskie-sp-z-oo/apartamenty-jagiellonskie-etap-vi-bialystok/usi_rp_15867.json,2026-05-25T02:06:17.189691,2026-06-02T23:13:15.857937,v0.7.0+
rp,/Volumes/Samsam/Public/USIdata/apartamenty-juno/juno-lake-ii-mragowo/usi_rp_15026.json,2026-05-25T02:06:17.181084,2026-06-02T23:13:15.848363,v0.7.0+
oto,/Volumes/Samsam/Public/USIdata/apartamenty-kolberga-invest-sp-z-o-o/srodmiescie-apartamenty-kolberga-ii-kolberga-pl/usi_oto_4sZ1C.json,2026-05-25T02:06:17.148593,2026-05-25T02:06:17.148594,v0.7.0+
oto,/Volumes/Samsam/Public/USIdata/apartamenty-nowy-swiat-32/apartamenty-nowy-swiat-32/usi_oto_4Bsts.json,2026-05-25T02:06:17.136945,2026-05-25T02:06:17.136947,v0.7.0+
oto,/Volumes/Samsam/Public/USIdata/apartamenty-nowy-swiat-32/apartamenty-nowy-swiat-32/usi_oto_68032938.json,2026-05-25T02:06:17.136945,2026-06-02T11:04:12.538891,v0.7.0+
rp,/Volumes/Samsam/Public/USIdata/apartamenty-plus-sp-z-oo/kompleks-senioralny-ostoja-seniora-lodz-baluty-zachodnie/usi_rp_15810.json,2026-05-25T02:06:17.126313,2026-06-02T23:13:15.833644,v0.7.0+
oto,/Volumes/Samsam/Public/USIdata/apartamenty-pluznicka-nowe-mieszkania-w-warszawie/apartamenty-pluznicka-nowe-mieszkania-w-warszawie/usi_oto_4sobb.json,2026-05-25T02:06:17.120654,2026-05-25T02:06:17.120656,v0.7.0+
oto,/Volumes/Samsam/Public/USIdata/apartamenty-pluznicka-nowe-mieszkania-w-warszawie/apartamenty-potulickiego-w-centrum-pruszkowa/usi_oto_4sG3v.json,2026-05-25T02:06:17.122741,2026-05-25T02:06:17.122742,v0.7.0+
oto,/Volumes/Samsam/Public/USIdata/apartamenty-pluznicka-nowe-mieszkania-w-warszawie/mackowy-potok-nowe-gotowe-mieszkania-w-gdansku/usi_oto_4so4z.json,2026-05-25T02:06:17.124528,2026-05-25T02:06:17.124530,v0.7.0+
oto,/Volumes/Samsam/Public/USIdata/apartamenty-pszczynska-sp-z-o-o/apartamenty-pszczynska/usi_oto_4AA4f.json,2026-05-25T02:06:17.115792,2026-05-25T02:06:17.115794,v0.7.0+
oto,/Volumes/Samsam/Public/USIdata/apartamenty-pszczynska-sp-z-o-o/apartamenty-pszczynska/usi_oto_67823799.json,2026-05-25T02:06:17.115792,2026-06-02T11:05:54.996847,v0.7.0+
oto,/Volumes/Samsam/Public/USIdata/apartamenty-sosnowe-zacisze-spolka-z-ograniczona-odpowiedzialnoscia/apartamenty-sosnowe-zacisze/usi_oto_4rMZx.json,2026-05-25T02:06:17.111822,2026-05-25T02:06:17.111823,v0.7.0+
rp,/Volumes/Samsam/Public/USIdata/apartamenty-tatarska-4-sp-z-oo-sp-k/apartamenty-tatarska-4-przemysl/usi_rp_14036.json,2026-05-25T02:06:17.108548,2026-06-02T23:13:15.825163,v0.7.0+
oto,/Volumes/Samsam/Public/USIdata/apartamenty-villowe-sp-z-o-o/apartamenty-villowe-etap-1-i-2/usi_oto_2ZHzG.json,2026-05-25T02:06:17.104318,2026-05-25T02:06:17.104320,v0.7.0+
oto,/Volumes/Samsam/Public/USIdata/apartamenty-wyscigowa/apartamenty-wyscigowa/usi_oto_4o8JM.json,2026-05-25T02:06:17.100125,2026-05-25T02:06:17.100126,v0.7.0+
oto,/Volumes/Samsam/Public/USIdata/apartamenty-zywiec-sp-z-o-o/osiedle-wierzbowe-ii/usi_oto_4zoUS.json,2026-05-25T02:06:17.096311,2026-05-25T02:06:17.096313,v0.7.0+
oto,/Volumes/Samsam/Public/USIdata/apartdevelopment-sp-z-o-o/apartamenty-reymonta-4-w-pulawach-w-realizacji/usi_oto_4nDqQ.json,2026-05-25T02:06:17.092094,2026-05-25T02:06:17.092095,v0.7.0+
to,/Volumes/Samsam/Public/USIdata/apartment/trakt-krolewski-budynek-d-mikolaja-reja-9-grojec-mieszkania-na-sprzedaz/usi_to_9213630.json,2026-05-25T02:05:00.503187,2026-05-25T02:05:00.503189,v0.7.0+
rp,/Volumes/Samsam/Public/USIdata/apartment-sp-z-oo/mszczonowska-19-grojec/usi_rp_15942.json,2026-05-25T02:06:17.083638,2026-06-02T23:13:15.810361,v0.7.0+
rp,/Volumes/Samsam/Public/USIdata/apartment-sp-z-oo/osiedle-przy-parku-etap-i-grojec/usi_rp_14808.json,2026-05-25T02:06:17.087958,2026-06-02T23:13:15.816592,v0.7.0+
rp,/Volumes/Samsam/Public/USIdata/aparton-grupa-deweloperska/formula-aparton-bud-d-plock/usi_rp_16266.json,2026-05-25T02:06:17.078249,2026-06-02T23:13:15.802291,v0.7.0+
oto,/Volumes/Samsam/Public/USIdata/aparton-grupa-deweloperska-sp-z-o-o-sp-k/nowoczesny-apartamentowiec-kaskada/usi_oto_4sluW.json,2026-05-25T02:06:17.073912,2026-05-25T02:06:17.073913,v0.7.0+
oto,/Volumes/Samsam/Public/USIdata/aparton-sp-z-o-o-sp-k/promenada-wrzesnia/usi_oto_4y8ie.json,2026-05-25T02:06:17.069195,2026-05-25T02:06:17.069196,v0.7.0+
rp,/Volumes/Samsam/Public/USIdata/aparton-sp-z-oo-sp-k/fort-gorczyn-etap-ii-poznan-gorczyn/usi_rp_16805.json,2026-05-25T02:06:17.059470,2026-06-02T23:13:15.775692,v0.7.0+
rp,/Volumes/Samsam/Public/USIdata/aparton-sp-z-oo-sp-k/fort-gorczyn-etap-iii-poznan-gorczyn/usi_rp_16806.json,2026-05-25T02:06:17.063492,2026-06-02T23:13:15.785943,v0.7.0+
rp,/Volumes/Samsam/Public/USIdata/apartrade-grupa-deweloperska/nasza-strefa-gdanski-borkowo/usi_rp_14637.json,2026-05-25T02:06:17.053884,2026-06-02T23:13:15.766741,v0.7.0+
rp,/Volumes/Samsam/Public/USIdata/apartus-development-sp-z-oo-sp-k/koszycka-9-warszawa-kolo/usi_rp_17866.json,2026-05-25T02:06:17.049705,2026-06-02T23:13:15.760056,v0.7.0+
rp,/Volumes/Samsam/Public/USIdata/apartus-properties-sp-z-oo/apartamenty-polnocna-etap-ii-lublin/usi_rp_16349.json,2026-05-25T02:06:17.041251,2026-06-02T23:13:15.743546,v0.7.0+
rp,/Volumes/Samsam/Public/USIdata/apartus-properties-sp-z-oo/apartamenty-polnocna-lublin/usi_rp_13337.json,2026-05-25T02:06:17.045939,2026-06-02T23:13:15.750937,v0.7.0+
oto,/Volumes/Samsam/Public/USIdata/api-test/test5/usi_oto_4tKD1.json,2026-05-25T02:06:17.025160,2026-05-25T02:06:17.025162,v0.7.0+
rp,/Volumes/Samsam/Public/USIdata/apklan/olszynki-park-rzeszow/usi_rp_13651.json,2026-05-25T02:06:17.012868,2026-06-02T23:13:15.718601,v0.7.0+
rp,/Volumes/Samsam/Public/USIdata/apklan/panska-park-rzeszow/usi_rp_18525.json,2026-05-25T02:06:17.017334,2026-06-02T23:13:15.726419,v0.7.0+
rp,/Volumes/Samsam/Public/USIdata/apklan/wieniawskiego-etap-iv-rzeszow/usi_rp_14148.json,2026-05-25T02:06:17.021446,2026-06-02T23:13:15.735865,v0.7.0+
oto,/Volumes/Samsam/Public/USIdata/apm-development/nowy-marysin-vii/usi_oto_4qv8A.json,2026-05-25T02:06:17.007605,2026-05-25T02:06:17.007607,v0.7.0+
rp,/Volumes/Samsam/Public/USIdata/apm-development-sp-z-oo/apartamenty-nowy-marysin-iva-warszawa-wawer-marysin-wawerski/usi_rp_11956.json,2026-05-25T02:05:00.488921,2026-06-02T23:13:15.642830,v0.7.0+
rp,/Volumes/Samsam/Public/USIdata/apm-development-sp-z-oo/apartamenty-nowy-marysin-via-warszawa-wawer-marysin-wawerski/usi_rp_12290.json,2026-05-25T02:05:00.493122,2026-06-02T23:13:15.652488,v0.7.0+
rp,/Volumes/Samsam/Public/USIdata/apm-development-sp-z-oo/apartamenty-nowy-marysin-warszawa-wawer-marysin-wawerski/usi_rp_9673.json,2026-05-25T02:05:00.495933,2026-06-02T23:13:15.678132,v0.7.0+
oto,/Volumes/Samsam/Public/USIdata/apm-management-2-spolka-z-ograniczona-odpowiedzialnoscia/bartycka-85a/usi_oto_4yyA9.json,2026-05-25T02:06:16.969757,2026-05-25T02:06:16.969759,v0.7.0+
oto,/Volumes/Samsam/Public/USIdata/apricot/witosa-park/usi_oto_4u8Fl.json,2026-05-25T02:06:16.964931,2026-05-25T02:06:16.964933,v0.7.0+
rp,/Volumes/Samsam/Public/USIdata/apro-investment-sp-z-oo/osiedle-4-pory-roku-etap-v-torun/usi_rp_14239.json,2026-05-25T02:06:16.947006,2026-06-02T23:13:15.593385,v0.7.0+
rp,/Volumes/Samsam/Public/USIdata/apro-investment-sp-z-oo/osiedle-4-pory-roku-etap-vi-torun/usi_rp_16791.json,2026-05-25T02:06:16.950765,2026-06-02T23:13:15.603190,v0.7.0+
rp,/Volumes/Samsam/Public/USIdata/apro-investment-sp-z-oo/osiedle-podniebne-ogrody-ii-bydgoszcz/usi_rp_14195.json,2026-05-25T02:06:16.959490,2026-06-02T23:13:15.626009,v0.7.0+
rp,/Volumes/Samsam/Public/USIdata/apro-investment-sp-z-oo/wspolnota-mieszkaniowa-gajowa-72-bydgoszcz/usi_rp_14669.json,2026-05-25T02:06:16.962251,2026-06-02T23:13:15.633799,v0.7.0+
oto,/Volumes/Samsam/Public/USIdata/aqua-marina/aqua-marina/usi_oto_4vO0B.json,2026-05-25T02:06:16.925042,2026-05-25T02:06:16.925044,v0.7.0+
to,/Volumes/Samsam/Public/USIdata/aquamarina/apartamenty-aqua-marina-wodna-smardzewice-mieszkania-na-sprzedaz/usi_to_9190166.json,2026-05-25T02:05:00.482626,2026-05-25T02:05:00.482628,v0.7.0+
oto,/Volumes/Samsam/Public/USIdata/aras-5-sp-zo-o-spolka-komandytowa/segmenty-bezczynszowe-wawer-duze-ogrodki/usi_oto_4aX2K.json,2026-05-25T02:06:16.908898,2026-05-25T02:06:16.908900,v0.7.0+
oto,/Volumes/Samsam/Public/USIdata/aras-5-sp-zo-o-spolka-komandytowa/sulejowek-malego-ksiecia/usi_oto_4seD3.json,2026-05-25T02:06:16.912231,2026-05-25T02:06:16.912232,v0.7.0+
oto,/Volumes/Samsam/Public/USIdata/arbet-investment-group-sp-z-o-o/osiedle-lesna-2/usi_oto_47LzG.json,2026-05-25T02:06:16.898337,2026-05-25T02:06:16.898338,v0.7.0+
oto,/Volumes/Samsam/Public/USIdata/arbet-investment-group-sp-z-o-o/warszawska99/usi_oto_4nsXk.json,2026-05-25T02:06:16.902819,2026-05-25T02:06:16.902820,v0.7.0+
oto,/Volumes/Samsam/Public/USIdata/arbet-investment-group-sp-z-o-o/wyszynskiego-pstrowskiego/usi_oto_4t2fd.json,2026-05-25T02:06:16.905957,2026-05-25T02:06:16.905959,v0.7.0+
rp,/Volumes/Samsam/Public/USIdata/arbet-investment-group-sp-z-oo/osiedle-ludova-biskupiec/usi_rp_15607.json,2026-05-25T02:06:16.895041,2026-06-02T23:13:15.515139,v0.7.0+
oto,/Volumes/Samsam/Public/USIdata/arbud/zielona-przystan/usi_oto_4Aowq.json,2026-05-25T02:06:16.889791,2026-05-25T02:06:16.889793,v0.7.0+
rp,/Volumes/Samsam/Public/USIdata/arbud-jerzy-arasimowicz/osiedle-zielona-etap-iii-marki/usi_rp_15018.json,2026-05-25T02:06:16.886094,2026-06-02T23:13:15.505092,v0.7.0+
rp,/Volumes/Samsam/Public/USIdata/arbud-plus/sarbinove-koszalinski-sarbinowo/usi_rp_17744.json,2026-05-25T02:06:16.881706,2026-06-02T23:13:15.489037,v0.7.0+
oto,/Volumes/Samsam/Public/USIdata/arch-development-s-a/jachowicza-park/usi_oto_4vGcj.json,2026-05-25T02:06:16.877676,2026-05-25T02:06:16.877679,v0.7.0+
oto,/Volumes/Samsam/Public/USIdata/arche/arche-dwor-bojarow-otwock/usi_oto_4zsNe.json,2026-05-25T02:06:16.859310,2026-05-25T02:06:16.859314,v0.7.0+
oto,/Volumes/Samsam/Public/USIdata/arche/byslawska/usi_oto_4jMfe.json,2026-05-25T02:06:16.864244,2026-05-25T02:06:16.864246,v0.7.0+
oto,/Volumes/Samsam/Public/USIdata/arche/osiedle-polnych-kwiatow/usi_oto_4zsPs.json,2026-05-25T02:06:16.867642,2026-05-25T02:06:16.867644,v0.7.0+
oto,/Volumes/Samsam/Public/USIdata/arche/tobaco-park-ii/usi_oto_4ztfn.json,2026-05-25T02:06:16.871189,2026-05-25T02:06:16.871191,v0.7.0+
oto,/Volumes/Samsam/Public/USIdata/arche/willa-kasprowicza/usi_oto_4jMfF.json,2026-05-25T02:06:16.874443,2026-05-25T02:06:16.874445,v0.7.0+
rp,/Volumes/Samsam/Public/USIdata/arche-sp-z-oo/byslawska-warszawa-falenica/usi_rp_13909.json,2026-05-25T02:06:16.837710,2026-06-02T23:13:15.449099,v0.7.0+
rp,/Volumes/Samsam/Public/USIdata/archi-blok-adam-swierczek-i-wspolnicy/enklawa-zwierzyniec-krakow-zwierzyniec/usi_rp_18234.json,2026-05-25T02:06:16.830611,2026-06-02T23:13:15.430169,v0.7.0+
rp,/Volumes/Samsam/Public/USIdata/archi-inwest-spj-aswierczek-scalka/mieszkania-stanislawice-bochenski-stanislawice/usi_rp_15718.json,2026-05-25T02:06:16.827324,2026-06-02T23:13:15.421014,v0.7.0+
rp,/Volumes/Samsam/Public/USIdata/archi-tec-projekty/osiedle-stara-cegielnia-aleksandrow-kujawski/usi_rp_15501.json,2026-05-25T02:06:16.824107,2026-06-02T23:13:15.412549,v0.7.0+
oto,/Volumes/Samsam/Public/USIdata/archicom/29-l/usi_oto_4AEY6.json,2026-05-25T02:06:16.781744,2026-05-25T02:06:16.781746,v0.7.0+
oto,/Volumes/Samsam/Public/USIdata/archicom/29-l/usi_oto_67842638.json,2026-05-25T02:06:16.781744,2026-06-02T11:05:42.666068,v0.7.0+
oto,/Volumes/Samsam/Public/USIdata/archicom/29l/usi_oto_4A4ys.json,2026-05-25T02:06:16.785796,2026-05-25T02:06:16.785798,v0.7.0+
oto,/Volumes/Samsam/Public/USIdata/archicom/29l-apartamenty-inwestycyjne/usi_oto_4A4yr.json,2026-05-25T02:06:16.789596,2026-05-25T02:06:16.789598,v0.7.0+
oto,/Volumes/Samsam/Public/USIdata/archicom/apartamenty-esencja-ii/usi_oto_4yiPq.json,2026-05-25T02:06:16.792943,2026-05-25T02:06:16.792944,v0.7.0+
oto,/Volumes/Samsam/Public/USIdata/archicom/bociana-5/usi_oto_4A4Xu.json,2026-05-25T02:06:16.796656,2026-05-25T02:06:16.796658,v0.7.0+
oto,/Volumes/Samsam/Public/USIdata/archicom/gwarna/usi_oto_4t2qp.json,2026-05-25T02:06:16.800115,2026-05-25T02:06:16.800116,v0.7.0+
oto,/Volumes/Samsam/Public/USIdata/archicom/lea-spot-lokale-inwestycyjne/usi_oto_4A4KM.json,2026-05-25T02:06:16.802985,2026-05-25T02:06:16.802987,v0.7.0+
oto,/Volumes/Samsam/Public/USIdata/archicom/mikato/usi_oto_4A4oK.json,2026-05-25T02:06:16.806326,2026-05-25T02:06:16.806329,v0.7.0+
oto,/Volumes/Samsam/Public/USIdata/archicom/modern-mokotow/usi_oto_4Ae2x.json,2026-05-25T02:06:16.810727,2026-05-25T02:06:16.810729,v0.7.0+
oto,/Volumes/Samsam/Public/USIdata/archicom/przystan-reymonta/usi_oto_4sSdE.json,2026-05-25T02:06:16.814184,2026-05-25T02:06:16.814185,v0.7.0+
oto,/Volumes/Samsam/Public/USIdata/archicom/sady-nad-zielona/usi_oto_4cfCb.json,2026-05-25T02:06:16.817538,2026-05-25T02:06:16.817540,v0.7.0+
oto,/Volumes/Samsam/Public/USIdata/archicom/wieza-jezyce/usi_oto_4umkA.json,2026-05-25T02:06:16.820591,2026-05-25T02:06:16.820593,v0.7.0+
oto,/Volumes/Samsam/Public/USIdata/archicom/zenit/usi_oto_4AkVY.json,2026-05-25T02:05:00.470959,2026-05-25T02:05:00.470963,v0.7.0+
oto,/Volumes/Samsam/Public/USIdata/archicom-s-a/mikato-w-sercu-miasta/usi_oto_4xgjE.json,2026-05-25T02:06:16.776557,2026-05-25T02:06:16.776560,v0.7.0+
rp,/Volumes/Samsam/Public/USIdata/archicom-sa/czwarty-wymiar-wroclaw-fabryczna-zerniki/usi_rp_10536.json,2026-05-25T02:06:16.607340,2026-06-02T23:13:14.969353,v0.7.0+
oto,/Volumes/Samsam/Public/USIdata/archicom-sa/gotowe-mieszkania-na-kepie-mieszczanskiej/usi_oto_4sxPd.json,2026-05-25T02:06:16.632099,2026-05-25T02:06:16.632101,v0.7.0+
rp,/Volumes/Samsam/Public/USIdata/archicom-sa/sady-nad-zielona-wroclaw-krzyki-ksieze-male/usi_rp_13456.json,2026-05-25T02:06:16.713601,2026-06-02T23:13:15.177708,v0.7.0+
rp,/Volumes/Samsam/Public/USIdata/archicom-sa/wieza-jezyce-etap-iv-poznan-osiedle-jezyce/usi_rp_20220.json,2026-05-25T02:06:16.744887,2026-06-02T23:13:15.263040,v0.7.0+
rp,/Volumes/Samsam/Public/USIdata/archicorp/sunday-resort-ustronie-morskie-ii-kolobrzeski-ustronie-morskie/usi_rp_19018.json,2026-05-25T02:06:16.566113,2026-06-02T23:13:14.714712,v0.7.0+
oto,/Volumes/Samsam/Public/USIdata/architecture-vento/weduta-krakowa/usi_oto_4zcCn.json,2026-05-25T02:06:16.555462,2026-05-25T02:06:16.555464,v0.7.0+
oto,/Volumes/Samsam/Public/USIdata/architektura-sp-z-o-o/apartamenty-klonowa/usi_oto_4zoF8.json,2026-05-25T02:06:16.548380,2026-05-25T02:06:16.548383,v0.7.0+
rp,/Volumes/Samsam/Public/USIdata/ard/apartamenty-na-chopina-ii-etap-bydgoszcz/usi_rp_14459.json,2026-05-25T02:06:16.543256,2026-06-02T23:13:14.539723,v0.7.0+
oto,/Volumes/Samsam/Public/USIdata/ardekon-spolka-z-ograniczona-odpowiedzialnoscia-sp-k/moderno-lobzow/usi_oto_4pPWb.json,2026-05-25T02:06:16.533089,2026-05-25T02:06:16.533093,v0.7.0+
rp,/Volumes/Samsam/Public/USIdata/area-development/cisha-apartamenty-dziwnow-dziwnow/usi_rp_17162.json,2026-05-25T02:06:16.479517,2026-06-02T23:13:14.340120,v0.7.0+
oto,/Volumes/Samsam/Public/USIdata/area-development/cisha-dziwnow/usi_oto_4Agp5.json,2026-05-25T02:06:16.483598,2026-05-25T02:06:16.483600,v0.7.0+
oto,/Volumes/Samsam/Public/USIdata/area-development/morzlive-etap-ii/usi_oto_4AkaF.json,2026-05-25T02:06:16.487168,2026-05-25T02:06:16.487169,v0.7.0+
rp,/Volumes/Samsam/Public/USIdata/area-development/morzlive-kolobrzeski-ustronie-morskie/usi_rp_15788.json,2026-05-25T02:06:16.490373,2026-06-02T23:13:14.460713,v0.7.0+
oto,/Volumes/Samsam/Public/USIdata/area-development/morzlive-ustronie-morskie/usi_oto_4ksNq.json,2026-05-25T02:06:16.494916,2026-05-25T02:06:16.494918,v0.7.0+
rp,/Volumes/Samsam/Public/USIdata/area-development/murawa-2-poznan-stare-winogrady/usi_rp_15782.json,2026-05-25T02:06:16.497895,2026-06-02T23:13:14.488952,v0.7.0+
rp,/Volumes/Samsam/Public/USIdata/area-development/nowy-strzeszyn-etap-iii-poznan-strzeszyn/usi_rp_14125.json,2026-05-25T02:06:16.501268,2026-06-02T23:13:14.496921,v0.7.0+
rp,/Volumes/Samsam/Public/USIdata/area-development/nowy-strzeszyn-poznan-jezyce-strzeszyn/usi_rp_10555.json,2026-05-25T02:06:16.504653,2026-06-02T23:13:14.504979,v0.7.0+
oto,/Volumes/Samsam/Public/USIdata/area-development/palacza-97/usi_oto_4tEIV.json,2026-05-25T02:06:16.507730,2026-05-25T02:06:16.507731,v0.7.0+
rp,/Volumes/Samsam/Public/USIdata/area-development/siedem-domow-poznan-podolany/usi_rp_15881.json,2026-05-25T02:06:16.528083,2026-06-02T23:13:14.520676,v0.7.0+
oto,/Volumes/Samsam/Public/USIdata/arfa-invest/green-square-apartments/usi_oto_4m2Xq.json,2026-05-25T02:06:16.476071,2026-05-25T02:06:16.476073,v0.7.0+
oto,/Volumes/Samsam/Public/USIdata/argali-development/skorupki-piastow/usi_oto_4AFJ5.json,2026-05-25T02:06:16.471382,2026-05-25T02:06:16.471385,v0.7.0+
rp,/Volumes/Samsam/Public/USIdata/argali-sp-z-oo/witosa-33-piastow/usi_rp_15396.json,2026-05-25T02:06:16.466754,2026-06-02T23:13:14.330136,v0.7.0+
oto,/Volumes/Samsam/Public/USIdata/argos-inwest/osada-kamieniec/usi_oto_4xFE1.json,2026-05-25T02:06:16.461936,2026-05-25T02:06:16.461938,v0.7.0+
oto,/Volumes/Samsam/Public/USIdata/aria-7-spolka-z-ograniczona-odpowiedzialnoscia/aria-7-dawidy-bankowe/usi_oto_4g3yh.json,2026-05-25T02:06:16.456922,2026-05-25T02:06:16.456924,v0.7.0+
rp,/Volumes/Samsam/Public/USIdata/aria-wrc-development-sp-z-oo-sp-k/osiedle-natura-ii-etap-ii-legionowski-wieliszew/usi_rp_14805.json,2026-05-25T02:06:16.453870,2026-06-02T23:13:14.321261,v0.7.0+
rp,/Volumes/Samsam/Public/USIdata/aries-residence-karpacz-sp-z-o-o/aries-residence-karpacz-karpacz/usi_rp_16597.json,2026-05-25T02:06:16.446568,2026-06-02T23:13:14.304520,v0.7.0+
rp,/Volumes/Samsam/Public/USIdata/arkada-invest-sp-z-oo/nowe-flisy-ii-bydgoszcz/usi_rp_17918.json,2026-05-25T02:06:16.441234,2026-06-02T23:13:14.287460,v0.7.0+
rp,/Volumes/Samsam/Public/USIdata/arkada-invest-sp-z-oo/osiedle-fordom-etap-ii-bydgoszcz/usi_rp_16698.json,2026-05-25T02:06:16.444042,2026-06-02T23:13:14.295934,v0.7.0+
rp,/Volumes/Samsam/Public/USIdata/arkadia-broker/makowej-panienki-poznan-lawica/usi_rp_15287.json,2026-05-25T02:06:16.430130,2026-06-02T23:13:14.237180,v0.7.0+
rp,/Volumes/Samsam/Public/USIdata/arkadia-broker/osiedle-bliskie-zawady-etap-ii-poznan-glowna/usi_rp_15286.json,2026-05-25T02:06:16.434495,2026-06-02T23:13:14.265528,v0.7.0+
oto,/Volumes/Samsam/Public/USIdata/arkadia-deweloper/osiedle-bliskie-zawady/usi_oto_4eIUf.json,2026-05-25T02:06:16.426015,2026-05-25T02:06:16.426017,v0.7.0+
rp,/Volumes/Samsam/Public/USIdata/arkadia-park/incity-zielona-gora/usi_rp_20247.json,2026-05-25T02:06:16.414956,2026-06-02T23:13:14.204335,v0.7.0+
rp,/Volumes/Samsam/Public/USIdata/arkadia-park/osiedle-6-dzielnica-nowa-sol/usi_rp_15536.json,2026-05-25T02:06:16.422100,2026-06-02T23:13:14.214669,v0.7.0+
oto,/Volumes/Samsam/Public/USIdata/arkadia-park-deweloper/z87-etap-i/usi_oto_4Arm4.json,2026-05-25T02:06:16.408987,2026-05-25T02:06:16.408989,v0.7.0+
rp,/Volumes/Samsam/Public/USIdata/arkon-inwestycje/nova-jurajska-krakowski-modlnica/usi_rp_17715.json,2026-05-25T02:06:16.404461,2026-06-02T23:13:14.193674,v0.7.0+
to,/Volumes/Samsam/Public/USIdata/arkop/osiedle-lissa-eluarda-61-73-wroclaw-lesnica-mieszkania-na-sprzedaz/usi_to_9206556.json,2026-05-25T02:05:00.435632,2026-05-25T02:05:00.435634,v0.7.0+
oto,/Volumes/Samsam/Public/USIdata/arkop-deweloper/centro-domini/usi_oto_4scUc.json,2026-05-25T02:06:16.360187,2026-05-25T02:06:16.360188,v0.7.0+
oto,/Volumes/Samsam/Public/USIdata/arkop-deweloper/osiedle-contigo/usi_oto_4iFHh.json,2026-05-25T02:06:16.370624,2026-05-25T02:06:16.370626,v0.7.0+
rp,/Volumes/Samsam/Public/USIdata/arkop-deweloper/osiedle-contigo-wroclaw-zakrzow/usi_rp_15172.json,2026-05-25T02:06:16.374528,2026-06-02T23:13:14.140741,v0.7.0+
oto,/Volumes/Samsam/Public/USIdata/arkop-deweloper/osiedle-lissa/usi_oto_4zTto.json,2026-05-25T02:06:16.377635,2026-05-25T02:06:16.377637,v0.7.0+
oto,/Volumes/Samsam/Public/USIdata/arkop-deweloper/osiedle-tilia/usi_oto_4oelc.json,2026-05-25T02:06:16.391682,2026-05-25T02:06:16.391684,v0.7.0+
rp,/Volumes/Samsam/Public/USIdata/arkop-deweloper/osiedle-tilia-wroclaw-widawa/usi_rp_16537.json,2026-05-25T02:06:16.396214,2026-06-02T23:13:14.185287,v0.7.0+
oto,/Volumes/Samsam/Public/USIdata/arkop-deweloper/parkowe-aleje-2/usi_oto_4oenL.json,2026-05-25T02:06:16.400381,2026-05-25T02:06:16.400384,v0.7.0+
rp,/Volumes/Samsam/Public/USIdata/arona/okopowa-7-kolobrzeg/usi_rp_16452.json,2026-05-25T02:06:16.354747,2026-06-02T23:13:14.002183,v0.7.0+
oto,/Volumes/Samsam/Public/USIdata/arona-strojny-sp-komandytowa/nowe-witkowice/usi_oto_4y8tX.json,2026-05-25T02:06:16.346490,2026-05-25T02:06:16.346492,v0.7.0+
oto,/Volumes/Samsam/Public/USIdata/arona-strojny-sp-komandytowa/okopowa-7-doskonale-miejsce-do-zycia/usi_oto_4ll1q.json,2026-05-25T02:06:16.350579,2026-05-25T02:06:16.350580,v0.7.0+
rp,/Volumes/Samsam/Public/USIdata/arp-inwest/prozy-41-warszawa-mlociny/usi_rp_16402.json,2026-05-25T02:06:16.343344,2026-06-02T23:13:13.992098,v0.7.0+
rp,/Volumes/Samsam/Public/USIdata/art-bud-sp-z-o-o/art-malta-poznan-nowe-miasto-rataje/usi_rp_11644.json,2026-05-25T02:06:16.340140,2026-06-02T23:13:13.981893,v0.7.0+
rp,/Volumes/Samsam/Public/USIdata/art-centrum-nieruchomosci/kozacka-bydgoszcz/usi_rp_15981.json,2026-05-25T02:06:16.327813,2026-06-02T23:13:13.948224,v0.7.0+
rp,/Volumes/Samsam/Public/USIdata/art-centrum-nieruchomosci/osiedle-botaniczne-bydgoski-myslecinek/usi_rp_17312.json,2026-05-25T02:06:16.330495,2026-06-02T23:13:13.957232,v0.7.0+
rp,/Volumes/Samsam/Public/USIdata/art-centrum-nieruchomosci/osiedle-sasanka-bydgoszcz/usi_rp_13821.json,2026-05-25T02:06:16.333727,2026-06-02T23:13:13.965896,v0.7.0+
rp,/Volumes/Samsam/Public/USIdata/art-centrum-nieruchomosci/sosnowy-zakatek-torunski-toporzysko/usi_rp_17073.json,2026-05-25T02:06:16.337140,2026-06-02T23:13:13.973612,v0.7.0+
rp,/Volumes/Samsam/Public/USIdata/art-dom-developer/rezydencja-aqua-karkonoski-szklarska-poreba/usi_rp_13393.json,2026-05-25T02:06:16.319161,2026-06-02T23:13:13.929658,v0.7.0+
rp,/Volumes/Samsam/Public/USIdata/art-haus/osiedle-podborek-kowalewo-pomorskie/usi_rp_15959.json,2026-05-25T02:06:16.315040,2026-06-02T23:13:13.920788,v0.7.0+
to,/Volumes/Samsam/Public/USIdata/art-locum/junique-i-ii-misnienska-38-39-43-poznan-grunwald-junikowo-mieszkania-na-sprzedaz/usi_to_9180426.json,2026-05-25T02:05:00.420876,2026-05-25T02:05:00.420879,v0.7.0+
to,/Volumes/Samsam/Public/USIdata/art-locum/stegna-park-ii-lipowa-stegna-apartamenty-inwestycyjne-na-sprzedaz/usi_to_8753274.json,2026-05-25T02:05:00.427031,2026-05-25T02:05:00.427033,v0.7.0+
oto,/Volumes/Samsam/Public/USIdata/art-locum-s-a/atrium/usi_oto_4tvBt.json,2026-05-25T02:06:16.301820,2026-05-25T02:06:16.301821,v0.7.0+
oto,/Volumes/Samsam/Public/USIdata/art-locum-s-a/junique-i/usi_oto_4ummL.json,2026-05-25T02:06:16.305764,2026-05-25T02:06:16.305766,v0.7.0+
oto,/Volumes/Samsam/Public/USIdata/art-locum-s-a/junique-ii/usi_oto_4rX1I.json,2026-05-25T02:06:16.309933,2026-05-25T02:06:16.309935,v0.7.0+
oto,/Volumes/Samsam/Public/USIdata/art-residence/litevski-art-residence/usi_oto_4q8mf.json,2026-05-25T02:06:16.298528,2026-05-25T02:06:16.298529,v0.7.0+
rp,/Volumes/Samsam/Public/USIdata/art-sales-sp-z-oo/malta-view-poznan-ostrow-tumski-srodka-zawady-komandoria/usi_rp_16482.json,2026-05-25T02:06:16.294934,2026-06-02T23:13:13.912229,v0.7.0+
rp,/Volumes/Samsam/Public/USIdata/artcem-spj/stacja-lodz-etap-iii-lodz-rokicie/usi_rp_13884.json,2026-05-25T02:06:16.281574,2026-06-02T23:13:13.870282,v0.7.0+
rp,/Volumes/Samsam/Public/USIdata/artcem-spj/stacja-lodz-etap-iv-lodz-rokicie/usi_rp_14225.json,2026-05-25T02:06:16.284429,2026-06-02T23:13:13.879798,v0.7.0+
rp,/Volumes/Samsam/Public/USIdata/artcem-spj/stacja-lodz-etap-v-lodz-rokicie/usi_rp_16177.json,2026-05-25T02:06:16.287910,2026-06-02T23:13:13.893127,v0.7.0+
rp,/Volumes/Samsam/Public/USIdata/artcem-spj/stacja-lodz-v-etap-c2-warszawa-srodmiescie-poludniowe/usi_rp_18789.json,2026-05-25T02:06:16.291361,2026-06-02T23:13:13.903106,v0.7.0+
to,/Volumes/Samsam/Public/USIdata/arteo/harmony-garden-sosnowskiego-puzaka-opole-armii-krajowej-apartamenty-na-sprzedaz/usi_to_9203254.json,2026-05-25T02:05:00.413836,2026-05-25T02:05:00.413838,v0.7.0+
oto,/Volumes/Samsam/Public/USIdata/arteo-development-sp-z-o-o/apartamenty-vincent/usi_oto_4ekGT.json,2026-05-25T02:06:16.268606,2026-05-25T02:06:16.268608,v0.7.0+
oto,/Volumes/Samsam/Public/USIdata/arteo-development-sp-z-o-o/harmony-garden/usi_oto_4zxnp.json,2026-05-25T02:06:16.272481,2026-05-25T02:06:16.272482,v0.7.0+
to,/Volumes/Samsam/Public/USIdata/artepolis-1/artepolis-kasprzaka-1-lodz-polesie-stare-polesie-mieszkania-na-sprzedaz/usi_to_9180459.json,2026-05-25T02:05:00.407195,2026-05-25T02:05:00.407198,v0.7.0+
oto,/Volumes/Samsam/Public/USIdata/artis-development/frame-wille-miejskie/usi_oto_4xKkz.json,2026-05-25T02:06:16.259704,2026-05-25T02:06:16.259706,v0.7.0+
oto,/Volumes/Samsam/Public/USIdata/artis-development/frame-wille-miejskie-domy/usi_oto_4rVd0.json,2026-05-25T02:06:16.263539,2026-05-25T02:06:16.263541,v0.7.0+
oto,/Volumes/Samsam/Public/USIdata/artis-development-sp-z-o-o/villa-la-plage/usi_oto_4iaI8.json,2026-05-25T02:06:16.257926,2026-05-25T02:06:16.257928,v0.7.0+
rp,/Volumes/Samsam/Public/USIdata/artis-development-sp-z-oo/villa-forma-warszawa-powsinek/usi_rp_16179.json,2026-05-25T02:06:16.251650,2026-06-02T23:13:13.838926,v0.7.0+
rp,/Volumes/Samsam/Public/USIdata/artis-development-sp-z-oo/villa-la-plage-warszawa-zawady/usi_rp_15254.json,2026-05-25T02:06:16.255072,2026-06-02T23:13:13.848403,v0.7.0+
rp,/Volumes/Samsam/Public/USIdata/artlocum-sa/artteo-etap-3-lodz-zlotno/usi_rp_18651.json,2026-05-25T02:06:16.239833,2026-06-02T23:13:13.807266,v0.7.0+
rp,/Volumes/Samsam/Public/USIdata/artom-budownictwo-sp-z-oo/panorama-park-opoczynski-opoczno/usi_rp_15204.json,2026-05-25T02:06:16.235273,2026-06-02T23:13:13.797204,v0.7.0+
oto,/Volumes/Samsam/Public/USIdata/artpark/artpark/usi_oto_4tlZH.json,2026-05-25T02:06:16.233631,2026-05-25T02:06:16.233632,v0.7.0+
rp,/Volumes/Samsam/Public/USIdata/artville-szadkowski-sp-j/szeroka-144-warszawa-kaweczyn-wygoda/usi_rp_16273.json,2026-05-25T02:06:16.228239,2026-06-02T23:13:13.768395,v0.7.0+
oto,/Volumes/Samsam/Public/USIdata/as-bud-prof/osiedle-platinum-iii/usi_oto_4sNV5.json,2026-05-25T02:06:16.220510,2026-05-25T02:06:16.220511,v0.7.0+
rp,/Volumes/Samsam/Public/USIdata/as-house-sp-z-oo/my-wave-2-legionowo/usi_rp_17199.json,2026-05-25T02:06:16.214632,2026-06-02T23:13:13.611408,v0.7.0+
rp,/Volumes/Samsam/Public/USIdata/as-house-sp-z-oo/my-wave-legionowo/usi_rp_15400.json,2026-05-25T02:06:16.217805,2026-06-02T23:13:13.638522,v0.7.0+
oto,/Volumes/Samsam/Public/USIdata/as-invest-sp-z-o-o/pinea-apartamenty-z-widokiem-na-morze/usi_oto_4fF1z.json,2026-05-25T02:06:16.209313,2026-05-25T02:06:16.209315,v0.7.0+
rp,/Volumes/Samsam/Public/USIdata/asa-development/mysliwska-solar-garden-krakow-podgorze/usi_rp_15081.json,2026-05-25T02:06:16.202232,2026-06-02T23:13:13.486680,v0.7.0+
oto,/Volumes/Samsam/Public/USIdata/asa-development/przewoz-solar-garden/usi_oto_4yHvx.json,2026-05-25T02:06:16.206253,2026-05-25T02:06:16.206255,v0.7.0+
oto,/Volumes/Samsam/Public/USIdata/asbud-group/nowa-praga/usi_oto_4oOV3.json,2026-05-25T02:06:16.188559,2026-05-25T02:06:16.188560,v0.7.0+
rp,/Volumes/Samsam/Public/USIdata/ascot-polska/nautica-resort-etap-iii-gizycki-wilkasy/usi_rp_19284.json,2026-05-25T02:06:16.179431,2026-06-02T23:13:13.253604,v0.7.0+
rp,/Volumes/Samsam/Public/USIdata/ascot-polska/nautica-resort-gizycki-gizycko/usi_rp_9773.json,2026-05-25T02:06:16.182449,2026-06-02T23:13:13.261833,v0.7.0+
oto,/Volumes/Samsam/Public/USIdata/asko-s-a/ciepla-38-apartamenty/usi_oto_4k0pE.json,2026-05-25T02:06:16.174528,2026-05-25T02:06:16.174530,v0.7.0+
oto,/Volumes/Samsam/Public/USIdata/asko-s-a/sloneczny-port-mikolajki-luksus-mazur-lokal/usi_oto_4ALVq.json,2026-05-21T19:17:32.045537,2026-05-24T17:36:23.031814,v0.7.0+
oto,/Volumes/Samsam/Public/USIdata/asko-s-a/sloneczny-port-mikolajki-luksus-mazur-lokal/usi_oto_67869442.json,2026-05-21T19:17:32.045537,2026-06-02T11:05:34.689793,v0.7.0+
oto,/Volumes/Samsam/Public/USIdata/asko-s-a/sloneczny-port-mikolajki-luksus-mazur-miesz/usi_oto_4ALWV.json,2026-05-21T19:17:34.294237,2026-05-24T17:36:23.037228,v0.7.0+
oto,/Volumes/Samsam/Public/USIdata/asko-s-a/sloneczny-port-mikolajki-luksus-mazur-miesz/usi_oto_67869412.json,2026-05-21T19:17:34.294237,2026-06-02T11:05:35.218195,v0.7.0+
rp,/Volumes/Samsam/Public/USIdata/asko-sa/ciepla-38-apartamenty-bialystok/usi_rp_15576.json,2026-05-25T02:06:16.169762,2026-06-02T23:13:13.244796,v0.7.0+
rp,/Volumes/Samsam/Public/USIdata/aspdeveloper/nowa-jaroszowka-bialystok/usi_rp_16938.json,2026-05-25T02:06:16.165137,2026-06-02T23:13:13.234468,v0.7.0+
rp,/Volumes/Samsam/Public/USIdata/asset-home-przedstawiciel-dewelopera/aloha-residence-szczecin/usi_rp_13356.json,2026-05-25T02:06:16.074778,2026-06-02T23:13:13.036593,v0.7.0+
rp,/Volumes/Samsam/Public/USIdata/asset-home-przedstawiciel-dewelopera/apartamenty-dunska-iii-etap-szczecin-polnoc-warszewo/usi_rp_13257.json,2026-05-25T02:06:16.079593,2026-06-02T23:13:13.044045,v0.7.0+
rp,/Volumes/Samsam/Public/USIdata/asset-home-przedstawiciel-dewelopera/apollo-resort-swinoujscie/usi_rp_14256.json,2026-05-25T02:06:16.084212,2026-06-02T23:13:13.052877,v0.7.0+
rp,/Volumes/Samsam/Public/USIdata/asset-home-przedstawiciel-dewelopera/baltic-infinity-kamienski-miedzyzdroje/usi_rp_13509.json,2026-05-25T02:06:16.088488,2026-06-02T23:13:13.060912,v0.7.0+
rp,/Volumes/Samsam/Public/USIdata/asset-home-przedstawiciel-dewelopera/baltic-jet-kolobrzeski-ustronie-morskie/usi_rp_14743.json,2026-05-25T02:06:16.093291,2026-06-02T23:13:13.067455,v0.7.0+
rp,/Volumes/Samsam/Public/USIdata/asset-home-przedstawiciel-dewelopera/baltic-waves-miedzyzdroje/usi_rp_13733.json,2026-05-25T02:06:16.098864,2026-06-02T23:13:13.074792,v0.7.0+
rp,/Volumes/Samsam/Public/USIdata/asset-home-przedstawiciel-dewelopera/baltin-sun-kolobrzeski-ustronie-morskie/usi_rp_14446.json,2026-05-25T02:06:16.103328,2026-06-02T23:13:13.082119,v0.7.0+
rp,/Volumes/Samsam/Public/USIdata/asset-home-przedstawiciel-dewelopera/baysuites-kolobrzeski-ustronie-morskie/usi_rp_18813.json,2026-05-25T02:06:16.106625,2026-06-02T23:13:13.091047,v0.7.0+
rp,/Volumes/Samsam/Public/USIdata/asset-home-przedstawiciel-dewelopera/greeneri-park-swinoujscie/usi_rp_13713.json,2026-05-25T02:06:16.109697,2026-06-02T23:13:13.097523,v0.7.0+
rp,/Volumes/Samsam/Public/USIdata/asset-home-przedstawiciel-dewelopera/harmony-resort-kolobrzeg/usi_rp_13732.json,2026-05-25T02:06:16.113073,2026-06-02T23:13:13.106374,v0.7.0+
rp,/Volumes/Samsam/Public/USIdata/asset-home-przedstawiciel-dewelopera/koscieliska-szczecin-gumience/usi_rp_19073.json,2026-05-25T02:06:16.116486,2026-06-02T23:13:13.113178,v0.7.0+
rp,/Volumes/Samsam/Public/USIdata/asset-home-przedstawiciel-dewelopera/osiedle-drozdowa-ii-szczecin-krzekowo-bezrzecze/usi_rp_16149.json,2026-05-25T02:06:16.119578,2026-06-02T23:13:13.120623,v0.7.0+
rp,/Volumes/Samsam/Public/USIdata/asset-home-przedstawiciel-dewelopera/park-gumience-etap-iii-szczecin-gumience/usi_rp_14447.json,2026-05-25T02:06:16.122639,2026-06-02T23:13:13.129755,v0.7.0+
rp,/Volumes/Samsam/Public/USIdata/asset-home-przedstawiciel-dewelopera/port-mare-darlowo/usi_rp_16360.json,2026-05-25T02:06:16.126179,2026-06-02T23:13:13.137702,v0.7.0+
rp,/Volumes/Samsam/Public/USIdata/asset-home-przedstawiciel-dewelopera/radisson-blu-resort-kamienski-miedzywodzie/usi_rp_14448.json,2026-05-25T02:06:16.129336,2026-06-02T23:13:13.145174,v0.7.0+
rp,/Volumes/Samsam/Public/USIdata/asset-home-przedstawiciel-dewelopera/sand-apartments-miedzyzdroje/usi_rp_17929.json,2026-05-25T02:06:16.132841,2026-06-02T23:13:13.152494,v0.7.0+
rp,/Volumes/Samsam/Public/USIdata/asset-home-przedstawiciel-dewelopera/silvana-heritage-dziwnow/usi_rp_14450.json,2026-05-25T02:06:16.136475,2026-06-02T23:13:13.160409,v0.7.0+
rp,/Volumes/Samsam/Public/USIdata/asset-home-przedstawiciel-dewelopera/silver-forest-szczecin-pogodno/usi_rp_14143.json,2026-05-25T02:06:16.140120,2026-06-02T23:13:13.168972,v0.7.0+
rp,/Volumes/Samsam/Public/USIdata/asset-home-przedstawiciel-dewelopera/sloneczne-osiedle-kolobrzeski-ustronie-morskie/usi_rp_15083.json,2026-05-25T02:06:16.143493,2026-06-02T23:13:13.177176,v0.7.0+
rp,/Volumes/Samsam/Public/USIdata/asset-home-przedstawiciel-dewelopera/splendit-swinoujscie-swinoujscie/usi_rp_18027.json,2026-05-25T02:06:16.146484,2026-06-02T23:13:13.185750,v0.7.0+
rp,/Volumes/Samsam/Public/USIdata/asset-home-przedstawiciel-dewelopera/szczecinska-20-szczecin-warszewo/usi_rp_17056.json,2026-05-25T02:06:16.149159,2026-06-02T23:13:13.193865,v0.7.0+
rp,/Volumes/Samsam/Public/USIdata/asset-home-przedstawiciel-dewelopera/the-blue-koszalinski-mielno/usi_rp_14660.json,2026-05-25T02:06:16.151735,2026-06-02T23:13:13.201274,v0.7.0+
rp,/Volumes/Samsam/Public/USIdata/asset-home-przedstawiciel-dewelopera/the-sea-resort-miedzyzdroje-miedzyzdroje/usi_rp_17058.json,2026-05-25T02:06:16.154316,2026-06-02T23:13:13.210781,v0.7.0+
rp,/Volumes/Samsam/Public/USIdata/asset-home-przedstawiciel-dewelopera/the-view-hotel-darlowo/usi_rp_14874.json,2026-05-25T02:06:16.158438,2026-06-02T23:13:13.218197,v0.7.0+
rp,/Volumes/Samsam/Public/USIdata/asset-home-przedstawiciel-dewelopera/zielona-przystan-swinoujscie/usi_rp_15798.json,2026-05-25T02:06:16.161223,2026-06-02T23:13:13.226664,v0.7.0+
oto,/Volumes/Samsam/Public/USIdata/assethome-szczecin-przedstawiciel-dewelopera/harmony-resort/usi_oto_4sfcK.json,2026-05-25T02:06:16.066831,2026-05-25T02:06:16.066833,v0.7.0+
oto,/Volumes/Samsam/Public/USIdata/assethome-szczecin-przedstawiciel-dewelopera/szczecinska-20/usi_oto_4sfcM.json,2026-05-25T02:06:16.071591,2026-05-25T02:06:16.071593,v0.7.0+
rp,/Volumes/Samsam/Public/USIdata/at-inwest-sp-z-oo-sp-k/podlaska-15-lubon/usi_rp_13876.json,2026-05-25T02:06:16.059709,2026-06-02T23:13:13.017355,v0.7.0+
rp,/Volumes/Samsam/Public/USIdata/at-inwest-sp-z-oo-sp-k/tarasy-gaski-koszalinski-gaski/usi_rp_20337.json,2026-05-25T02:06:16.063633,2026-06-02T23:13:13.027914,v0.7.0+
oto,/Volumes/Samsam/Public/USIdata/at-rent-sp-z-o-o/gertrudy-7/usi_oto_4tNZ7.json,2026-05-25T02:06:16.055436,2026-05-25T02:06:16.055438,v0.7.0+
oto,/Volumes/Samsam/Public/USIdata/atal/akacjowa-wita/usi_oto_4sRQi.json,2026-05-25T02:06:15.900352,2026-05-25T02:06:15.900354,v0.7.0+
oto,/Volumes/Samsam/Public/USIdata/atal/atal-apollina/usi_oto_4tQZw.json,2026-05-25T02:06:15.905483,2026-05-25T02:06:15.905486,v0.7.0+
oto,/Volumes/Samsam/Public/USIdata/atal/atal-apollina-ii/usi_oto_4txQ0.json,2026-05-25T02:06:15.909743,2026-05-25T02:06:15.909747,v0.7.0+
oto,/Volumes/Samsam/Public/USIdata/atal/atal-bronowice/usi_oto_4zMpB.json,2026-05-25T02:06:15.914370,2026-05-25T02:06:15.914372,v0.7.0+
oto,/Volumes/Samsam/Public/USIdata/atal/atal-floriana/usi_oto_4B2no.json,2026-05-25T02:06:15.920597,2026-05-25T02:06:15.920599,v0.7.0+
oto,/Volumes/Samsam/Public/USIdata/atal/atal-floriana/usi_oto_67932618.json,2026-05-25T02:06:15.920597,2026-06-02T11:05:10.866025,v0.7.0+
to,/Volumes/Samsam/Public/USIdata/atal/atal-floriana-sw-floriana-szczecin-srodmiescie-lasztownia-mieszkania-na-sprzedaz/usi_to_9233423.json,2026-06-02T10:53:54.343508,2026-06-02T10:53:54.792743,v0.7.0+
oto,/Volumes/Samsam/Public/USIdata/atal/atal-grabiszyn/usi_oto_4vGcY.json,2026-05-25T02:06:15.927693,2026-05-25T02:06:15.927695,v0.7.0+
to,/Volumes/Samsam/Public/USIdata/atal/atal-grabiszyn-grochowa-wroclaw-gajowice-fabryczna-mieszkania-na-sprzedaz/usi_to_9160579.json,2026-05-25T02:05:00.331796,2026-05-25T02:05:00.331799,v0.7.0+
oto,/Volumes/Samsam/Public/USIdata/atal/atal-idea-swarzedz/usi_oto_4ofmv.json,2026-05-25T02:06:15.935150,2026-05-25T02:06:15.935152,v0.7.0+
to,/Volumes/Samsam/Public/USIdata/atal/atal-idea-swarzedz-tabaki-swarzedz-mieszkania-na-sprzedaz/usi_to_8977853.json,2026-05-25T02:05:00.339811,2026-05-25T02:05:00.339813,v0.7.0+
oto,/Volumes/Samsam/Public/USIdata/atal/atal-nova-obozowa/usi_oto_4Ag28.json,2026-05-25T02:06:15.938988,2026-05-25T02:06:15.938990,v0.7.0+
oto,/Volumes/Samsam/Public/USIdata/atal/atal-olimpijska/usi_oto_4k609.json,2026-05-25T02:06:15.944314,2026-05-25T02:06:15.944315,v0.7.0+
to,/Volumes/Samsam/Public/USIdata/atal/atal-olimpijska-olimpijska-korfantego-katowice-bogucice-mieszkania-na-sprzedaz/usi_to_8714214.json,2026-05-25T02:05:00.345344,2026-05-25T02:05:00.345347,v0.7.0+
oto,/Volumes/Samsam/Public/USIdata/atal/atal-parkowa/usi_oto_4AEZj.json,2026-05-25T02:06:15.948773,2026-05-25T02:06:15.948775,v0.7.0+
oto,/Volumes/Samsam/Public/USIdata/atal/atal-parkowa/usi_oto_67842713.json,2026-05-25T02:06:15.948773,2026-06-02T11:05:42.120818,v0.7.0+
oto,/Volumes/Samsam/Public/USIdata/atal/atal-sky/usi_oto_4g33k.json,2026-05-25T02:06:15.954098,2026-05-25T02:06:15.954100,v0.7.0+
oto,/Volumes/Samsam/Public/USIdata/atal/atal-sky-apartamenty-inwestycyjne/usi_oto_4otgB.json,2026-05-25T02:06:15.958005,2026-05-25T02:06:15.958006,v0.7.0+
oto,/Volumes/Samsam/Public/USIdata/atal/atal-strachowicka/usi_oto_4kTxF.json,2026-05-25T02:06:15.961020,2026-05-25T02:06:15.961022,v0.7.0+
to,/Volumes/Samsam/Public/USIdata/atal/atal-strachowicka-ii-wroclaw-zerniki-fabryczna-mieszkania-na-sprzedaz/usi_to_8977186.json,2026-05-25T02:05:00.351511,2026-05-25T02:05:00.351515,v0.7.0+
oto,/Volumes/Samsam/Public/USIdata/atal/atal-symbioza/usi_oto_4tsU3.json,2026-05-25T02:06:15.964348,2026-05-25T02:06:15.964350,v0.7.0+
oto,/Volumes/Samsam/Public/USIdata/atal/krakowska-35-apartamenty-inwestycyjne/usi_oto_4soyt.json,2026-05-25T02:06:15.967292,2026-05-25T02:06:15.967294,v0.7.0+
to,/Volumes/Samsam/Public/USIdata/atal/naramowice-odnova-bielicowa-poznan-naramowice-mieszkania-na-sprzedaz/usi_to_8934795.json,2026-05-25T02:05:00.357407,2026-05-25T02:05:00.357409,v0.7.0+
to,/Volumes/Samsam/Public/USIdata/atal/nowa-francuska-i-szybowcowa-katowice-osiedle-paderewskiego-muchowiec-mieszkania-na-sprzedaz/usi_to_8973706.json,2026-05-25T02:05:00.363533,2026-05-25T02:05:00.363534,v0.7.0+
to,/Volumes/Samsam/Public/USIdata/atal/nowe-miasto-polesie-iv-pienista-lodz-polesie-mieszkania-na-sprzedaz/usi_to_8978722.json,2026-05-25T02:05:00.367593,2026-05-25T02:05:00.367595,v0.7.0+
oto,/Volumes/Samsam/Public/USIdata/atal/ogrody-andersa/usi_oto_4lvOt.json,2026-05-25T02:06:15.971471,2026-05-25T02:06:15.971474,v0.7.0+
oto,/Volumes/Samsam/Public/USIdata/atal/osiedle-poematu/usi_oto_4yHGI.json,2026-05-25T02:06:15.975295,2026-05-25T02:06:15.975297,v0.7.0+
oto,/Volumes/Samsam/Public/USIdata/atal/osiedle-przyjemne/usi_oto_4tQVV.json,2026-05-25T02:06:15.979595,2026-05-25T02:06:15.979596,v0.7.0+
oto,/Volumes/Samsam/Public/USIdata/atal/panorama-reden/usi_oto_4iVJW.json,2026-05-25T02:06:15.982888,2026-05-25T02:06:15.982891,v0.7.0+
oto,/Volumes/Samsam/Public/USIdata/atal/przewoz-42/usi_oto_4oHVG.json,2026-05-25T02:06:16.002912,2026-05-25T02:06:16.002917,v0.7.0+
to,/Volumes/Samsam/Public/USIdata/atal/przewoz-42-atal-krakow-podgorze-plaszow-mieszkania-na-sprzedaz/usi_to_8978863.json,2026-05-25T02:05:00.373102,2026-05-25T02:05:00.373103,v0.7.0+
oto,/Volumes/Samsam/Public/USIdata/atal/przystan-sobieszewo/usi_oto_4x58F.json,2026-05-25T02:06:16.007512,2026-05-25T02:06:16.007513,v0.7.0+
to,/Volumes/Samsam/Public/USIdata/atal/przystan-sobieszewo-narcyzowa-gdansk-wyspa-sobieszewska-mieszkania-na-sprzedaz/usi_to_9161097.json,2026-05-25T02:05:00.377419,2026-05-25T02:05:00.377421,v0.7.0+
oto,/Volumes/Samsam/Public/USIdata/atal/skwer-harmonia/usi_oto_4iOEN.json,2026-05-25T02:06:16.012098,2026-05-25T02:06:16.012101,v0.7.0+
oto,/Volumes/Samsam/Public/USIdata/atal/skwer-witosa/usi_oto_4Bp7s.json,2026-05-25T02:06:16.016075,2026-05-25T02:06:16.016077,v0.7.0+
oto,/Volumes/Samsam/Public/USIdata/atal/skwer-witosa/usi_oto_68020042.json,2026-05-25T02:06:16.016075,2026-06-02T11:04:23.241050,v0.7.0+
oto,/Volumes/Samsam/Public/USIdata/atal/strachowicka-ii/usi_oto_4rrch.json,2026-05-25T02:06:16.019394,2026-05-25T02:06:16.019395,v0.7.0+
oto,/Volumes/Samsam/Public/USIdata/atal/strefa-cegielnia-2/usi_oto_4nHRK.json,2026-05-25T02:06:16.022379,2026-05-25T02:06:16.022380,v0.7.0+
oto,/Volumes/Samsam/Public/USIdata/atal/warszawska-58a/usi_oto_4yHBU.json,2026-05-25T02:06:16.025599,2026-05-25T02:06:16.025601,v0.7.0+
oto,/Volumes/Samsam/Public/USIdata/atal/zacisze-marcelin/usi_oto_4uirR.json,2026-05-25T02:06:16.029255,2026-05-25T02:06:16.029256,v0.7.0+
oto,/Volumes/Samsam/Public/USIdata/atal/zakatek-harmonia/usi_oto_4yHIf.json,2026-05-25T02:06:16.032969,2026-05-25T02:06:16.032971,v0.7.0+
oto,/Volumes/Samsam/Public/USIdata/atal/zakole-wisly-atal/usi_oto_4ADLF.json,2026-05-25T02:06:16.037402,2026-05-25T02:06:16.037404,v0.7.0+
oto,/Volumes/Samsam/Public/USIdata/atal/zakole-wisly-atal/usi_oto_67838023.json,2026-05-25T02:06:16.037402,2026-06-02T11:05:46.837618,v0.7.0+
oto,/Volumes/Samsam/Public/USIdata/atal/zawislanska/usi_oto_4rgY8.json,2026-05-25T02:06:16.041674,2026-05-25T02:06:16.041676,v0.7.0+
oto,/Volumes/Samsam/Public/USIdata/atal/zerniki-na-novo/usi_oto_4tQVd.json,2026-05-25T02:06:16.044977,2026-05-25T02:06:16.044979,v0.7.0+
oto,/Volumes/Samsam/Public/USIdata/atal/zerniki-na-novo-ii/usi_oto_4qjia.json,2026-05-25T02:06:16.048543,2026-05-25T02:06:16.048544,v0.7.0+
to,/Volumes/Samsam/Public/USIdata/atal/zerniki-na-novo-maxa-berga-wroclaw-zerniki-mieszkania-na-sprzedaz/usi_to_8934316.json,2026-05-25T02:05:00.393353,2026-05-25T02:05:00.393356,v0.7.0+
oto,/Volumes/Samsam/Public/USIdata/atal/zrodlana-31-residence/usi_oto_4yHGG.json,2026-05-25T02:06:16.052124,2026-05-25T02:06:16.052126,v0.7.0+
to,/Volumes/Samsam/Public/USIdata/atal-s-a/atal-aura-telefoniczna-21-lodz-srodmiescie-mieszkania-na-sprzedaz/usi_to_8975118.json,2026-05-25T02:06:15.850268,2026-05-25T02:06:15.850270,v0.7.0+
oto,/Volumes/Samsam/Public/USIdata/atal-s-a/atal-city-square/usi_oto_4zldG.json,2026-05-25T02:06:15.854444,2026-05-25T02:06:15.854446,v0.7.0+
oto,/Volumes/Samsam/Public/USIdata/atal-s-a/atal-city-square-ii/usi_oto_4xjAY.json,2026-05-25T02:06:15.858141,2026-05-25T02:06:15.858143,v0.7.0+
oto,/Volumes/Samsam/Public/USIdata/atal-s-a/atal-olimpijska/usi_oto_4xiyx.json,2026-05-25T02:06:15.861617,2026-05-25T02:06:15.861619,v0.7.0+
oto,/Volumes/Samsam/Public/USIdata/atal-s-a/atal-s-a-nowy-targowek-etap-vi/usi_oto_4ti1t.json,2026-05-25T02:06:15.864554,2026-05-25T02:06:15.864555,v0.7.0+
oto,/Volumes/Samsam/Public/USIdata/atal-s-a/atal-s-a-osiedle-poematu-ii/usi_oto_4ot49.json,2026-05-25T02:06:15.872013,2026-05-25T02:06:15.872016,v0.7.0+
oto,/Volumes/Samsam/Public/USIdata/atal-s-a/atal-s-a-osiedle-poematu-iii/usi_oto_4qXwR.json,2026-05-25T02:06:15.876428,2026-05-25T02:06:15.876430,v0.7.0+
oto,/Volumes/Samsam/Public/USIdata/atal-s-a/atal-s-a-skwer-witosa/usi_oto_4B2dl.json,2026-05-25T02:06:15.881104,2026-05-25T02:06:15.881105,v0.7.0+
oto,/Volumes/Samsam/Public/USIdata/atal-s-a/atal-s-a-skwer-witosa/usi_oto_67931995.json,2026-05-25T02:06:15.881104,2026-06-02T11:05:12.826694,v0.7.0+
oto,/Volumes/Samsam/Public/USIdata/atal-s-a/atal-s-a-warszawska-58a/usi_oto_4rDQm.json,2026-05-25T02:06:15.885032,2026-05-25T02:06:15.885033,v0.7.0+
oto,/Volumes/Samsam/Public/USIdata/atal-s-a/atal-s-a-zakatek-harmonia-ii/usi_oto_4hbrv.json,2026-05-25T02:06:15.888690,2026-05-25T02:06:15.888691,v0.7.0+
oto,/Volumes/Samsam/Public/USIdata/atal-s-a/atal-sky/usi_oto_4xcbP.json,2026-05-25T02:06:15.891596,2026-05-25T02:06:15.891598,v0.7.0+
oto,/Volumes/Samsam/Public/USIdata/atal-s-a/francuska-park-vii/usi_oto_4tqsa.json,2026-05-25T02:06:15.894604,2026-05-25T02:06:15.894605,v0.7.0+
oto,/Volumes/Samsam/Public/USIdata/atal-s-a/ogrody-andersa/usi_oto_4x6wQ.json,2026-05-25T02:06:15.897464,2026-05-25T02:06:15.897465,v0.7.0+
rp,/Volumes/Samsam/Public/USIdata/atal-sa/apartamenty-drewnowska-43-ii-lodz-baluty-baluty-centrum/usi_rp_9933.json,2026-05-25T02:06:15.345794,2026-06-02T23:13:12.016868,v0.7.0+
rp,/Volumes/Samsam/Public/USIdata/atal-sa/apartamenty-drewnowska-43-lodz-baluty-baluty-centrum/usi_rp_9014.json,2026-05-25T02:06:15.351957,2026-06-02T23:13:12.033984,v0.7.0+
rp,/Volumes/Samsam/Public/USIdata/atal-sa/apartamenty-milczanska-ii-poznan-nowe-miasto-rataje/usi_rp_10188.json,2026-05-25T02:06:15.363201,2026-06-02T23:13:12.060824,v0.7.0+
rp,/Volumes/Samsam/Public/USIdata/atal-sa/apartamenty-ostrodzka-warszawa-bialoleka-brzeziny/usi_rp_11620.json,2026-05-25T02:06:15.369576,2026-06-02T23:13:12.083958,v0.7.0+
rp,/Volumes/Samsam/Public/USIdata/atal-sa/atal-apollina-ii-gdanski-kowale/usi_rp_17702.json,2026-05-25T02:06:15.379584,2026-06-04T16:04:12.499311,v0.7.0+
rp,/Volumes/Samsam/Public/USIdata/atal-sa/atal-aura-ii-lodz-stoki/usi_rp_16445.json,2026-05-25T02:06:15.384562,2026-06-02T23:13:12.120968,v0.7.0+
rp,/Volumes/Samsam/Public/USIdata/atal-sa/atal-city-square-wroclaw-krzyki-przedmiescie-olawskie/usi_rp_13128.json,2026-05-25T02:06:15.398489,2026-06-02T23:13:12.158824,v0.7.0+
rp,/Volumes/Samsam/Public/USIdata/atal-sa/atal-floriana-szczecin-miedzyodrze-wyspa-pucka/usi_rp_20225.json,2026-05-25T02:06:15.401858,2026-06-02T23:13:12.165878,v0.7.0+
rp,/Volumes/Samsam/Public/USIdata/atal-sa/atal-idea-swarzedz-ii-swarzedz/usi_rp_18013.json,2026-05-25T02:06:15.409283,2026-06-02T23:13:12.183518,v0.7.0+
rp,/Volumes/Samsam/Public/USIdata/atal-sa/atal-idea-swarzedz-swarzedz/usi_rp_16538.json,2026-05-25T02:06:15.412130,2026-06-02T23:13:12.191937,v0.7.0+
rp,/Volumes/Samsam/Public/USIdata/atal-sa/atal-kliny-zacisze-ii-krakow-debniki/usi_rp_10454.json,2026-05-25T02:06:15.415502,2026-06-02T23:13:12.198140,v0.7.0+
rp,/Volumes/Samsam/Public/USIdata/atal-sa/atal-kliny-zacisze-iii-krakow-debniki/usi_rp_10609.json,2026-05-25T02:06:15.434763,2026-06-02T23:13:12.206685,v0.7.0+
rp,/Volumes/Samsam/Public/USIdata/atal-sa/atal-sky-apartamenty-inwestycyjne-katowice-koszutka/usi_rp_16492.json,2026-05-25T02:06:15.456836,2026-06-02T23:13:12.255792,v0.7.0+
rp,/Volumes/Samsam/Public/USIdata/atal-sa/bartycka-49-warszawa-mokotow-siekierki/usi_rp_12950.json,2026-05-25T02:06:15.492592,2026-06-02T23:13:12.323811,v0.7.0+
rp,/Volumes/Samsam/Public/USIdata/atal-sa/bursztynowa-zatoka-gdansk-letnica/usi_rp_16192.json,2026-05-25T02:06:15.500920,2026-06-02T23:13:12.341527,v0.7.0+
rp,/Volumes/Samsam/Public/USIdata/atal-sa/centro-ursus-warszawa-ursus-szamoty/usi_rp_10670.json,2026-05-25T02:06:15.504632,2026-06-02T23:13:12.349304,v0.7.0+
rp,/Volumes/Samsam/Public/USIdata/atal-sa/chojny-park-iv-lodz-gorna-chojny/usi_rp_10902.json,2026-05-25T02:06:15.508027,2026-06-02T23:13:12.356357,v0.7.0+
rp,/Volumes/Samsam/Public/USIdata/atal-sa/krakowska-35-wroclaw-poludnie/usi_rp_17686.json,2026-05-25T02:06:15.550569,2026-06-02T23:13:12.443793,v0.7.0+
rp,/Volumes/Samsam/Public/USIdata/atal-sa/modern-tower-gdynia-wzgorze-sw-maksymiliana/usi_rp_10605.json,2026-05-25T02:06:15.559389,2026-06-02T23:13:12.464916,v0.7.0+
rp,/Volumes/Samsam/Public/USIdata/atal-sa/naramowice-odnova-ii-poznan-naramowice/usi_rp_17013.json,2026-05-25T02:06:15.569881,2026-06-02T23:13:12.488587,v0.7.0+
rp,/Volumes/Samsam/Public/USIdata/atal-sa/naramowice-odnova-poznan-naramowice/usi_rp_15726.json,2026-05-25T02:06:15.573022,2026-06-02T23:13:12.497624,v0.7.0+
rp,/Volumes/Samsam/Public/USIdata/atal-sa/nowe-miasto-jagodno-enklawa-wroclaw-wojszyce/usi_rp_16075.json,2026-05-25T02:06:15.585129,2026-06-02T23:13:12.517453,v0.7.0+
rp,/Volumes/Samsam/Public/USIdata/atal-sa/nowe-miasto-jagodno-iv-wroclaw-jagodno/usi_rp_16117.json,2026-05-25T02:06:15.593005,2026-06-02T23:13:12.532590,v0.7.0+
rp,/Volumes/Samsam/Public/USIdata/atal-sa/nowe-miasto-jagodno-wroclaw-fabryczna-oporow/usi_rp_13316.json,2026-05-25T02:06:15.597067,2026-06-02T23:13:12.539636,v0.7.0+
rp,/Volumes/Samsam/Public/USIdata/atal-sa/nowe-miasto-polesie-etap-iiib-lodz-lublinek-pienista/usi_rp_14449.json,2026-05-25T02:06:15.601498,2026-06-02T23:13:12.547310,v0.7.0+
rp,/Volumes/Samsam/Public/USIdata/atal-sa/nowe-miasto-polesie-etap-iva-lodz-lublinek-pienista/usi_rp_16162.json,2026-05-25T02:06:15.606246,2026-06-02T23:13:12.556578,v0.7.0+
rp,/Volumes/Samsam/Public/USIdata/atal-sa/nowe-miasto-polesie-iv-b-lodz-lublinek-pienista/usi_rp_16596.json,2026-05-25T02:06:15.609873,2026-06-02T23:13:12.564369,v0.7.0+
rp,/Volumes/Samsam/Public/USIdata/atal-sa/nowe-miasto-polesie-lodz-polesie/usi_rp_14377.json,2026-05-25T02:06:15.613374,2026-06-02T23:13:12.573009,v0.7.0+
rp,/Volumes/Samsam/Public/USIdata/atal-sa/nowe-miasto-rozanka-iii-wroclaw-psie-pole-rozanka/usi_rp_9918.json,2026-05-25T02:06:15.616509,2026-06-02T23:13:12.582499,v0.7.0+
rp,/Volumes/Samsam/Public/USIdata/atal-sa/nowe-miasto-rozanka-iv-wroclaw-psie-pole-rozanka/usi_rp_10417.json,2026-05-25T02:06:15.619323,2026-06-02T23:13:12.591383,v0.7.0+
rp,/Volumes/Samsam/Public/USIdata/atal-sa/nowe-miasto-rozanka-villa-rosa-wroclaw-psie-pole-rozanka/usi_rp_10418.json,2026-05-25T02:06:15.625573,2026-06-02T23:13:12.608903,v0.7.0+
rp,/Volumes/Samsam/Public/USIdata/atal-sa/nowy-brynow-katowice-zespol-dzielnic-poludniowych/usi_rp_9535.json,2026-05-25T02:06:15.628430,2026-06-02T23:13:12.617252,v0.7.0+
rp,/Volumes/Samsam/Public/USIdata/atal-sa/ogrody-andersa-gliwice/usi_rp_15903.json,2026-05-25T02:06:15.652238,2026-06-02T23:13:12.674913,v0.7.0+
rp,/Volumes/Samsam/Public/USIdata/atal-sa/ogrody-andersa-iii-gliwice/usi_rp_18881.json,2026-05-25T02:06:15.660376,2026-06-02T23:13:12.693030,v0.7.0+
rp,/Volumes/Samsam/Public/USIdata/atal-sa/pomorska-park-etap-iii-lodz-widzew-stoki/usi_rp_9647.json,2026-05-25T02:06:15.711502,2026-06-02T23:13:12.805255,v0.7.0+
rp,/Volumes/Samsam/Public/USIdata/atal-sa/przystan-jasien-gdansk-jasien/usi_rp_16120.json,2026-05-25T02:06:15.722272,2026-06-02T23:13:12.826611,v0.7.0+
rp,/Volumes/Samsam/Public/USIdata/atal-sa/przystan-letnica-etap-ii-gdansk-letnica/usi_rp_13071.json,2026-05-25T02:06:15.725707,2026-06-02T23:13:12.835791,v0.7.0+
rp,/Volumes/Samsam/Public/USIdata/atal-sa/ptasia-20-poznan-grunwald-lawica/usi_rp_10534.json,2026-05-25T02:06:15.735569,2026-06-02T23:13:12.859779,v0.7.0+
rp,/Volumes/Samsam/Public/USIdata/atal-sa/rezydencja-chwaliszewo-poznan-stare-miasto-osiedle-stare-miasto/usi_rp_9974.json,2026-05-25T02:06:15.738526,2026-06-02T23:13:12.868516,v0.7.0+
rp,/Volumes/Samsam/Public/USIdata/atal-sa/sokolska-30-towers-katowice-zespol-dzielnic-srodmiejskich/usi_rp_16122.json,2026-05-25T02:06:15.750458,2026-06-02T23:13:12.893722,v0.7.0+
rp,/Volumes/Samsam/Public/USIdata/atal-sa/warszawska-58a-warszawa-golabki/usi_rp_17539.json,2026-05-25T02:06:15.767492,2026-06-02T23:13:12.922317,v0.7.0+
rp,/Volumes/Samsam/Public/USIdata/atal-sa/zrodlana-31-residence-piotrkow-trybunalski/usi_rp_14069.json,2026-05-25T02:06:15.847210,2026-06-02T23:13:13.007507,v0.7.0+
oto,/Volumes/Samsam/Public/USIdata/atal-zrodlana-31-residence/zrodlana-31-residence-atal/usi_oto_4g9vo.json,2026-05-25T02:06:15.329693,2026-05-25T02:06:15.329695,v0.7.0+
oto,/Volumes/Samsam/Public/USIdata/ataner-sp-z-o-o/swierzawska-13/usi_oto_4ySs8.json,2026-05-25T02:06:15.325894,2026-05-25T02:06:15.325895,v0.7.0+
oto,/Volumes/Samsam/Public/USIdata/atc-development/kepa-park-apartamenty-inwestycyjne/usi_oto_4tQRD.json,2026-05-25T02:06:15.322289,2026-05-25T02:06:15.322290,v0.7.0+
oto,/Volumes/Samsam/Public/USIdata/atc-development-sp-z-o-o/osiedle-kanva/usi_oto_4rMZL.json,2026-05-25T02:06:15.320182,2026-05-25T02:06:15.320183,v0.7.0+
rp,/Volumes/Samsam/Public/USIdata/atc-development-sp-z-oo/kepa-park-wroclaw-srodmiescie-nadodrze/usi_rp_12413.json,2026-05-25T02:06:15.312733,2026-06-02T23:13:11.973032,v0.7.0+
rp,/Volumes/Samsam/Public/USIdata/atc-development-sp-z-oo/osiedle-kanva-nowosolski/usi_rp_17361.json,2026-05-25T02:06:15.317213,2026-06-02T23:13:11.981174,v0.7.0+
oto,/Volumes/Samsam/Public/USIdata/ateli/starowiejska-3-mieszkania-inwestycyjne/usi_oto_4t4mZ.json,2026-05-25T02:06:15.308262,2026-05-25T02:06:15.308263,v0.7.0+
oto,/Volumes/Samsam/Public/USIdata/atelier-invest/apartamenty-zielona-dabrowka/usi_oto_4qtEl.json,2026-05-25T02:06:15.292125,2026-05-25T02:06:15.292127,v0.7.0+
oto,/Volumes/Samsam/Public/USIdata/atelier-invest/osiedle-wiazana-ul-wiazana-w-wa-wawer/usi_oto_4jfHi.json,2026-05-25T02:06:15.300456,2026-05-25T02:06:15.300458,v0.7.0+
oto,/Volumes/Samsam/Public/USIdata/atf-invest-sp-z-o-o/slowianska-park/usi_oto_4B6db.json,2026-05-25T02:06:15.286541,2026-05-25T02:06:15.286543,v0.7.0+
oto,/Volumes/Samsam/Public/USIdata/atf-invest-sp-z-o-o/slowianska-park/usi_oto_67947361.json,2026-05-25T02:06:15.286541,2026-06-02T11:05:02.744761,v0.7.0+
rp,/Volumes/Samsam/Public/USIdata/atidom/segmenty-jarzynowa-pruszkow/usi_rp_15883.json,2026-05-25T02:06:15.271981,2026-06-02T23:13:11.927693,v0.7.0+
rp,/Volumes/Samsam/Public/USIdata/atidom/segmenty-kusocinskiego-ozarow-mazowiecki/usi_rp_15884.json,2026-05-25T02:06:15.275413,2026-06-02T23:13:11.937319,v0.7.0+
rp,/Volumes/Samsam/Public/USIdata/atidom/segmenty-nalkowskiej-pruszkow/usi_rp_15872.json,2026-05-25T02:06:15.278219,2026-06-02T23:13:11.947187,v0.7.0+
rp,/Volumes/Samsam/Public/USIdata/atj-investments/kierpcowa-apartamenty-lodz-dolina-lodki/usi_rp_14291.json,2026-05-25T02:06:15.265179,2026-06-02T23:13:11.908908,v0.7.0+
rp,/Volumes/Samsam/Public/USIdata/atj-investments/nove-bema-lodz-julianow-marysin-rogi/usi_rp_19079.json,2026-05-25T02:06:15.269297,2026-06-02T23:13:11.919666,v0.7.0+
oto,/Volumes/Samsam/Public/USIdata/atlantis-deweloper/chocimska-residence/usi_oto_4zJRO.json,2026-05-25T02:06:15.259353,2026-05-25T02:06:15.259355,v0.7.0+
rp,/Volumes/Samsam/Public/USIdata/atlantis-deweloper-sp-z-oo/atlantis-prestige-park-opole/usi_rp_15434.json,2026-05-25T02:06:15.255847,2026-06-02T23:13:11.875687,v0.7.0+
oto,/Volumes/Samsam/Public/USIdata/atm-inwestycje/blekitne-aleje-xiv/usi_oto_4tyId.json,2026-05-25T02:06:15.248466,2026-05-25T02:06:15.248468,v0.7.0+
rp,/Volumes/Samsam/Public/USIdata/atm-inwestycje/domy-golfowe-trzebnicki-kryniczno/usi_rp_17392.json,2026-05-25T02:06:15.252672,2026-06-02T23:13:11.747334,v0.7.0+
oto,/Volumes/Samsam/Public/USIdata/atm-inwestycje-sp-z-o-o/kameralne-mieszkania-z-miejscem-postojowym-w-cenie-lokalu/usi_oto_68068827.json,2026-06-02T11:03:35.624607,2026-06-02T11:03:36.064199,v0.7.0+
rp,/Volumes/Samsam/Public/USIdata/atm-inwestycje-sp-z-oo/blekitne-aleje-wroclawski-bielany-wroclawskie/usi_rp_17406.json,2026-05-25T02:06:15.241879,2026-06-02T23:13:11.730292,v0.7.0+
rp,/Volumes/Samsam/Public/USIdata/atm-inwestycje-sp-z-oo/vivapark-wroclaw-wojszyce/usi_rp_17821.json,2026-05-25T02:06:15.244995,2026-06-02T23:13:11.738787,v0.7.0+
oto,/Volumes/Samsam/Public/USIdata/atmodom/wysoki-standard-w-atrakcyjnej-lokalizacji/usi_oto_4lTEN.json,2026-05-25T02:06:15.235337,2026-05-25T02:06:15.235338,v0.7.0+
oto,/Volumes/Samsam/Public/USIdata/atom-deweloper-sp-z-o-o/osiedle-przy-lipowej-i-etap-komorka-i-miejsce-parkingowe-w-cenie/usi_oto_4Bbta.json,2026-05-25T02:06:15.231609,2026-05-25T02:06:15.231611,v0.7.0+
oto,/Volumes/Samsam/Public/USIdata/atom-deweloper-sp-z-o-o/osiedle-przy-lipowej-i-etap-komorka-i-miejsce-parkingowe-w-cenie/usi_oto_67967572.json,2026-05-25T02:06:15.231609,2026-06-02T11:04:51.630406,v0.7.0+
oto,/Volumes/Samsam/Public/USIdata/atree-development-sp-z-o-o/zostal-juz-ostatni-z-4-domow-w-warszawiance/usi_oto_4qVdX.json,2026-05-25T02:06:15.222547,2026-05-25T02:06:15.222549,v0.7.0+
oto,/Volumes/Samsam/Public/USIdata/ats-invest-spolka-z-ograniczona-odpowiedzialnoscia/ats-invest-buraczana-21a/usi_oto_4xgTQ.json,2026-05-25T02:06:15.214315,2026-05-25T02:06:15.214316,v0.7.0+
oto,/Volumes/Samsam/Public/USIdata/aurec-capital-development-poland-sp-z-o-o/fabrica-ursus/usi_oto_4rhQx.json,2026-05-25T02:06:15.212193,2026-05-25T02:06:15.212197,v0.7.0+
rp,/Volumes/Samsam/Public/USIdata/aurec-capital-development-poland-sp-z-oo/miasteczko-jutrzenki-etap-iv-warszawa-salomea/usi_rp_14077.json,2026-05-25T02:06:15.195630,2026-06-02T23:13:11.671905,v0.7.0+
oto,/Volumes/Samsam/Public/USIdata/aurora-development-sp-z-o-o/rozany-potok-by-aurora-development/usi_oto_4qfn6.json,2026-05-25T02:06:15.171291,2026-05-25T02:06:15.171293,v0.7.0+
oto,/Volumes/Samsam/Public/USIdata/avalon-investments-spolka-z-ograniczona-odpowiedzialnoscia/osiedle-helios/usi_oto_4AxOy.json,2026-05-25T02:06:15.166904,2026-05-25T02:06:15.166906,v0.7.0+
oto,/Volumes/Samsam/Public/USIdata/avalon-investments-spolka-z-ograniczona-odpowiedzialnoscia/osiedle-helios/usi_oto_67815138.json,2026-05-25T02:06:15.166904,2026-06-02T11:05:58.231123,v0.7.0+
oto,/Volumes/Samsam/Public/USIdata/awangard-aros-development-sp-z-o-o/park-duleby-tu-zaczyna-sie-twoja-nowa-historia/usi_oto_4vPgy.json,2026-05-25T02:06:15.158141,2026-05-25T02:06:15.158142,v0.7.0+
to,/Volumes/Samsam/Public/USIdata/awbuddeveloper/malinowy-zakatek-ii-malinowa-10-12-kamieniec-wroclawski-mieszkania-na-sprzedaz/usi_to_9203484.json,2026-05-25T02:05:00.283669,2026-05-25T02:05:00.283672,v0.7.0+
oto,/Volumes/Samsam/Public/USIdata/awim-development-sp-z-o-o/wzgorze-gustawa/usi_oto_4x8Do.json,2026-05-25T02:06:15.152491,2026-05-25T02:06:15.152494,v0.7.0+
oto,/Volumes/Samsam/Public/USIdata/awim-spolka-z-ograniczona-odpowiedzialnoscia-krowodrza-spolka-komandytowa/szaflarska9/usi_oto_4yzRU.json,2026-05-25T02:06:15.104541,2026-05-25T02:06:15.104544,v0.7.0+
rp,/Volumes/Samsam/Public/USIdata/awm-deweloper/zacisze-wesola-warszawa-groszowka/usi_rp_18701.json,2026-05-25T02:06:15.099119,2026-06-02T23:13:11.484022,v0.7.0+
oto,/Volumes/Samsam/Public/USIdata/axo-invest/strefa-4/usi_oto_4zT5y.json,2026-05-25T02:06:15.090607,2026-05-25T02:06:15.090610,v0.7.0+
oto,/Volumes/Samsam/Public/USIdata/az-deweloper-sp-z-o-o/apartamenty-makowska-23/usi_oto_4Bmjj.json,2026-05-25T02:06:15.046926,2026-05-25T02:06:15.046930,v0.7.0+
oto,/Volumes/Samsam/Public/USIdata/az-deweloper-sp-z-o-o/apartamenty-makowska-23/usi_oto_68009245.json,2026-05-25T02:06:15.046926,2026-06-02T11:04:27.127020,v0.7.0+
oto,/Volumes/Samsam/Public/USIdata/balt-invest/la-vie-art/usi_oto_4p14h.json,2026-05-25T02:06:15.037315,2026-05-25T02:06:15.037317,v0.7.0+
rp,/Volumes/Samsam/Public/USIdata/baltic-estate/osiedle-slovianka-lodz-gorniak/usi_rp_14021.json,2026-05-25T02:06:15.020888,2026-06-02T23:13:11.423868,v0.7.0+
rp,/Volumes/Samsam/Public/USIdata/baltic-estate/pomorska-185-lodz-srodmiescie-srodmiescie-wschod/usi_rp_13689.json,2026-05-25T02:06:15.027478,2026-06-02T23:13:11.439418,v0.7.0+
rp,/Volumes/Samsam/Public/USIdata/baltic-estate/skal-lodz-zdrowie-mania/usi_rp_20389.json,2026-06-02T10:52:48.072547,2026-06-02T23:13:11.447331,v0.7.0+
rp,/Volumes/Samsam/Public/USIdata/balton-invest/dolne-migowo-g-h-gdansk-bretowo/usi_rp_16370.json,2026-05-25T02:06:15.002554,2026-06-02T23:13:11.381366,v0.7.0+
rp,/Volumes/Samsam/Public/USIdata/balton-invest/gnieznienska-invest-gdansk-osowa/usi_rp_16369.json,2026-05-25T02:06:15.007269,2026-06-02T23:13:11.390867,v0.7.0+
rp,/Volumes/Samsam/Public/USIdata/balton-invest/gostynska-invest-gdansk-kokoszki/usi_rp_17156.json,2026-05-25T02:06:15.010503,2026-06-02T23:13:11.398494,v0.7.0+
rp,/Volumes/Samsam/Public/USIdata/balton-invest/gostynska-invest-ii-gdansk-kokoszki/usi_rp_17930.json,2026-05-25T02:06:15.013502,2026-06-02T23:13:11.405213,v0.7.0+
oto,/Volumes/Samsam/Public/USIdata/baltycka-6-sp-z-o-o/osiedle-kolobrzeskie/usi_oto_4pPLa.json,2026-05-25T02:06:14.994236,2026-05-25T02:06:14.994237,v0.7.0+
oto,/Volumes/Samsam/Public/USIdata/baltycka-6-sp-z-o-o/zurawia-18/usi_oto_4gDxW.json,2026-05-25T02:06:14.998774,2026-05-25T02:06:14.998776,v0.7.0+
rp,/Volumes/Samsam/Public/USIdata/barbary-19/apartamenty-zacisze-oswiecim-oswiecim/usi_rp_14439.json,2026-05-25T02:06:14.986374,2026-06-02T23:13:11.364113,v0.7.0+
oto,/Volumes/Samsam/Public/USIdata/barc-warszawa/comfort-city-koral/usi_oto_4sYr4.json,2026-05-25T02:06:14.978891,2026-05-25T02:06:14.978893,v0.7.0+
oto,/Volumes/Samsam/Public/USIdata/barc-warszawa/comfort-city-szmaragd/usi_oto_4nurm.json,2026-05-25T02:06:14.983410,2026-05-25T02:06:14.983412,v0.7.0+
rp,/Volumes/Samsam/Public/USIdata/barjasz-investment/zakatek-flora-torun/usi_rp_17336.json,2026-05-25T02:06:14.960156,2026-06-02T23:13:11.331787,v0.7.0+
oto,/Volumes/Samsam/Public/USIdata/bartycka-real-estate/noble-residence/usi_oto_4d9w2.json,2026-05-25T02:06:14.953080,2026-05-25T02:06:14.953082,v0.7.0+
oto,/Volumes/Samsam/Public/USIdata/basiewicz-developer-z-przestrzenia/nowa-sosnowa-nowoczesne-mieszkania-w-elku/usi_oto_4z5qR.json,2026-05-25T02:06:14.942177,2026-05-25T02:06:14.942183,v0.7.0+
oto,/Volumes/Samsam/Public/USIdata/basiewicz-developer-z-przestrzenia/portovia-najbardziej-pozadana-lokalizacja-na-mazurach/usi_oto_4xRsm.json,2026-05-25T02:06:14.947974,2026-05-25T02:06:14.947979,v0.7.0+
oto,/Volumes/Samsam/Public/USIdata/batorego-4-sp-z-o-o/osiedle-przy-kampinosie/usi_oto_4eZ6S.json,2026-05-25T02:06:14.930355,2026-05-25T02:06:14.930363,v0.7.0+
oto,/Volumes/Samsam/Public/USIdata/batorego-4-sp-z-o-o/swiatowida-61b/usi_oto_4yo3u.json,2026-05-25T02:06:14.936581,2026-05-25T02:06:14.936588,v0.7.0+
to,/Volumes/Samsam/Public/USIdata/batorego4/swiatowida-61b-warszawa-bialoleka-tarchomin-mieszkania-na-sprzedaz/usi_to_9200301.json,2026-05-25T02:05:00.272264,2026-05-25T02:05:00.272267,v0.7.0+
oto,/Volumes/Samsam/Public/USIdata/batory-projekt-orlowo-square-sp-z-o-o/orlowo-square/usi_oto_4lbID.json,2026-05-25T02:06:14.918086,2026-05-25T02:06:14.918091,v0.7.0+
oto,/Volumes/Samsam/Public/USIdata/bauking-violetta-dzierla/apartamenty-pod-lipami-dobrzyca-bauking/usi_oto_4mejn.json,2026-05-25T02:06:14.899431,2026-05-25T02:06:14.899435,v0.7.0+
oto,/Volumes/Samsam/Public/USIdata/bauking-violetta-dzierla/gostyn-apartamenty-centrum-bauking/usi_oto_4krkD.json,2026-05-25T02:06:14.905614,2026-05-25T02:06:14.905620,v0.7.0+
oto,/Volumes/Samsam/Public/USIdata/bauking-violetta-dzierla/jarocin-apartamenty-przy-lesie-bauking/usi_oto_4kucL.json,2026-05-25T02:06:14.911849,2026-05-25T02:06:14.911854,v0.7.0+
oto,/Volumes/Samsam/Public/USIdata/bautech-development/classy-swietojanska/usi_oto_4AOZd.json,2026-05-25T02:06:14.893268,2026-05-25T02:06:14.893276,v0.7.0+
oto,/Volumes/Samsam/Public/USIdata/bautech-development/classy-swietojanska/usi_oto_67881147.json,2026-05-25T02:06:14.893268,2026-06-02T11:05:27.816675,v0.7.0+
rp,/Volumes/Samsam/Public/USIdata/bautech-development-sp-z-oo/classy-swietojanska-piaseczno/usi_rp_20238.json,2026-05-25T02:06:14.886579,2026-06-02T23:13:11.313494,v0.7.0+
oto,/Volumes/Samsam/Public/USIdata/bazancia-sp-z-o-o/osiedle-sloneczne-ogrody-ursynow/usi_oto_4owZi.json,2026-05-25T02:06:14.875431,2026-05-25T02:06:14.875435,v0.7.0+
oto,/Volumes/Samsam/Public/USIdata/bb-capital-group/osiedle-kwiatowe-ii/usi_oto_4tLch.json,2026-05-25T02:06:14.870403,2026-05-25T02:06:14.870406,v0.7.0+
rp,/Volumes/Samsam/Public/USIdata/bbi-development-sa/centrum-praskie-koneser-etap-i-warszawa-praga-polnoc-stara-praga/usi_rp_3247.json,2026-05-25T02:06:14.850952,2026-06-02T23:13:11.271630,v0.7.0+
rp,/Volumes/Samsam/Public/USIdata/bbi-development-sa/centrum-praskie-koneser-warszawa-praga-polnoc-szmulowizna/usi_rp_5556.json,2026-05-25T02:06:14.856658,2026-06-02T23:13:11.278386,v0.7.0+
rp,/Volumes/Samsam/Public/USIdata/bbi-development-sa/male-blonia-szczecin-polnoc-warszewo/usi_rp_1240.json,2026-05-25T02:06:14.861203,2026-06-02T23:13:11.286630,v0.7.0+
rp,/Volumes/Samsam/Public/USIdata/bbi-development-sa/zlota-44-warszawa-srodmiescie-srodmiescie-polnocne/usi_rp_9954.json,2026-05-25T02:06:14.865708,2026-06-02T23:13:11.293777,v0.7.0+
oto,/Volumes/Samsam/Public/USIdata/bd-inwestor/premier-park/usi_oto_3Vy1i.json,2026-05-25T02:06:14.835849,2026-05-25T02:06:14.835851,v0.7.0+
rp,/Volumes/Samsam/Public/USIdata/bd-inwestor/premier-park-ii-katowice-osiedle-witosa/usi_rp_17837.json,2026-05-25T02:06:14.840261,2026-06-02T23:13:11.234600,v0.7.0+
rp,/Volumes/Samsam/Public/USIdata/bd-inwestor/premier-park-katowice-zespol-dzielnic-polnocnych/usi_rp_10676.json,2026-05-25T02:06:14.846168,2026-06-02T23:13:11.262032,v0.7.0+
rp,/Volumes/Samsam/Public/USIdata/becher-sp-zoo-spolka-komandytowo-akcyjna/becher-turystyczna-kielce/usi_rp_15344.json,2026-05-25T02:06:14.814178,2026-06-02T23:13:11.075779,v0.7.0+
rp,/Volumes/Samsam/Public/USIdata/becher-sp-zoo-spolka-komandytowo-akcyjna/klonovia-kielce/usi_rp_15435.json,2026-05-25T02:06:14.818437,2026-06-02T23:13:11.084217,v0.7.0+
rp,/Volumes/Samsam/Public/USIdata/becher-sp-zoo-spolka-komandytowo-akcyjna/park-sosnowy-kielce/usi_rp_15672.json,2026-05-25T02:06:14.822250,2026-06-02T23:13:11.089858,v0.7.0+
oto,/Volumes/Samsam/Public/USIdata/bee-project-sp-z-o-o/osiedle-salix-izabelin-k-legionowa-duze-dzialki/usi_oto_4qkkG.json,2026-05-25T02:06:14.809736,2026-05-25T02:06:14.809739,v0.7.0+
oto,/Volumes/Samsam/Public/USIdata/belisa-development-sp-z-o-o/park-poludnie-ii/usi_oto_4u0nE.json,2026-05-25T02:06:14.805164,2026-05-25T02:06:14.805166,v0.7.0+
rp,/Volumes/Samsam/Public/USIdata/bem-ii-development-sp-z-oo-spk/osiedle-podlesna-kobylka/usi_rp_17404.json,2026-05-25T02:06:14.800274,2026-06-02T23:13:11.068369,v0.7.0+
oto,/Volumes/Samsam/Public/USIdata/bema-atj-investments-sp-z-o-o/kierpcowa-apartamenty/usi_oto_4Awwv.json,2026-05-25T02:06:14.779956,2026-05-25T02:06:14.779958,v0.7.0+
oto,/Volumes/Samsam/Public/USIdata/bema-atj-investments-sp-z-o-o/nove-bema/usi_oto_4AuYr.json,2026-05-25T02:06:14.795989,2026-05-25T02:06:14.795991,v0.7.0+
oto,/Volumes/Samsam/Public/USIdata/berg-inwestycje/apartamenty-jana-pawla/usi_oto_4l0jT.json,2026-05-25T02:06:14.775853,2026-05-25T02:06:14.775855,v0.7.0+
oto,/Volumes/Samsam/Public/USIdata/bert-invest/osiedle-zielona-chorzowska-nowoczesna-inwestycja/usi_oto_4ymqN.json,2026-05-25T02:06:14.771944,2026-05-25T02:06:14.771946,v0.7.0+
rp,/Volumes/Samsam/Public/USIdata/bert-invest-sp-z-oo/osiedle-zielona-chorzowska-ruda-slaska/usi_rp_18828.json,2026-05-25T02:06:14.768386,2026-06-02T23:13:11.058671,v0.7.0+
oto,/Volumes/Samsam/Public/USIdata/best-deweloper-sp-z-o-o/osiedle-chmielewskiego-24-etap-ii/usi_oto_41sOS.json,2026-05-25T02:06:14.764554,2026-05-25T02:06:14.764555,v0.7.0+
rp,/Volumes/Samsam/Public/USIdata/besta-pb-sp-z-oo/dworzysko-park-etap-iii-rzeszow/usi_rp_18994.json,2026-05-25T02:06:14.760883,2026-06-02T23:13:11.049911,v0.7.0+
oto,/Volumes/Samsam/Public/USIdata/besta-przedsiebiorstwo-budowlane-sp-z-o-o/dworzysko-park/usi_oto_4ifyH.json,2026-05-25T02:06:14.756338,2026-05-25T02:06:14.756340,v0.7.0+
oto,/Volumes/Samsam/Public/USIdata/bestate-nieruchomosci-tarnow/nowa-pradolina/usi_oto_4xKtN.json,2026-05-25T02:06:14.751913,2026-05-25T02:06:14.751915,v0.7.0+
rp,/Volumes/Samsam/Public/USIdata/beta-projekt-jacek-choinski-sp-j/dzielnica-hrabska-ii-pruszkowski-falenty-nowe/usi_rp_18417.json,2026-05-25T02:06:14.724045,2026-06-02T23:13:10.992649,v0.7.0+
oto,/Volumes/Samsam/Public/USIdata/beta-projekt-jacek-choinski-sp-j/osiedle-szumiacych-traw/usi_oto_4rbfo.json,2026-05-25T02:06:14.729300,2026-05-25T02:06:14.729302,v0.7.0+
rp,/Volumes/Samsam/Public/USIdata/beta-projekt-jacek-choinski-sp-j/osiedle-szumiacych-traw-bialostocki-lyski/usi_rp_17840.json,2026-05-25T02:06:14.732674,2026-06-02T23:13:11.000694,v0.7.0+
rp,/Volumes/Samsam/Public/USIdata/beta-projekt-jacek-choinski-sp-j/rezydencja-jaworowa-etap-iii-pruszkowski-jaworowa/usi_rp_15642.json,2026-05-25T02:06:14.736226,2026-06-02T23:13:11.008917,v0.7.0+
rp,/Volumes/Samsam/Public/USIdata/beta-projekt-jacek-choinski-sp-j/rezydencja-jaworowa-etap-iiib-pruszkowski-jaworowa/usi_rp_16048.json,2026-05-25T02:06:14.740299,2026-06-02T23:13:11.018424,v0.7.0+
rp,/Volumes/Samsam/Public/USIdata/beta-projekt-jacek-choinski-sp-j/rezydencja-jaworowa-etap-iiic-pruszkowski-jaworowa/usi_rp_16047.json,2026-05-25T02:06:14.743267,2026-06-02T23:13:11.024798,v0.7.0+
rp,/Volumes/Samsam/Public/USIdata/beta-projekt-jacek-choinski-sp-j/rezydencja-jaworowa-etap-iiid-pruszkowski-jaworowa/usi_rp_16287.json,2026-05-25T02:06:14.746136,2026-06-02T23:13:11.033265,v0.7.0+
rp,/Volumes/Samsam/Public/USIdata/beta-projekt-jacek-choinski-sp-j/rezydencja-jaworowa-etap-iv-pruszkowski-jaworowa/usi_rp_17032.json,2026-05-25T02:06:14.749031,2026-06-02T23:13:11.042490,v0.7.0+
oto,/Volumes/Samsam/Public/USIdata/beton-stal-ostroleka-development/latyczowska-16/usi_oto_4sax7.json,2026-05-25T02:06:14.719100,2026-05-25T02:06:14.719102,v0.7.0+
oto,/Volumes/Samsam/Public/USIdata/betpol-dom/dzikiej-gesi-6/usi_oto_4rLFl.json,2026-05-25T02:06:14.715320,2026-05-25T02:06:14.715321,v0.7.0+
oto,/Volumes/Samsam/Public/USIdata/bg-development/osiedle-gloskow-dom-premium/usi_oto_4qUNQ.json,2026-05-25T02:06:14.712029,2026-05-25T02:06:14.712030,v0.7.0+
oto,/Volumes/Samsam/Public/USIdata/bik-bud-spolka-z-ograniczona-odpowiedzialnoscia/beskidzkie-zacisze/usi_oto_68063619.json,2026-06-02T11:03:42.412880,2026-06-02T11:03:42.858307,v0.7.0+
rp,/Volumes/Samsam/Public/USIdata/bim-project-2-sp-z-oo-sp-k/wille-estezja-wroclaw-lipa-piotrowska/usi_rp_17659.json,2026-05-25T02:06:14.705589,2026-06-02T23:13:10.959675,v0.7.0+
oto,/Volumes/Samsam/Public/USIdata/bin-inwestycje-sp-z-o-o/osiedle-farbiarska/usi_oto_4xQ7J.json,2026-05-25T02:06:14.693944,2026-05-25T02:06:14.693945,v0.7.0+
rp,/Volumes/Samsam/Public/USIdata/birkbud/apartamenty-sienkiewicza-bialystok/usi_rp_15569.json,2026-05-25T02:06:14.684857,2026-06-02T23:13:10.885235,v0.7.0+
rp,/Volumes/Samsam/Public/USIdata/birkbud/zakatek-dolistowka-bialystok/usi_rp_16070.json,2026-05-25T02:06:14.688382,2026-06-02T23:13:10.894609,v0.7.0+
rp,/Volumes/Samsam/Public/USIdata/birkbud/zlote-kaskady-etap-i-bialostocki-kleosin/usi_rp_15567.json,2026-05-25T02:06:14.691158,2026-06-02T23:13:10.903372,v0.7.0+
oto,/Volumes/Samsam/Public/USIdata/biuro-dewelopera-big-city-broker/zielone-tarasy-botanik/usi_oto_4rb28.json,2026-05-25T02:06:14.679870,2026-05-25T02:06:14.679873,v0.7.0+
oto,/Volumes/Samsam/Public/USIdata/biuro-dewelopera-zmirob/stary-browar/usi_oto_4nVOh.json,2026-05-25T02:06:14.675799,2026-05-25T02:06:14.675801,v0.7.0+
rp,/Volumes/Samsam/Public/USIdata/biuro-deweloperskie/korczaka-apartamenty-katowice-szopienice-burowiec/usi_rp_18382.json,2026-05-25T02:06:14.664567,2026-06-02T23:13:10.859396,v0.7.0+
oto,/Volumes/Samsam/Public/USIdata/biuro-deweloperskie-twoje-wymarzone-m/nowomiejska-9/usi_oto_4nC68.json,2026-05-25T02:06:14.642943,2026-05-25T02:06:14.642945,v0.7.0+
oto,/Volumes/Samsam/Public/USIdata/biuro-deweloperskie-twoje-wymarzone-m/nowy-manhattan/usi_oto_4p3PG.json,2026-05-25T02:06:14.648831,2026-05-25T02:06:14.648833,v0.7.0+
oto,/Volumes/Samsam/Public/USIdata/biuro-deweloperskie-twoje-wymarzone-m/willa-przy-parku/usi_oto_4tLJq.json,2026-05-25T02:06:14.652644,2026-05-25T02:06:14.652647,v0.7.0+
oto,/Volumes/Samsam/Public/USIdata/biuro-deweloperskie-twoje-wymarzone-m/zamkowe-tarasy/usi_oto_4vXrS.json,2026-05-25T02:06:14.656943,2026-05-25T02:06:14.656945,v0.7.0+
oto,/Volumes/Samsam/Public/USIdata/biuro-deweloperskie-twoje-wymarzone-m/zielone-zagorze-nowe-segmenty-gotowe-do-odbioru/usi_oto_4kMnU.json,2026-05-25T02:06:14.660474,2026-05-25T02:06:14.660475,v0.7.0+
oto,/Volumes/Samsam/Public/USIdata/biuro-nieruchomosci-proins-piotr-baran-i-s-ka-spolka-jawna/przewoz-4/usi_oto_4Bcsm.json,2026-05-25T02:06:14.636489,2026-05-25T02:06:14.636493,v0.7.0+
oto,/Volumes/Samsam/Public/USIdata/biuro-nieruchomosci-proins-piotr-baran-i-s-ka-spolka-jawna/przewoz-4/usi_oto_67971366.json,2026-05-25T02:06:14.636489,2026-06-02T11:04:49.319857,v0.7.0+
oto,/Volumes/Samsam/Public/USIdata/biuro-sprzedazy/apartamenty-wodna-w-sercu-lodzi/usi_oto_4ypbd.json,2026-05-25T02:06:14.622108,2026-05-25T02:06:14.622109,v0.7.0+
oto,/Volumes/Samsam/Public/USIdata/biuro-sprzedazy/nova-srodula/usi_oto_4gacz.json,2026-05-25T02:06:14.626160,2026-05-25T02:06:14.626162,v0.7.0+
oto,/Volumes/Samsam/Public/USIdata/biuro-sprzedazy/osiedle-greenville-w-lesznowoli-sprawdz-promocje/usi_oto_4rLSf.json,2026-05-25T02:06:14.631285,2026-05-25T02:06:14.631287,v0.7.0+
oto,/Volumes/Samsam/Public/USIdata/biuro-sprzedazy-osiedle-ozon-megapolis-spolka-z-o-o/nowe-osiedle-ozon/usi_oto_4Bhv7.json,2026-05-25T02:06:14.602467,2026-05-25T02:06:14.602469,v0.7.0+
oto,/Volumes/Samsam/Public/USIdata/biuro-sprzedazy-osiedle-ozon-megapolis-spolka-z-o-o/nowe-osiedle-ozon/usi_oto_67990819.json,2026-05-25T02:06:14.602467,2026-06-02T11:04:40.510279,v0.7.0+
oto,/Volumes/Samsam/Public/USIdata/biuro-sprzedazy-osiedle-ozon-megapolis-spolka-z-o-o/osiedle-ozon/usi_oto_4B9zM.json,2026-05-25T02:06:14.607031,2026-05-25T02:06:14.607032,v0.7.0+
oto,/Volumes/Samsam/Public/USIdata/biuro-sprzedazy-osiedle-ozon-megapolis-spolka-z-o-o/osiedle-ozon/usi_oto_67960294.json,2026-05-25T02:06:14.607031,2026-06-02T11:04:54.690975,v0.7.0+
oto,/Volumes/Samsam/Public/USIdata/biuro-sprzedazy-osiedle-ozon-megapolis-spolka-z-o-o/osiedle-ozon-7/usi_oto_4B9A9.json,2026-05-25T02:06:14.610452,2026-05-25T02:06:14.610453,v0.7.0+
oto,/Volumes/Samsam/Public/USIdata/biuro-sprzedazy-osiedle-ozon-megapolis-spolka-z-o-o/osiedle-ozon-7/usi_oto_67960317.json,2026-05-25T02:06:14.610452,2026-06-02T11:04:54.106966,v0.7.0+
oto,/Volumes/Samsam/Public/USIdata/biuro-sprzedazy-osiedle-ozon-megapolis-spolka-z-o-o/osiedle-ozon-etap-5-i-6/usi_oto_4x4Mz.json,2026-05-25T02:06:14.613461,2026-05-25T02:06:14.613463,v0.7.0+
oto,/Volumes/Samsam/Public/USIdata/biuro-sprzedazy-osiedle-ozon-megapolis-spolka-z-o-o/osiedle-ozon-etap-7/usi_oto_4yRf3.json,2026-05-25T02:06:14.617147,2026-05-25T02:06:14.617148,v0.7.0+
oto,/Volumes/Samsam/Public/USIdata/biuro-sprzedazy-wysocka-park/wysocka-park/usi_oto_4AkXE.json,2026-05-25T02:06:14.597132,2026-05-25T02:06:14.597133,v0.7.0+
to,/Volumes/Samsam/Public/USIdata/bjm/jeziorowa-prestige-house-warszawa-wawer-zerzen-mieszkania-na-sprzedaz/usi_to_9145132.json,2026-05-25T02:05:00.258967,2026-05-25T02:05:00.258971,v0.7.0+
oto,/Volumes/Samsam/Public/USIdata/bjm-development/pasaz-abrahama/usi_oto_4k7ab.json,2026-05-25T02:06:14.593430,2026-05-25T02:06:14.593432,v0.7.0+
rp,/Volumes/Samsam/Public/USIdata/bjm-development-sp-z-oo-spk/pasaz-abrahama-warszawa-goclaw/usi_rp_14481.json,2026-05-25T02:06:14.589684,2026-06-02T23:13:10.849616,v0.7.0+
oto,/Volumes/Samsam/Public/USIdata/blackstone-investments/podlesna-homes/usi_oto_4jp8J.json,2026-05-25T02:06:14.586391,2026-05-25T02:06:14.586392,v0.7.0+
oto,/Volumes/Samsam/Public/USIdata/bld-project-2-sp-zo-o/livo/usi_oto_4ArEP.json,2026-05-25T02:06:14.577819,2026-05-25T02:06:14.577822,v0.7.0+
oto,/Volumes/Samsam/Public/USIdata/blekitny-wawer/osiedle-blekitny-wawer/usi_oto_4f6AI.json,2026-05-25T02:06:14.572504,2026-05-25T02:06:14.572506,v0.7.0+
oto,/Volumes/Samsam/Public/USIdata/blockhaus/cityzen-tychy-ogrod-w-standardzie-ultra/usi_oto_4xmUU.json,2026-05-25T02:06:14.552702,2026-05-25T02:06:14.552703,v0.7.0+
oto,/Volumes/Samsam/Public/USIdata/blockhaus/domy-katovice-etap-ii-mieszkaj-bez-ograniczen/usi_oto_4ie5h.json,2026-05-25T02:06:14.557528,2026-05-25T02:06:14.557530,v0.7.0+
oto,/Volumes/Samsam/Public/USIdata/blockhaus/ivy-by-blockhaus-zamieszkaj-w-centrum-mikolowa/usi_oto_4rfop.json,2026-05-25T02:06:14.563122,2026-05-25T02:06:14.563126,v0.7.0+
oto,/Volumes/Samsam/Public/USIdata/blockhaus/vi-by-blockhaus-wzor-na-twoje-nowe-m/usi_oto_4nwlB.json,2026-05-25T02:06:14.567994,2026-05-25T02:06:14.567997,v0.7.0+
oto,/Volumes/Samsam/Public/USIdata/blockhaus-sp-z-o-o/cityzen-by-blockhaus/usi_oto_4AjPN.json,2026-05-25T02:06:14.545035,2026-05-25T02:06:14.545037,v0.7.0+
oto,/Volumes/Samsam/Public/USIdata/blockhaus-sp-z-o-o/ivy-by-blockhaus-zamieszkaj-w-centrum-mikolowa/usi_oto_4wL6n.json,2026-05-25T02:06:14.549474,2026-05-25T02:06:14.549476,v0.7.0+
oto,/Volumes/Samsam/Public/USIdata/blockpol/midaqua-apartments/usi_oto_4BnRg.json,2026-05-25T02:06:14.534187,2026-05-25T02:06:14.534188,v0.7.0+
oto,/Volumes/Samsam/Public/USIdata/blockpol/midaqua-apartments/usi_oto_68015194.json,2026-05-25T02:06:14.534187,2026-06-02T11:04:23.918790,v0.7.0+
oto,/Volumes/Samsam/Public/USIdata/blockpol/osiedle-karmelkowa/usi_oto_4BnHj.json,2026-05-25T02:06:14.540859,2026-05-25T02:06:14.540862,v0.7.0+
oto,/Volumes/Samsam/Public/USIdata/blockpol/osiedle-karmelkowa/usi_oto_68014577.json,2026-05-25T02:06:14.540859,2026-06-02T11:04:24.512768,v0.7.0+
rp,/Volumes/Samsam/Public/USIdata/blockpol-developer-sp-z-oo/brzoskwiniowe-poludnie-wroclawski-mokronos-dolny/usi_rp_17353.json,2026-05-25T02:06:14.530429,2026-06-02T23:13:10.831623,v0.7.0+
rp,/Volumes/Samsam/Public/USIdata/bm-development-sp-z-oo/osiedle-paderewskiego-bartoszycki-bartoszyce/usi_rp_15850.json,2026-05-25T02:06:14.527438,2026-06-02T23:13:10.822834,v0.7.0+
oto,/Volumes/Samsam/Public/USIdata/bmc-budujemy-marzenia/trend-moda-na-gdynie/usi_oto_4yKOa.json,2026-05-25T02:06:14.522705,2026-05-25T02:06:14.522707,v0.7.0+
rp,/Volumes/Samsam/Public/USIdata/bmm-deweloper/apartamenty-wesola-olawa/usi_rp_14835.json,2026-05-25T02:06:14.476705,2026-06-02T23:13:10.722588,v0.7.0+
rp,/Volumes/Samsam/Public/USIdata/bmm-deweloper/domki-dzierzonia-olawa/usi_rp_15478.json,2026-05-25T02:06:14.480529,2026-06-02T23:13:10.730107,v0.7.0+
rp,/Volumes/Samsam/Public/USIdata/bmm-deweloper/sloneczny-nowy-otok-etap-v-olawa/usi_rp_16293.json,2026-05-25T02:06:14.489361,2026-06-02T23:13:10.745601,v0.7.0+
rp,/Volumes/Samsam/Public/USIdata/bmm-deweloper/sloneczny-nowy-otok-etap-vi-olawa/usi_rp_16295.json,2026-05-25T02:06:14.493288,2026-06-02T23:13:10.751553,v0.7.0+
oto,/Volumes/Samsam/Public/USIdata/bmm-deweloper-2/malownicza-poludnie/usi_oto_4ztoy.json,2026-05-25T02:06:14.468733,2026-05-25T02:06:14.468734,v0.7.0+
oto,/Volumes/Samsam/Public/USIdata/bmm-deweloper-2/sloneczny-nowy-otok-malownicza-nowy-etap/usi_oto_4qVd1.json,2026-05-25T02:06:14.472977,2026-05-25T02:06:14.472978,v0.7.0+
rp,/Volumes/Samsam/Public/USIdata/bnm-development-sp-z-oo/male-wilczyce-etap-8-szereg-a1-wroclawski-wilczyce/usi_rp_14335.json,2026-05-25T02:06:14.443819,2026-06-02T23:13:10.657780,v0.7.0+
rp,/Volumes/Samsam/Public/USIdata/bnm-development-sp-z-oo/male-wilczyce-etap-8-szereg-b1-wroclawski-wilczyce/usi_rp_14337.json,2026-05-25T02:06:14.448175,2026-06-02T23:13:10.666515,v0.7.0+
rp,/Volumes/Samsam/Public/USIdata/bnm-development-sp-z-oo/male-wilczyce-etap-8-szereg-b2-wroclawski-wilczyce/usi_rp_16377.json,2026-05-25T02:06:14.451252,2026-06-02T23:13:10.672772,v0.7.0+
rp,/Volumes/Samsam/Public/USIdata/bnm-development-sp-z-oo/male-wilczyce-etap-8-szereg-c1-wroclawski-wilczyce/usi_rp_14338.json,2026-05-25T02:06:14.453984,2026-06-02T23:13:10.681154,v0.7.0+
rp,/Volumes/Samsam/Public/USIdata/bnm-development-sp-z-oo/male-wilczyce-etap-8-szereg-c2-wroclawski-wilczyce/usi_rp_16486.json,2026-05-25T02:06:14.456784,2026-06-02T23:13:10.687954,v0.7.0+
rp,/Volumes/Samsam/Public/USIdata/bnm-development-sp-z-oo/male-wilczyce-etap-8-szereg-d-wroclawski-wilczyce/usi_rp_16037.json,2026-05-25T02:06:14.460120,2026-06-02T23:13:10.696452,v0.7.0+
oto,/Volumes/Samsam/Public/USIdata/boheno/apartamenty-ksiazece/usi_oto_4ymIA.json,2026-05-25T02:06:14.436317,2026-05-25T02:06:14.436319,v0.7.0+
rp,/Volumes/Samsam/Public/USIdata/bold-homes/osiedle-pomorska-461-lodz-mileszki/usi_rp_16196.json,2026-05-25T02:06:14.432631,2026-06-02T23:13:10.618766,v0.7.0+
oto,/Volumes/Samsam/Public/USIdata/bonum-r-sp-z-o-o-spolka-komandytowa/wita-stwosza-49-obok-nr-43/usi_oto_4rzFo.json,2026-05-25T02:06:14.429162,2026-05-25T02:06:14.429163,v0.7.0+
oto,/Volumes/Samsam/Public/USIdata/bonus-nieruchomosci/stara-drukarnia-apartamenty/usi_oto_4sy6T.json,2026-05-25T02:06:14.422536,2026-05-25T02:06:14.422537,v0.7.0+
rp,/Volumes/Samsam/Public/USIdata/bonus-nieruchomosci/warszawska-gryficki-rewal/usi_rp_19452.json,2026-05-25T02:06:14.425869,2026-06-02T23:13:10.491478,v0.7.0+
rp,/Volumes/Samsam/Public/USIdata/boro/zakatek-gebarzewska-radom/usi_rp_15820.json,2026-05-25T02:06:14.418624,2026-06-02T23:13:10.481757,v0.7.0+
oto,/Volumes/Samsam/Public/USIdata/bouygues-immobilier-polska/neo-praga/usi_oto_4t9HN.json,2026-05-25T02:06:14.398040,2026-05-25T02:06:14.398041,v0.7.0+
oto,/Volumes/Samsam/Public/USIdata/bouygues-immobilier-polska/nova-talarowa/usi_oto_4k6q2.json,2026-05-25T02:06:14.402407,2026-05-25T02:06:14.402409,v0.7.0+
oto,/Volumes/Samsam/Public/USIdata/bouygues-immobilier-polska/osiedle-lumea-6/usi_oto_4tbYk.json,2026-05-25T02:06:14.406319,2026-05-25T02:06:14.406321,v0.7.0+
oto,/Volumes/Samsam/Public/USIdata/bouygues-immobilier-polska/rve/usi_oto_4rM8p.json,2026-05-25T02:06:14.410585,2026-05-25T02:06:14.410588,v0.7.0+
oto,/Volumes/Samsam/Public/USIdata/bouygues-immobilier-polska/vilda-arte/usi_oto_4tbXs.json,2026-05-25T02:06:14.414665,2026-05-25T02:06:14.414667,v0.7.0+
rp,/Volumes/Samsam/Public/USIdata/bouygues-immobilier-polska-sp-z-oo/accent-eco-warszawa-bemowo-chrzanow/usi_rp_5237.json,2026-05-25T02:06:14.201798,2026-06-02T23:13:09.974386,v0.7.0+
rp,/Volumes/Samsam/Public/USIdata/bouygues-immobilier-polska-sp-z-oo/aparte-mokotow-warszawa-mokotow-siekierki/usi_rp_13609.json,2026-05-25T02:06:14.209046,2026-06-02T23:13:09.992324,v0.7.0+
rp,/Volumes/Samsam/Public/USIdata/bouygues-immobilier-polska-sp-z-oo/arte-nova-warszawa-wola-odolany/usi_rp_3217.json,2026-05-25T02:06:14.212204,2026-06-02T23:13:09.998288,v0.7.0+
rp,/Volumes/Samsam/Public/USIdata/bouygues-immobilier-polska-sp-z-oo/atelier-praga-2-warszawa-praga-polnoc-stara-praga/usi_rp_9859.json,2026-05-25T02:06:14.215445,2026-06-02T23:13:10.008374,v0.7.0+
rp,/Volumes/Samsam/Public/USIdata/bouygues-immobilier-polska-sp-z-oo/avangarden-warszawa-wilanow-blonia-wilanowskie/usi_rp_167.json,2026-05-25T02:06:14.219152,2026-06-02T23:13:10.017937,v0.7.0+
rp,/Volumes/Samsam/Public/USIdata/bouygues-immobilier-polska-sp-z-oo/avenir-warszawa-rakow/usi_rp_16935.json,2026-05-25T02:06:14.223262,2026-06-02T23:13:10.026575,v0.7.0+
rp,/Volumes/Samsam/Public/USIdata/bouygues-immobilier-polska-sp-z-oo/bell-arte-warszawa-wola-odolany/usi_rp_225.json,2026-05-25T02:06:14.226400,2026-06-02T23:13:10.036022,v0.7.0+
rp,/Volumes/Samsam/Public/USIdata/bouygues-immobilier-polska-sp-z-oo/belleville-wroclaw-krzyki-tarnogaj/usi_rp_6603.json,2026-05-25T02:06:14.229101,2026-06-02T23:13:10.042081,v0.7.0+
rp,/Volumes/Samsam/Public/USIdata/bouygues-immobilier-polska-sp-z-oo/camelia-warszawa-wlochy-nowe-wlochy/usi_rp_8413.json,2026-05-25T02:06:14.232111,2026-06-02T23:13:10.052233,v0.7.0+
rp,/Volumes/Samsam/Public/USIdata/bouygues-immobilier-polska-sp-z-oo/cerisier-residence-poznan-grunwald-grunwald-poludnie/usi_rp_10077.json,2026-05-25T02:06:14.243995,2026-06-02T23:13:10.080059,v0.7.0+
rp,/Volumes/Samsam/Public/USIdata/bouygues-immobilier-polska-sp-z-oo/enclave-pruszkowski-pruszkow/usi_rp_9116.json,2026-05-25T02:06:14.246585,2026-06-02T23:13:10.088737,v0.7.0+
rp,/Volumes/Samsam/Public/USIdata/bouygues-immobilier-polska-sp-z-oo/espace-wilanow-warszawa-wilanow-blonia-wilanowskie/usi_rp_4596.json,2026-05-25T02:06:14.252087,2026-06-02T23:13:10.162401,v0.7.0+
rp,/Volumes/Samsam/Public/USIdata/bouygues-immobilier-polska-sp-z-oo/essentiel-talarowa-warszawa-bialoleka-tarchomin/usi_rp_12672.json,2026-05-25T02:06:14.255059,2026-06-02T23:13:10.170485,v0.7.0+
rp,/Volumes/Samsam/Public/USIdata/bouygues-immobilier-polska-sp-z-oo/foret-warszawa-bialoleka-zeran/usi_rp_10250.json,2026-05-25T02:06:14.259137,2026-06-02T23:13:10.177797,v0.7.0+
rp,/Volumes/Samsam/Public/USIdata/bouygues-immobilier-polska-sp-z-oo/la-cascade-warszawa-bielany-chomiczowka/usi_rp_1759.json,2026-05-25T02:06:14.285364,2026-06-02T23:13:10.209110,v0.7.0+
rp,/Volumes/Samsam/Public/USIdata/bouygues-immobilier-polska-sp-z-oo/la-melodie-warszawa-targowek-targowek-mieszkaniowy/usi_rp_7260.json,2026-05-25T02:06:14.289126,2026-06-02T23:13:10.214946,v0.7.0+
rp,/Volumes/Samsam/Public/USIdata/bouygues-immobilier-polska-sp-z-oo/la-premiere-warszawa-mokotow-sielce/usi_rp_5401.json,2026-05-25T02:06:14.292385,2026-06-02T23:13:10.223661,v0.7.0+
rp,/Volumes/Samsam/Public/USIdata/bouygues-immobilier-polska-sp-z-oo/la-proximite-warszawa-bielany-wawrzyszew/usi_rp_4432.json,2026-05-25T02:06:14.294963,2026-06-02T23:13:10.232784,v0.7.0+
rp,/Volumes/Samsam/Public/USIdata/bouygues-immobilier-polska-sp-z-oo/le-village-piaseczynski-jozefoslaw/usi_rp_3008.json,2026-05-25T02:06:14.298673,2026-06-02T23:13:10.241747,v0.7.0+
rp,/Volumes/Samsam/Public/USIdata/bouygues-immobilier-polska-sp-z-oo/manufaktura-stare-miasto-poznan-stare-miasto-osiedle-stare-miasto/usi_rp_7592.json,2026-05-25T02:06:14.311131,2026-06-02T23:13:10.271997,v0.7.0+
rp,/Volumes/Samsam/Public/USIdata/bouygues-immobilier-polska-sp-z-oo/osiedle-morelowa-warszawa-bialoleka-zeran/usi_rp_8598.json,2026-05-25T02:06:14.330370,2026-06-02T23:13:10.318887,v0.7.0+
rp,/Volumes/Samsam/Public/USIdata/bouygues-immobilier-polska-sp-z-oo/osiedle-orso-warszawa-ursus-czechowice/usi_rp_10257.json,2026-05-25T02:06:14.334669,2026-06-02T23:13:10.326661,v0.7.0+
rp,/Volumes/Samsam/Public/USIdata/bouygues-immobilier-polska-sp-z-oo/patio-avenir-etap-ii-warszawa-bemowo-chrzanow/usi_rp_1477.json,2026-05-25T02:06:14.339014,2026-06-02T23:13:10.335713,v0.7.0+
rp,/Volumes/Samsam/Public/USIdata/bouygues-immobilier-polska-sp-z-oo/perspective-ville-miejskie-wroclaw-kowale/usi_rp_14280.json,2026-05-25T02:06:14.342602,2026-06-02T23:13:10.343417,v0.7.0+
rp,/Volumes/Samsam/Public/USIdata/bouygues-immobilier-polska-sp-z-oo/stalowa-39-warszawa-praga-polnoc-nowa-praga/usi_rp_9927.json,2026-05-25T02:06:14.354825,2026-06-02T23:13:10.376288,v0.7.0+
rp,/Volumes/Samsam/Public/USIdata/bouygues-immobilier-polska-sp-z-oo/union-apartamenty-warszawa-wola-czyste/usi_rp_5238.json,2026-05-25T02:06:14.357853,2026-06-02T23:13:10.383897,v0.7.0+
rp,/Volumes/Samsam/Public/USIdata/bouygues-immobilier-polska-sp-z-oo/villa-alouette-wroclaw-fabryczna-grabiszyn-grabiszynek/usi_rp_7259.json,2026-05-25T02:06:14.364748,2026-06-02T23:13:10.400419,v0.7.0+
rp,/Volumes/Samsam/Public/USIdata/bouygues-immobilier-polska-sp-z-oo/villa-boheme-warszawa-praga-poludnie-grochow/usi_rp_8010.json,2026-05-25T02:06:14.367719,2026-06-02T23:13:10.409661,v0.7.0+
rp,/Volumes/Samsam/Public/USIdata/bouygues-immobilier-polska-sp-z-oo/villa-contenta-piaseczynski-jozefoslaw/usi_rp_867.json,2026-05-25T02:06:14.370869,2026-06-02T23:13:10.416770,v0.7.0+
rp,/Volumes/Samsam/Public/USIdata/bouygues-immobilier-polska-sp-z-oo/villa-creation-piaseczynski-jozefoslaw/usi_rp_226.json,2026-05-25T02:06:14.374376,2026-06-02T23:13:10.425822,v0.7.0+
rp,/Volumes/Samsam/Public/USIdata/bouygues-immobilier-polska-sp-z-oo/villa-de-charme-warszawa-bemowo-chrzanow/usi_rp_10610.json,2026-05-25T02:06:14.377354,2026-06-02T23:13:10.435531,v0.7.0+
rp,/Volumes/Samsam/Public/USIdata/bouygues-immobilier-polska-sp-z-oo/vitalite-warszawa-wilanow-zawady/usi_rp_10720.json,2026-05-25T02:06:14.385034,2026-06-02T23:13:10.449247,v0.7.0+
rp,/Volumes/Samsam/Public/USIdata/bouygues-immobilier-polska-sp-z-oo/wilenska-express-warszawa-praga-polnoc-nowa-praga/usi_rp_9474.json,2026-05-25T02:06:14.387835,2026-06-02T23:13:10.457239,v0.7.0+
rp,/Volumes/Samsam/Public/USIdata/boz-2-sp-z-oo-spk/osiedle-grabowki-wielicki-grabowki/usi_rp_18519.json,2026-05-25T02:06:14.196341,2026-06-02T23:13:09.963550,v0.7.0+
oto,/Volumes/Samsam/Public/USIdata/boz-development/osiedle-mila-szeregowki-ii-etap/usi_oto_4kw8b.json,2026-05-25T02:06:14.183437,2026-05-25T02:06:14.183443,v0.7.0+
oto,/Volumes/Samsam/Public/USIdata/boz-development/strazacka-54g/usi_oto_4qktF.json,2026-05-25T02:06:14.188146,2026-05-25T02:06:14.188148,v0.7.0+
oto,/Volumes/Samsam/Public/USIdata/bpi-bernadowo-sp-z-o-o/bernadovo-gotowe-do-odbioru/usi_oto_4oleB.json,2026-05-25T02:06:14.175680,2026-05-25T02:06:14.175681,v0.7.0+
oto,/Volumes/Samsam/Public/USIdata/bpi-panoramiqa-sp-z-o-o/panoramiqa-2/usi_oto_4BkV2.json,2026-05-25T02:06:14.171728,2026-05-25T02:06:14.171729,v0.7.0+
oto,/Volumes/Samsam/Public/USIdata/bpi-panoramiqa-sp-z-o-o/panoramiqa-2/usi_oto_68003958.json,2026-05-25T02:06:14.171728,2026-06-02T11:04:31.607166,v0.7.0+
oto,/Volumes/Samsam/Public/USIdata/bpi-piano-forte-sp-z-o-o/piano-forte/usi_oto_4Ah7Y.json,2026-05-25T02:06:14.167627,2026-05-25T02:06:14.167628,v0.7.0+
oto,/Volumes/Samsam/Public/USIdata/bpi-real-estate-poland/cavallia/usi_oto_4ugoR.json,2026-05-25T02:06:14.162102,2026-05-25T02:06:14.162104,v0.7.0+
rp,/Volumes/Samsam/Public/USIdata/bpi-real-estate-poland-sp-z-oo/gedania-riverside-living-apartamenty-inwestycyjne-gdansk-srodmiescie/usi_rp_20334.json,2026-05-25T02:06:14.135146,2026-06-02T23:13:09.736146,v0.7.0+
rp,/Volumes/Samsam/Public/USIdata/bpi-real-estate-poland-sp-z-oo/gedania-riverside-living-gdansk-srodmiescie/usi_rp_20333.json,2026-05-25T02:06:14.138872,2026-06-02T23:13:09.744589,v0.7.0+
oto,/Volumes/Samsam/Public/USIdata/bpi-real-estate-speedwell/gedania-riverside-living/usi_oto_68041112.json,2026-06-02T11:04:07.799106,2026-06-02T11:04:08.224224,v0.7.0+
oto,/Volumes/Samsam/Public/USIdata/bpi-real-estate-speedwell/gedania-riverside-living-apartamenty-inwestyc/usi_oto_68041113.json,2026-06-02T11:04:06.828046,2026-06-02T11:04:07.230134,v0.7.0+
oto,/Volumes/Samsam/Public/USIdata/bpi-wagrowska-sp-z-o-o/panoramiqa-gotowe-do-odbioru/usi_oto_4siCS.json,2026-05-25T02:06:14.115706,2026-05-25T02:06:14.115707,v0.7.0+
rp,/Volumes/Samsam/Public/USIdata/bracia-ozog-nieruchomosci-tomasz-ozog/osiedle-parkowe-tyczyn-etap-ii-tyczyn/usi_rp_17179.json,2026-05-25T02:06:14.111816,2026-06-02T23:13:09.686342,v0.7.0+
rp,/Volumes/Samsam/Public/USIdata/bravo-developer/javorova-gdansk-jasien/usi_rp_14011.json,2026-05-25T02:06:14.082647,2026-06-02T23:13:09.479343,v0.7.0+
oto,/Volumes/Samsam/Public/USIdata/bravo-developer/osiedle-quercus/usi_oto_4jRmx.json,2026-05-25T02:06:14.086835,2026-05-25T02:06:14.086837,v0.7.0+
rp,/Volumes/Samsam/Public/USIdata/bravo-developer/przystan-kartuzy/usi_rp_15324.json,2026-05-25T02:06:14.090242,2026-06-02T23:13:09.622219,v0.7.0+
rp,/Volumes/Samsam/Public/USIdata/bravo-developer/quercus-bud-c-gdansk-ujescisko-lostowice/usi_rp_20314.json,2026-05-25T02:06:14.093911,2026-06-02T23:13:09.656021,v0.7.0+
oto,/Volumes/Samsam/Public/USIdata/bravo-developer/tetmajera-4-nowe-mieszkania-w-koscierzynie/usi_oto_4AWnj.json,2026-05-25T02:06:14.106847,2026-05-25T02:06:14.106849,v0.7.0+
oto,/Volumes/Samsam/Public/USIdata/bravo-developer/tetmajera-4-nowe-mieszkania-w-koscierzynie/usi_oto_67905705.json,2026-05-25T02:06:14.106847,2026-06-02T11:05:18.747671,v0.7.0+
rp,/Volumes/Samsam/Public/USIdata/brego/osiedle-kwiatowe-tarasy-poznanski-sady/usi_rp_14056.json,2026-05-25T02:06:14.079440,2026-06-02T23:13:09.470445,v0.7.0+
oto,/Volumes/Samsam/Public/USIdata/brego-development-sp-z-o-o/kiekrz-lusowo-sady-mieszkania/usi_oto_4i3mS.json,2026-05-25T02:06:14.075186,2026-05-25T02:06:14.075188,v0.7.0+
rp,/Volumes/Samsam/Public/USIdata/bright-house-construction-sp-z-oo/bright-park-mazowieckie-grodziski-zelechow/usi_rp_19022.json,2026-05-25T02:06:14.071444,2026-06-02T23:13:09.459576,v0.7.0+
rp,/Volumes/Samsam/Public/USIdata/broker-inwestycje/osiedle-lawendowe-starogard-gdanski/usi_rp_15711.json,2026-05-25T02:06:14.068339,2026-06-02T23:13:09.447957,v0.7.0+
oto,/Volumes/Samsam/Public/USIdata/broker-ms-nieruchomosci-sp-z-o-o-sp-k/apartamenty-fregata/usi_oto_4yL2V.json,2026-05-25T02:06:14.039888,2026-05-25T02:06:14.039889,v0.7.0+
oto,/Volumes/Samsam/Public/USIdata/broker-ms-nieruchomosci-sp-z-o-o-sp-k/budynek-mieszkalno-uslugowy-kokoszkowy/usi_oto_4tXPl.json,2026-05-25T02:06:14.044174,2026-05-25T02:06:14.044175,v0.7.0+
oto,/Volumes/Samsam/Public/USIdata/broker-ms-nieruchomosci-sp-z-o-o-sp-k/green-park-iv/usi_oto_4BsE0.json,2026-05-25T02:06:14.048061,2026-05-25T02:06:14.048063,v0.7.0+
oto,/Volumes/Samsam/Public/USIdata/broker-ms-nieruchomosci-sp-z-o-o-sp-k/green-park-iv/usi_oto_68033592.json,2026-05-25T02:06:14.048061,2026-06-02T11:04:11.160167,v0.7.0+
oto,/Volumes/Samsam/Public/USIdata/broker-ms-nieruchomosci-sp-z-o-o-sp-k/moderato/usi_oto_4ae0Q.json,2026-05-25T02:06:14.051081,2026-05-25T02:06:14.051082,v0.7.0+
oto,/Volumes/Samsam/Public/USIdata/broker-ms-nieruchomosci-sp-z-o-o-sp-k/obuwianka/usi_oto_4B4nz.json,2026-05-25T02:06:14.054936,2026-05-25T02:06:14.054938,v0.7.0+
oto,/Volumes/Samsam/Public/USIdata/broker-ms-nieruchomosci-sp-z-o-o-sp-k/obuwianka/usi_oto_67940317.json,2026-05-25T02:06:14.054936,2026-06-02T11:05:08.298759,v0.7.0+
oto,/Volumes/Samsam/Public/USIdata/broker-ms-nieruchomosci-sp-z-o-o-sp-k/osiedle-green-park/usi_oto_42Ano.json,2026-05-25T02:06:14.060356,2026-05-25T02:06:14.060358,v0.7.0+
oto,/Volumes/Samsam/Public/USIdata/broker-ms-nieruchomosci-sp-z-o-o-sp-k/zakatek-lokietka-w-czersku/usi_oto_4tXP2.json,2026-05-25T02:06:14.064605,2026-05-25T02:06:14.064607,v0.7.0+
oto,/Volumes/Samsam/Public/USIdata/broker-ms-sp-z-o-o/obuwianka/usi_oto_4B4nz.json,2026-05-25T02:05:00.222028,2026-05-25T02:05:00.222031,v0.7.0+
oto,/Volumes/Samsam/Public/USIdata/brotherm-development-spolka-z-ograniczona-odpowiedzialnoscia/zgodna-park/usi_oto_4qhbd.json,2026-05-25T02:06:14.035142,2026-05-25T02:06:14.035145,v0.7.0+
rp,/Volumes/Samsam/Public/USIdata/browary-tarnowskie/browary-tarnowskie-tarnow/usi_rp_20385.json,2026-06-02T10:52:49.560937,2026-06-02T23:13:09.426243,v0.7.0+
to,/Volumes/Samsam/Public/USIdata/bryksy/bluszcz-apartamenty-goszczynskiego-krakow-podgorze-mieszkania-na-sprzedaz/usi_to_9080441.json,2026-06-02T10:53:50.875614,2026-06-02T10:53:51.404518,v0.7.0+
oto,/Volumes/Samsam/Public/USIdata/bryksy/futuro/usi_oto_4zW9g.json,2026-05-25T02:06:14.009543,2026-05-25T02:06:14.009546,v0.7.0+
rp,/Volumes/Samsam/Public/USIdata/bryksy/saska-blu-etap-iii-krakow-podgorze/usi_rp_13976.json,2026-05-25T02:06:14.027129,2026-06-02T23:13:09.416158,v0.7.0+
to,/Volumes/Samsam/Public/USIdata/brylantowa/brylantowa-enklawa-siemianowice-slaskie-bytkow-mieszkania-na-sprzedaz/usi_to_9223236.json,2026-05-25T02:05:00.216503,2026-05-25T02:05:00.216505,v0.7.0+
oto,/Volumes/Samsam/Public/USIdata/brylantowa-sp-z-o-o/brylantowa-enklawa/usi_oto_4nHIb.json,2026-05-25T02:06:14.000347,2026-05-25T02:06:14.000349,v0.7.0+
oto,/Volumes/Samsam/Public/USIdata/brzeski-holding-s-a/apartamenty-lazurowy-dwor/usi_oto_4tpo3.json,2026-05-25T02:06:13.991212,2026-05-25T02:06:13.991214,v0.7.0+
oto,/Volumes/Samsam/Public/USIdata/brzeski-holding-s-a/franciszkanska-place/usi_oto_4zN3b.json,2026-05-25T02:06:13.996455,2026-05-25T02:06:13.996456,v0.7.0+
oto,/Volumes/Samsam/Public/USIdata/brzozowe-ornontowice-sp-z-o-o/brzozowe-ornontowice/usi_oto_4qFSC.json,2026-05-25T02:06:13.985716,2026-05-25T02:06:13.985718,v0.7.0+
rp,/Volumes/Samsam/Public/USIdata/bs-deweloper-sp-z-o-o/budziwojska-1-rzeszow/usi_rp_16471.json,2026-05-25T02:06:13.946541,2026-06-02T23:13:09.057899,v0.7.0+
oto,/Volumes/Samsam/Public/USIdata/bs-deweloper-sp-z-o-o/budziwojska-3/usi_oto_4nQnK.json,2026-05-25T02:06:13.957309,2026-05-25T02:06:13.957311,v0.7.0+
rp,/Volumes/Samsam/Public/USIdata/bs-deweloper-sp-z-o-o/dworskie-ogrody-1-rzeszow/usi_rp_16077.json,2026-05-25T02:06:13.964468,2026-06-02T23:13:09.178628,v0.7.0+
rp,/Volumes/Samsam/Public/USIdata/bs-deweloper-sp-z-o-o/dworskie-ogrody-rzeszow/usi_rp_8323.json,2026-05-25T02:06:13.967741,2026-06-02T23:13:09.204427,v0.7.0+
rp,/Volumes/Samsam/Public/USIdata/bs-deweloper-sp-z-o-o/nove-monte-cassino-bud-b-przemysl/usi_rp_16996.json,2026-05-25T02:06:13.971577,2026-06-02T23:13:09.214491,v0.7.0+
rp,/Volumes/Samsam/Public/USIdata/bs-deweloper-sp-z-o-o/nove-monte-cassino-bud-c-przemysl/usi_rp_16993.json,2026-05-25T02:06:13.975116,2026-06-02T23:13:09.222803,v0.7.0+
rp,/Volumes/Samsam/Public/USIdata/bs-deweloper-sp-z-o-o/nove-monte-cassino-przemysl/usi_rp_16989.json,2026-05-25T02:06:13.977989,2026-06-02T23:13:09.230630,v0.7.0+
oto,/Volumes/Samsam/Public/USIdata/bs-deweloper-sp-z-o-o/osiedle-nove-monte-cassino/usi_oto_4pCsZ.json,2026-05-25T02:06:13.980733,2026-05-25T02:06:13.980735,v0.7.0+
oto,/Volumes/Samsam/Public/USIdata/btp-investment-sp-z-o-o/apartamenty-zachodnie/usi_oto_4tvzf.json,2026-05-25T02:06:13.915012,2026-05-25T02:06:13.915014,v0.7.0+
oto,/Volumes/Samsam/Public/USIdata/bts-sp-z-o-o/osiedle-szafir-nowe-apartamenty/usi_oto_4f9hE.json,2026-05-25T02:06:13.907805,2026-05-25T02:06:13.907808,v0.7.0+
oto,/Volumes/Samsam/Public/USIdata/bud-extra-mikus-rybarczyk-sp-k/rezydencja-gora-kalwaria/usi_oto_4tLmE.json,2026-05-25T02:06:13.898232,2026-05-25T02:06:13.898234,v0.7.0+
rp,/Volumes/Samsam/Public/USIdata/bud-extra-sp-z-oo-sp-k/rezydencja-gora-kalwaria-budynek-a-gora-kalwaria/usi_rp_14767.json,2026-05-25T02:06:13.894265,2026-06-02T23:13:09.048237,v0.7.0+
oto,/Volumes/Samsam/Public/USIdata/bud-max-development/apartamenty-pod-debowcem/usi_oto_4tAd0.json,2026-05-25T02:06:13.888252,2026-05-25T02:06:13.888254,v0.7.0+
rp,/Volumes/Samsam/Public/USIdata/bud-max-development-sc/broniewskiego15-bielsko-biala/usi_rp_15237.json,2026-05-25T02:06:13.881823,2026-06-02T23:13:09.034195,v0.7.0+
rp,/Volumes/Samsam/Public/USIdata/bud-max-development-sc/park-kochanowskiego-bielsko-biala/usi_rp_14910.json,2026-05-25T02:06:13.884945,2026-06-02T23:13:09.040271,v0.7.0+
oto,/Volumes/Samsam/Public/USIdata/bud-max-s-c-janusz-socha-krzysztof-socha/kameralne-osiedle-tarnow-ul-spacerowa/usi_oto_4zpX9.json,2026-05-25T02:06:13.873297,2026-05-25T02:06:13.873299,v0.7.0+
oto,/Volumes/Samsam/Public/USIdata/bud-max-s-c-janusz-socha-krzysztof-socha/tarnow-ul-wrzosowa/usi_oto_4mSZK.json,2026-05-25T02:06:13.878688,2026-05-25T02:06:13.878690,v0.7.0+
to,/Volumes/Samsam/Public/USIdata/bud-rem/osiedle-lente-kosciuszki-zacharzyce-mieszkania-na-sprzedaz/usi_to_9195628.json,2026-05-25T02:05:00.208118,2026-05-25T02:05:00.208121,v0.7.0+
rp,/Volumes/Samsam/Public/USIdata/bud-rim-development/julianow-verde-ii-piaseczynski-julianow/usi_rp_20293.json,2026-05-25T02:06:13.811461,2026-06-02T23:13:08.886744,v0.7.0+
rp,/Volumes/Samsam/Public/USIdata/bud-rim-development/na-skarpie-lodz-stoki/usi_rp_17387.json,2026-05-25T02:06:13.821918,2026-06-02T23:13:08.916053,v0.7.0+
rp,/Volumes/Samsam/Public/USIdata/bud-rim-development/osiedle-przy-parku-pruszkowski-pruszkow/usi_rp_11374.json,2026-05-25T02:06:13.827921,2026-06-02T23:13:08.931499,v0.7.0+
rp,/Volumes/Samsam/Public/USIdata/bud-rim-development/piastow-ul-piasta-2-pruszkowski-piastow/usi_rp_13405.json,2026-05-25T02:06:13.830402,2026-06-02T23:13:08.937299,v0.7.0+
rp,/Volumes/Samsam/Public/USIdata/bud-rim-development/poniatowskiego-19-piaseczno-piaseczynski-piaseczno/usi_rp_12945.json,2026-05-25T02:06:13.832982,2026-06-02T23:13:08.946325,v0.7.0+
rp,/Volumes/Samsam/Public/USIdata/bud-rim-development/pulawska-27-piaseczynski-piaseczno/usi_rp_13571.json,2026-05-25T02:06:13.835441,2026-06-02T23:13:08.954107,v0.7.0+
rp,/Volumes/Samsam/Public/USIdata/bud-rim-development/tak-blisko-piaseczynski-zamienie/usi_rp_16366.json,2026-05-25T02:06:13.848607,2026-06-02T23:13:08.982826,v0.7.0+
rp,/Volumes/Samsam/Public/USIdata/bud-rim-development/wierzbowy-zakatek-warszawski-zachodni-lomianki-chopina/usi_rp_11427.json,2026-05-25T02:06:13.853674,2026-06-02T23:13:08.998028,v0.7.0+
rp,/Volumes/Samsam/Public/USIdata/bud-rim-development/zielone-sady-etap-ii-tarczyn/usi_rp_16945.json,2026-05-25T02:06:13.857194,2026-06-02T23:13:09.003902,v0.7.0+
rp,/Volumes/Samsam/Public/USIdata/bud-rim-development/zielone-sady-etap-iii-b2-tarczyn/usi_rp_20307.json,2026-05-25T02:06:13.860667,2026-06-02T23:13:09.012061,v0.7.0+
rp,/Volumes/Samsam/Public/USIdata/bud-rim-development/zielone-sady-piaseczynski-tarczyn/usi_rp_15822.json,2026-05-25T02:06:13.869010,2026-06-02T23:13:09.027831,v0.7.0+
oto,/Volumes/Samsam/Public/USIdata/budica-sp-z-o-o/osiedle-kwietne-laki-etap-iii/usi_oto_4zoP8.json,2026-05-25T02:06:13.804877,2026-05-25T02:06:13.804879,v0.7.0+
oto,/Volumes/Samsam/Public/USIdata/budica-sp-z-o-o/osiedle-kwietne-laki-etap-iv/usi_oto_4zoNY.json,2026-05-25T02:06:13.808486,2026-05-25T02:06:13.808488,v0.7.0+
rp,/Volumes/Samsam/Public/USIdata/budimex/witosa-park-poznan-winiary/usi_rp_18105.json,2026-05-25T02:06:13.800645,2026-06-02T23:13:08.879062,v0.7.0+
oto,/Volumes/Samsam/Public/USIdata/budizol/odwiedzletniskowa-park-w-kazda-sobote/usi_oto_4kf34.json,2026-05-25T02:06:13.797335,2026-05-25T02:06:13.797337,v0.7.0+
oto,/Volumes/Samsam/Public/USIdata/budlex/enklawa/usi_oto_4ynKJ.json,2026-05-25T02:06:13.758778,2026-05-25T02:06:13.758779,v0.7.0+
oto,/Volumes/Samsam/Public/USIdata/budlex/gajowa/usi_oto_4ynGu.json,2026-05-25T02:06:13.762924,2026-05-25T02:06:13.762926,v0.7.0+
oto,/Volumes/Samsam/Public/USIdata/budlex/kapitanat/usi_oto_4ynRF.json,2026-05-25T02:06:13.767733,2026-05-25T02:06:13.767735,v0.7.0+
oto,/Volumes/Samsam/Public/USIdata/budlex/lumena/usi_oto_4zZRj.json,2026-05-25T02:06:13.771232,2026-05-25T02:06:13.771233,v0.7.0+
oto,/Volumes/Samsam/Public/USIdata/budlex/osiedle-platynowe/usi_oto_4zasi.json,2026-05-25T02:06:13.774764,2026-05-25T02:06:13.774765,v0.7.0+
oto,/Volumes/Samsam/Public/USIdata/budlex/urzecze/usi_oto_4ynIT.json,2026-05-25T02:06:13.778019,2026-05-25T02:06:13.778020,v0.7.0+
oto,/Volumes/Samsam/Public/USIdata/budlex/urzecze-ii/usi_oto_4ynJt.json,2026-05-25T02:06:13.781717,2026-05-25T02:06:13.781719,v0.7.0+
oto,/Volumes/Samsam/Public/USIdata/budlex/vinea-apartamenty/usi_oto_4ynLy.json,2026-05-25T02:06:13.787786,2026-05-25T02:06:13.787791,v0.7.0+
oto,/Volumes/Samsam/Public/USIdata/budlex/winnica/usi_oto_4ynKK.json,2026-05-25T02:06:13.792784,2026-05-25T02:06:13.792787,v0.7.0+
rp,/Volumes/Samsam/Public/USIdata/budlex-sp-z-oo/apartamenty-vinea-torun/usi_rp_16263.json,2026-05-25T02:06:13.675509,2026-06-02T23:13:08.681874,v0.7.0+
rp,/Volumes/Samsam/Public/USIdata/budlex-sp-z-oo/artystyczne-osiedle-etap-ii-torun/usi_rp_10474.json,2026-05-25T02:06:13.679218,2026-06-02T23:13:08.693743,v0.7.0+
rp,/Volumes/Samsam/Public/USIdata/budlex-sp-z-oo/enklawa-apartament-z3-bydgoszcz/usi_rp_14035.json,2026-05-25T02:06:13.682029,2026-06-02T23:13:08.701807,v0.7.0+
rp,/Volumes/Samsam/Public/USIdata/budlex-sp-z-oo/enklawa-apartment-z4-bydgoszcz/usi_rp_17266.json,2026-05-25T02:06:13.684615,2026-06-02T23:13:08.710736,v0.7.0+
rp,/Volumes/Samsam/Public/USIdata/budlex-sp-z-oo/gajowa-bud-a-bydgoszcz/usi_rp_18678.json,2026-05-25T02:06:13.688112,2026-06-02T23:13:08.719713,v0.7.0+
rp,/Volumes/Samsam/Public/USIdata/budlex-sp-z-oo/nowe-batorego-torun/usi_rp_9306.json,2026-05-25T02:06:13.702245,2026-06-02T23:13:08.758078,v0.7.0+
rp,/Volumes/Samsam/Public/USIdata/budlex-sp-z-oo/osiedle-enklawa-bydgoszcz/usi_rp_12504.json,2026-05-25T02:06:13.705278,2026-06-02T23:13:08.764223,v0.7.0+
rp,/Volumes/Samsam/Public/USIdata/budlex-sp-z-oo/osiedle-libero-etap-iv-olsztyn/usi_rp_13757.json,2026-05-25T02:06:13.708779,2026-06-02T23:13:08.770328,v0.7.0+
rp,/Volumes/Samsam/Public/USIdata/budlex-sp-z-oo/osiedle-libero-olsztyn/usi_rp_9452.json,2026-05-25T02:06:13.713145,2026-06-02T23:13:08.777046,v0.7.0+
rp,/Volumes/Samsam/Public/USIdata/budlex-sp-z-oo/osiedle-naturia-ii-torun/usi_rp_14046.json,2026-05-25T02:06:13.719491,2026-06-02T23:13:08.795087,v0.7.0+
rp,/Volumes/Samsam/Public/USIdata/budlex-sp-z-oo/osiedle-naturia-torun/usi_rp_11146.json,2026-05-25T02:06:13.732872,2026-06-02T23:13:08.802219,v0.7.0+
rp,/Volumes/Samsam/Public/USIdata/budlex-sp-z-oo/osiedle-panorama-ii-etap-olsztyn/usi_rp_15280.json,2026-05-25T02:06:13.736136,2026-06-02T23:13:08.811177,v0.7.0+
rp,/Volumes/Samsam/Public/USIdata/budlex-sp-z-oo/osiedle-panorama-iii-etap-olsztyn/usi_rp_17030.json,2026-05-25T02:06:13.739191,2026-06-02T23:13:08.819157,v0.7.0+
rp,/Volumes/Samsam/Public/USIdata/budlex-sp-z-oo/osiedle-winnica-l9-torun/usi_rp_17276.json,2026-05-25T02:06:13.744892,2026-06-02T23:13:08.836721,v0.7.0+
rp,/Volumes/Samsam/Public/USIdata/budlex-sp-z-oo/osiedle-winnica-torun/usi_rp_8752.json,2026-05-25T02:06:13.748017,2026-06-02T23:13:08.844381,v0.7.0+
rp,/Volumes/Samsam/Public/USIdata/budlex-sp-z-oo/sens-bydgoszcz/usi_rp_9310.json,2026-05-25T02:06:13.750478,2026-06-02T23:13:08.853549,v0.7.0+
rp,/Volumes/Samsam/Public/USIdata/budlex-sp-z-oo/urzecze-bydgoszcz/usi_rp_13899.json,2026-05-25T02:06:13.752997,2026-06-02T23:13:08.861690,v0.7.0+
rp,/Volumes/Samsam/Public/USIdata/budlex-sp-z-oo/urzecze-ii-bydgoszcz/usi_rp_14601.json,2026-05-25T02:06:13.755669,2026-06-02T23:13:08.869719,v0.7.0+
oto,/Volumes/Samsam/Public/USIdata/budmex-mieszkania-sp-z-o-o/osiedle-nova-perspektywa-choroszcz/usi_oto_4q5GG.json,2026-05-25T02:06:13.668446,2026-05-25T02:06:13.668447,v0.7.0+
oto,/Volumes/Samsam/Public/USIdata/budmex-mieszkania-sp-z-o-o/osiedle-zacisze-choroszcz/usi_oto_45qyQ.json,2026-05-25T02:06:13.672344,2026-05-25T02:06:13.672345,v0.7.0+
oto,/Volumes/Samsam/Public/USIdata/budmiks-s-c-m-miksza-a-miksza/apartamenty-lesny-klif/usi_oto_4rncY.json,2026-05-25T02:06:13.660297,2026-05-25T02:06:13.660298,v0.7.0+
oto,/Volumes/Samsam/Public/USIdata/budmiks-s-c-m-miksza-a-miksza/pensjonat-polna-apartamenty-rowy-5min-od-plazy/usi_oto_4ldln.json,2026-05-25T02:06:13.664517,2026-05-25T02:06:13.664519,v0.7.0+
oto,/Volumes/Samsam/Public/USIdata/budner-inwestycje-sp-z-o-o-rytelska/komfortowe-mieszkania-osiedle-rytelska/usi_oto_4A2TB.json,2026-05-25T02:06:13.656532,2026-05-25T02:06:13.656533,v0.7.0+
oto,/Volumes/Samsam/Public/USIdata/budner-inwestycje-sp-z-oo/oliva-koncept-ii/usi_oto_4esik.json,2026-05-25T02:06:13.647368,2026-05-25T02:06:13.647369,v0.7.0+
oto,/Volumes/Samsam/Public/USIdata/budnex/batorego-park-etap-i/usi_oto_4t8Ip.json,2026-05-25T02:06:13.618037,2026-05-25T02:06:13.618039,v0.7.0+
oto,/Volumes/Samsam/Public/USIdata/budnex/cukrownia-apartamenty-etap-iv/usi_oto_4sRWW.json,2026-05-25T02:06:13.624054,2026-05-25T02:06:13.624058,v0.7.0+
oto,/Volumes/Samsam/Public/USIdata/budnex/lesny-dwor-etap-ii/usi_oto_4sRYb.json,2026-05-25T02:06:13.628272,2026-05-25T02:06:13.628273,v0.7.0+
oto,/Volumes/Samsam/Public/USIdata/budnex/literacka-skwer-etap-c/usi_oto_4r0ZF.json,2026-05-25T02:06:13.632313,2026-05-25T02:06:13.632314,v0.7.0+
oto,/Volumes/Samsam/Public/USIdata/budnex/osiedle-europejskie-bud-19/usi_oto_4sRXi.json,2026-05-25T02:06:13.636455,2026-05-25T02:06:13.636457,v0.7.0+
oto,/Volumes/Samsam/Public/USIdata/budnex/porta-mare-marina-dziwnow/usi_oto_4tPrG.json,2026-05-25T02:06:13.639583,2026-05-25T02:06:13.639584,v0.7.0+
oto,/Volumes/Samsam/Public/USIdata/budnex/sedina-apartamenty/usi_oto_4n73c.json,2026-05-25T02:05:00.185706,2026-05-25T02:05:00.185709,v0.7.0+
to,/Volumes/Samsam/Public/USIdata/budnex/sedina-apartamenty-etap-i-maklerska-szczecin-srodmiescie-miedzyodrze-wyspa-pucka-mieszkania-na-sprzedaz/usi_to_8815999.json,2026-05-25T02:05:00.194850,2026-05-25T02:05:00.194855,v0.7.0+
oto,/Volumes/Samsam/Public/USIdata/budokrusz/botanika/usi_oto_4AONf.json,2026-05-25T02:06:13.613956,2026-05-25T02:06:13.613957,v0.7.0+
oto,/Volumes/Samsam/Public/USIdata/budokrusz/botanika/usi_oto_67880405.json,2026-05-25T02:06:13.613956,2026-06-02T11:05:28.415372,v0.7.0+
rp,/Volumes/Samsam/Public/USIdata/budomal-apartments-sp-z-oo/between-lodz-stary-widzew/usi_rp_19772.json,2026-05-25T02:06:13.603094,2026-06-02T23:13:08.619513,v0.7.0+
rp,/Volumes/Samsam/Public/USIdata/budomal-apartments-sp-z-oo/oficyna-lodz-katedralna/usi_rp_19971.json,2026-05-25T02:06:13.606985,2026-06-02T23:13:08.629148,v0.7.0+
to,/Volumes/Samsam/Public/USIdata/budomal360/domkove-mechaniczna-2-30-lodz-widzew-mieszkania-na-sprzedaz/usi_to_9196801.json,2026-05-25T02:05:00.174106,2026-05-25T02:05:00.174110,v0.7.0+
oto,/Volumes/Samsam/Public/USIdata/budomatex/geometryczna/usi_oto_4xSJf.json,2026-05-25T02:06:13.579083,2026-05-25T02:06:13.579085,v0.7.0+
oto,/Volumes/Samsam/Public/USIdata/budomatex/zbytki/usi_oto_4xSIj.json,2026-05-25T02:06:13.583771,2026-05-25T02:06:13.583773,v0.7.0+
rp,/Volumes/Samsam/Public/USIdata/budomex/aleja-jana-pawla-ii-7-i-7a-biala-podlaska/usi_rp_15967.json,2026-05-25T02:06:13.530865,2026-06-02T23:13:08.417972,v0.7.0+
rp,/Volumes/Samsam/Public/USIdata/budomex/mieszkaj-zyrardow-etap-v-zyrardow/usi_rp_14789.json,2026-05-25T02:06:13.534121,2026-06-02T23:13:08.478889,v0.7.0+
rp,/Volumes/Samsam/Public/USIdata/budomex/osiedle-chabrowa-zyrardow/usi_rp_15387.json,2026-05-25T02:06:13.538200,2026-06-02T23:13:08.484754,v0.7.0+
rp,/Volumes/Samsam/Public/USIdata/budomex/staszica-konskie/usi_rp_15763.json,2026-05-25T02:06:13.541506,2026-06-02T23:13:08.494586,v0.7.0+
rp,/Volumes/Samsam/Public/USIdata/budomex/zurawia-18-kolobrzeg/usi_rp_14893.json,2026-05-25T02:06:13.544673,2026-06-02T23:13:08.502602,v0.7.0+
rp,/Volumes/Samsam/Public/USIdata/budopol-poznan-sp-z-oo/kameralny-gruszczyn-poznanski-gruszczyn/usi_rp_17389.json,2026-05-25T02:06:13.527286,2026-06-02T23:13:08.407006,v0.7.0+
oto,/Volumes/Samsam/Public/USIdata/budopol-suwalki/batorego/usi_oto_4zGIe.json,2026-05-25T02:06:13.523824,2026-05-25T02:06:13.523825,v0.7.0+
oto,/Volumes/Samsam/Public/USIdata/budowlanych-antrans-invest-spolka-z-ograniczona-odpowiedzialnoscia-spolka-komandytowa/zacisze-biema-w-olkuszu-ostatnie-wolne-mieszkanie/usi_oto_4zjOe.json,2026-05-25T02:06:13.519537,2026-05-25T02:06:13.519538,v0.7.0+
oto,/Volumes/Samsam/Public/USIdata/budownictwo-mieszkaniowe-i-komercyjne-sp-z-o-o/apartamenty-eko-zelkow/usi_oto_4tWej.json,2026-05-25T02:06:13.515772,2026-05-25T02:06:13.515773,v0.7.0+
oto,/Volumes/Samsam/Public/USIdata/budraise-invest/green-house-tuwima-zacisze-tuwima/usi_oto_4zTvl.json,2026-05-25T02:06:13.511968,2026-05-25T02:06:13.511970,v0.7.0+
oto,/Volumes/Samsam/Public/USIdata/budrem/badurskiego-7/usi_oto_4z9lM.json,2026-05-25T02:06:13.480063,2026-05-25T02:06:13.480064,v0.7.0+
oto,/Volumes/Samsam/Public/USIdata/budrem/kapelanka-pychowicka/usi_oto_4ghIU.json,2026-05-25T02:06:13.488855,2026-05-25T02:06:13.488858,v0.7.0+
oto,/Volumes/Samsam/Public/USIdata/budrem/kapelanka-pychowicka-a-i-b-iii-etap-inwestycji/usi_oto_4ugyo.json,2026-05-25T02:05:00.146515,2026-05-25T02:05:00.146517,v0.7.0+
oto,/Volumes/Samsam/Public/USIdata/budrem/kapelanka-pychowicka-b-cd-ii-etap-inwestycji/usi_oto_4ugyt.json,2026-05-25T02:05:00.155332,2026-05-25T02:05:00.155334,v0.7.0+
oto,/Volumes/Samsam/Public/USIdata/budrem/kapelanka-pychowicka-bud-b/usi_oto_4t5va.json,2026-05-25T02:06:13.495478,2026-05-25T02:06:13.495479,v0.7.0+
oto,/Volumes/Samsam/Public/USIdata/budrem/kapelanka-pychowicka-bud-cd/usi_oto_4nOA9.json,2026-05-25T02:06:13.498896,2026-05-25T02:06:13.498898,v0.7.0+
to,/Volumes/Samsam/Public/USIdata/budrim/julianow-verde-urbanistow-julianow-mieszkania-na-sprzedaz/usi_to_9155969.json,2026-05-25T02:05:00.136758,2026-05-25T02:05:00.136762,v0.7.0+
to,/Volumes/Samsam/Public/USIdata/budrim/na-wspolnej-wspolna-5-wolka-grodziska-mieszkania-na-sprzedaz/usi_to_8955297.json,2026-05-25T02:06:13.474884,2026-05-25T02:06:13.474887,v0.7.0+
oto,/Volumes/Samsam/Public/USIdata/budros/duet-jaskowa-dolina/usi_oto_4lNeI.json,2026-05-25T02:06:13.455496,2026-05-25T02:06:13.455498,v0.7.0+
oto,/Volumes/Samsam/Public/USIdata/budros/lunaria/usi_oto_4vGg8.json,2026-05-25T02:06:13.460277,2026-05-25T02:06:13.460279,v0.7.0+
oto,/Volumes/Samsam/Public/USIdata/budros/mysliwska-24/usi_oto_4e9AK.json,2026-05-25T02:06:13.464810,2026-05-25T02:06:13.464812,v0.7.0+
oto,/Volumes/Samsam/Public/USIdata/budros/nowe-kowale-plus/usi_oto_4gOPt.json,2026-05-25T02:06:13.468695,2026-05-25T02:06:13.468697,v0.7.0+
oto,/Volumes/Samsam/Public/USIdata/bufalo-park-sp-z-o-o/bufalo-park/usi_oto_4z1Cm.json,2026-05-25T02:06:13.446364,2026-05-25T02:06:13.446367,v0.7.0+
oto,/Volumes/Samsam/Public/USIdata/buildman/apartamenty-debowe/usi_oto_4rksm.json,2026-05-25T02:06:13.431729,2026-05-25T02:06:13.431730,v0.7.0+
oto,/Volumes/Samsam/Public/USIdata/buildman/baja-piasniki/usi_oto_4sSwG.json,2026-05-25T02:06:13.434896,2026-05-25T02:06:13.434898,v0.7.0+
oto,/Volumes/Samsam/Public/USIdata/buildman/cosmo/usi_oto_4sdwr.json,2026-05-25T02:06:13.442175,2026-05-25T02:06:13.442176,v0.7.0+
oto,/Volumes/Samsam/Public/USIdata/bukowe-zacisze-2e-developer-sp-z-o-o-sp-k/bukowe-zacisze/usi_oto_4oAz9.json,2026-05-25T02:06:13.427252,2026-05-25T02:06:13.427253,v0.7.0+
oto,/Volumes/Samsam/Public/USIdata/buma-dajwor-p-s-a/dajwor/usi_oto_4AMgX.json,2026-05-25T02:06:13.422177,2026-05-25T02:06:13.422179,v0.7.0+
oto,/Volumes/Samsam/Public/USIdata/buma-dajwor-p-s-a/dajwor/usi_oto_67870715.json,2026-05-25T02:06:13.422177,2026-06-02T11:05:34.144089,v0.7.0+
oto,/Volumes/Samsam/Public/USIdata/buma-wybickiego-sp-z-o-o/strada-wybickiego/usi_oto_68042015.json,2026-06-02T11:04:04.380846,2026-06-02T11:04:04.779598,v0.7.0+
oto,/Volumes/Samsam/Public/USIdata/bunscha-park-sp-z-o-o/bunscha-park-4-0/usi_oto_4rrZK.json,2026-05-25T02:06:13.415071,2026-05-25T02:06:13.415073,v0.7.0+
oto,/Volumes/Samsam/Public/USIdata/burco-development-polska-sp-zo-o/morze-jezioro-las-odkryj-rogowo-pearl/usi_oto_3ngda.json,2026-05-25T02:06:13.397633,2026-05-25T02:06:13.397634,v0.7.0+
oto,/Volumes/Samsam/Public/USIdata/burco-development-polska-sp-zo-o/rezydencja-ustronie-morskie/usi_oto_4rU48.json,2026-05-25T02:06:13.402857,2026-05-25T02:06:13.402860,v0.7.0+
oto,/Volumes/Samsam/Public/USIdata/burco-development-polska-sp-zo-o/sunset-ustronie-morskie/usi_oto_4cenf.json,2026-05-25T02:06:13.406493,2026-05-25T02:06:13.406495,v0.7.0+
oto,/Volumes/Samsam/Public/USIdata/bursztynowa-sp-z-o-o/midaqua-apartments/usi_oto_4xR3d.json,2026-05-25T02:06:13.392626,2026-05-25T02:06:13.392628,v0.7.0+
oto,/Volumes/Samsam/Public/USIdata/bursztynowe-sp-z-o-o/przy-porcie/usi_oto_4eswB.json,2026-05-25T02:06:13.388056,2026-05-25T02:06:13.388058,v0.7.0+
rp,/Volumes/Samsam/Public/USIdata/bydgosta-sp-z-oo/garbary-22-bydgoszcz/usi_rp_15308.json,2026-05-25T02:06:13.380507,2026-06-02T23:13:08.051171,v0.7.0+
oto,/Volumes/Samsam/Public/USIdata/caba-development/dobrego-pasterza-53/usi_oto_4AMP4.json,2026-05-25T02:06:13.373929,2026-05-25T02:06:13.373930,v0.7.0+
oto,/Volumes/Samsam/Public/USIdata/caba-development/dobrego-pasterza-53/usi_oto_67872830.json,2026-05-25T02:06:13.373929,2026-06-02T11:05:31.363945,v0.7.0+
oto,/Volumes/Samsam/Public/USIdata/caba-development/slomczynskiego-widoki/usi_oto_4pRVo.json,2026-05-25T02:06:13.377655,2026-05-25T02:06:13.377656,v0.7.0+
oto,/Volumes/Samsam/Public/USIdata/calbud/sand-dunes/usi_oto_4sFnL.json,2026-05-25T02:06:13.370017,2026-05-25T02:06:13.370018,v0.7.0+
rp,/Volumes/Samsam/Public/USIdata/camar-sp-z-oo/lawinowa-18-etap-iii-lodz-mileszki/usi_rp_20318.json,2026-05-25T02:06:13.353935,2026-06-02T23:13:08.013353,v0.7.0+
rp,/Volumes/Samsam/Public/USIdata/camar-sp-z-oo/lawinowa-18-lodz-mileszki/usi_rp_19035.json,2026-05-25T02:06:13.357793,2026-05-25T02:06:13.361008,v0.7.0+
rp,/Volumes/Samsam/Public/USIdata/camar-sp-z-oo/lawinowa-18-lodz-mileszki/usi_rp_20237.json,2026-05-25T02:06:13.357793,2026-06-02T23:13:08.024020,v0.7.0+
rp,/Volumes/Samsam/Public/USIdata/camar-sp-z-oo/rataja-52-etap-ii-lodz-andrzejow/usi_rp_17148.json,2026-05-25T02:06:13.363884,2026-06-02T23:13:08.032412,v0.7.0+
rp,/Volumes/Samsam/Public/USIdata/camar-sp-z-oo/rataja-52-etap-iii-lodz-andrzejow/usi_rp_18102.json,2026-05-25T02:06:13.366889,2026-06-02T23:13:08.041063,v0.7.0+
oto,/Volumes/Samsam/Public/USIdata/capital-towers-residence/kilinskiego-11/usi_oto_4B8rf.json,2026-05-25T02:06:13.348616,2026-05-25T02:06:13.348617,v0.7.0+
oto,/Volumes/Samsam/Public/USIdata/capital-towers-residence/kilinskiego-11/usi_oto_67955921.json,2026-05-25T02:06:13.348616,2026-06-02T11:04:58.931374,v0.7.0+
rp,/Volumes/Samsam/Public/USIdata/capitalia-real-estate-gesia/eko-park-jemioluszki-lublin/usi_rp_14352.json,2026-05-25T02:06:13.343561,2026-06-02T23:13:08.002324,v0.7.0+
oto,/Volumes/Samsam/Public/USIdata/caro-development-polska/osiedle-drozdowe/usi_oto_4rZmW.json,2026-05-25T02:06:13.336850,2026-05-25T02:06:13.336851,v0.7.0+
rp,/Volumes/Samsam/Public/USIdata/caro-development-polska-sp-j/zbojnicka-ii-szczecin-zachod-gumience/usi_rp_13478.json,2026-05-25T02:06:13.329893,2026-06-02T23:13:07.977668,v0.7.0+
rp,/Volumes/Samsam/Public/USIdata/caro-development-polska-sp-j/zyzna-drozdowa-szczecin-krzekowo-bezrzecze/usi_rp_17673.json,2026-05-25T02:06:13.334175,2026-06-02T23:13:07.987789,v0.7.0+
oto,/Volumes/Samsam/Public/USIdata/carryon-sp-z-o-o/osiedle-kopenhaga-twoj-ogrod-w-zielonym-wawrze/usi_oto_4d3HW.json,2026-05-25T02:06:13.326057,2026-05-25T02:06:13.326058,v0.7.0+
oto,/Volumes/Samsam/Public/USIdata/cd-locum/browary-tarnowskie/usi_oto_68054105.json,2026-06-02T11:03:53.306237,2026-06-02T11:03:53.689809,v0.7.0+
rp,/Volumes/Samsam/Public/USIdata/cdi-konsultanci-budowlani-sp-z-oo/osiedle-uniwersyteckie-etap-iii-bydgoszcz/usi_rp_17482.json,2026-05-25T02:06:13.281083,2026-06-02T23:13:07.871449,v0.7.0+
rp,/Volumes/Samsam/Public/USIdata/cdi-konsultanci-budowlani-sp-z-oo/platanowy-park-bydgoszcz/usi_rp_8255.json,2026-05-25T02:06:13.284315,2026-06-02T23:13:07.879632,v0.7.0+
rp,/Volumes/Samsam/Public/USIdata/cdi-konsultanci-budowlani-sp-z-oo/platanowy-park-etap-iv-bydgoszcz/usi_rp_18933.json,2026-05-25T02:06:13.287325,2026-06-02T23:13:07.888589,v0.7.0+
rp,/Volumes/Samsam/Public/USIdata/cdi-konsultanci-budowlani-sp-z-oo/rabatki-bydgoszcz/usi_rp_13818.json,2026-05-25T02:06:13.290535,2026-06-02T23:13:07.895338,v0.7.0+
oto,/Volumes/Samsam/Public/USIdata/celino-spolka-z-ograniczona-odpowiedzialnoscia/apartamenty-zasole/usi_oto_4tYTT.json,2026-05-25T02:06:13.277334,2026-05-25T02:06:13.277335,v0.7.0+
oto,/Volumes/Samsam/Public/USIdata/cellon-spv/sosnovia/usi_oto_4yCE5.json,2026-05-25T02:06:13.272971,2026-05-25T02:06:13.272973,v0.7.0+
oto,/Volumes/Samsam/Public/USIdata/celtia-spolka-z-o-o-cztery-s-k-a/jasna-2/usi_oto_4sYDl.json,2026-05-25T02:06:13.268124,2026-05-25T02:06:13.268125,v0.7.0+
oto,/Volumes/Samsam/Public/USIdata/central-park-mielno/swietej-barbary/usi_oto_4t9v8.json,2026-05-25T02:06:13.264182,2026-05-25T02:06:13.264183,v0.7.0+
oto,/Volumes/Samsam/Public/USIdata/centro-bud/kolbuszowa-park-ii/usi_oto_4rOWk.json,2026-05-25T02:06:13.256837,2026-05-25T02:06:13.256839,v0.7.0+
oto,/Volumes/Samsam/Public/USIdata/centro-bud/zielone-osiedle/usi_oto_4p8M1.json,2026-05-25T02:06:13.261282,2026-05-25T02:06:13.261283,v0.7.0+
rp,/Volumes/Samsam/Public/USIdata/centrum-handlowe-wschod-sa/osiedle-lesne-chelm/usi_rp_15958.json,2026-05-25T02:06:13.252822,2026-06-02T23:13:07.862495,v0.7.0+
rp,/Volumes/Samsam/Public/USIdata/centrum-prusa-a-lenartowicz-i-j-starownik-sp-k/centrum-prusa-twins-lublin/usi_rp_14559.json,2026-05-25T02:06:13.248866,2026-06-02T23:13:07.855257,v0.7.0+
rp,/Volumes/Samsam/Public/USIdata/centrum-zana-holding-sp-z-oo-sp-k/snopkow-park-lubelski/usi_rp_16535.json,2026-05-25T02:06:13.244926,2026-06-02T23:13:07.846158,v0.7.0+
oto,/Volumes/Samsam/Public/USIdata/cetech-sp-z-o-o/segmenty-familijna/usi_oto_4sEjA.json,2026-05-25T02:06:13.231496,2026-05-25T02:06:13.231497,v0.7.0+
oto,/Volumes/Samsam/Public/USIdata/chajec-sp-z-o-o/wilenska-2/usi_oto_4sbey.json,2026-05-25T02:06:13.227630,2026-05-25T02:06:13.227631,v0.7.0+
rp,/Volumes/Samsam/Public/USIdata/charbud-development/osiedle-literackie-iii-radzymin/usi_rp_16625.json,2026-05-25T02:06:13.224622,2026-06-02T23:13:07.820561,v0.7.0+
rp,/Volumes/Samsam/Public/USIdata/chicago-urban-development-sp-z-oo/osiedle-raclawicka-mszczonow/usi_rp_17568.json,2026-05-25T02:06:13.218015,2026-06-02T23:13:07.803716,v0.7.0+
rp,/Volumes/Samsam/Public/USIdata/chomar-invest-sp-z-oo-sp-k/odrzanska-residence-wroclaw-stare-miasto/usi_rp_10884.json,2026-05-25T02:06:13.214305,2026-06-02T23:13:07.794152,v0.7.0+
rp,/Volumes/Samsam/Public/USIdata/chrzanowscy-development-sp-z-oo/garbarska-urban-koncept-lublin/usi_rp_15188.json,2026-05-25T02:06:13.187438,2026-06-02T23:13:07.760925,v0.7.0+
rp,/Volumes/Samsam/Public/USIdata/chrzanowscy-development-sp-z-oo/leonowka-vol-2-lublin/usi_rp_12090.json,2026-05-25T02:06:13.190609,2026-06-02T23:13:07.770759,v0.7.0+
rp,/Volumes/Samsam/Public/USIdata/chrzanowscy-development-sp-z-oo/leonowka-vol2-lublin/usi_rp_15190.json,2026-05-25T02:06:13.194757,2026-06-02T23:13:07.777284,v0.7.0+
rp,/Volumes/Samsam/Public/USIdata/chrzanowscy-development-sp-z-oo/twoja-slawinkowska-lublin/usi_rp_17683.json,2026-05-25T02:06:13.211206,2026-06-02T23:13:07.786069,v0.7.0+
oto,/Volumes/Samsam/Public/USIdata/ciril/wola-vert/usi_oto_4tkQq.json,2026-05-25T02:06:13.175829,2026-05-25T02:06:13.175831,v0.7.0+
rp,/Volumes/Samsam/Public/USIdata/city-center/debinowa-oaza-slupski-debina/usi_rp_13594.json,2026-05-25T02:06:13.169459,2026-06-02T23:13:07.724774,v0.7.0+
rp,/Volumes/Samsam/Public/USIdata/city-center/tarasy-sobieskiego-slupsk/usi_rp_12872.json,2026-05-25T02:06:13.172744,2026-06-02T23:13:07.733706,v0.7.0+
oto,/Volumes/Samsam/Public/USIdata/city-development-group/karolina-park-ii/usi_oto_4xuhp.json,2026-05-25T02:06:13.163624,2026-05-25T02:06:13.163625,v0.7.0+
rp,/Volumes/Samsam/Public/USIdata/city-group-sp-z-oo-spk/apartamenty-przy-babiogorskiej-bielsko-biala/usi_rp_15252.json,2026-05-25T02:06:13.147687,2026-06-02T23:13:07.693668,v0.7.0+
rp,/Volumes/Samsam/Public/USIdata/city-group-sp-z-oo-spk/apartamenty-przy-swietokrzyskiej-zywiec/usi_rp_15251.json,2026-05-25T02:06:13.151967,2026-06-02T23:13:07.703297,v0.7.0+
oto,/Volumes/Samsam/Public/USIdata/ck-development/limby-7/usi_oto_4pb9c.json,2026-05-25T02:06:13.125738,2026-05-25T02:06:13.125739,v0.7.0+
oto,/Volumes/Samsam/Public/USIdata/ck-development/nova-wola-park/usi_oto_4rCSA.json,2026-05-25T02:06:13.129916,2026-05-25T02:06:13.129917,v0.7.0+
oto,/Volumes/Samsam/Public/USIdata/ck-development/nova-wola-park-domy/usi_oto_4rCSz.json,2026-05-25T02:06:13.133217,2026-05-25T02:06:13.133218,v0.7.0+
oto,/Volumes/Samsam/Public/USIdata/ck-development/zielone-falenty/usi_oto_4pMp1.json,2026-05-25T02:06:13.136773,2026-05-25T02:06:13.136774,v0.7.0+
oto,/Volumes/Samsam/Public/USIdata/ck-development/zielone-falenty-domy/usi_oto_4pMp4.json,2026-05-25T02:06:13.140506,2026-05-25T02:06:13.140507,v0.7.0+
rp,/Volumes/Samsam/Public/USIdata/ck-investments-sp-z-oo/nova-wola-park-piaseczynski-nowa-wola/usi_rp_17471.json,2026-05-25T02:06:13.115873,2026-06-02T23:13:07.663285,v0.7.0+
rp,/Volumes/Samsam/Public/USIdata/ck-investments-sp-z-oo/zielone-falenty-pruszkowski/usi_rp_17348.json,2026-05-25T02:06:13.122621,2026-06-02T23:13:07.675449,v0.7.0+
rp,/Volumes/Samsam/Public/USIdata/cl-inwestycje/apartamenty-sielanka-mikolow/usi_rp_18623.json,2026-05-25T02:06:13.095116,2026-06-02T23:13:07.622173,v0.7.0+
rp,/Volumes/Samsam/Public/USIdata/cl-inwestycje/bytkowska-katowice-zespol-dzielnic-polnocnych/usi_rp_16112.json,2026-05-25T02:06:13.098911,2026-06-02T23:13:07.628173,v0.7.0+
rp,/Volumes/Samsam/Public/USIdata/cl-inwestycje/osiedle-kochanowskiego-gliwice-gliwice/usi_rp_18438.json,2026-05-25T02:06:13.102667,2026-06-02T23:13:07.636844,v0.7.0+
rp,/Volumes/Samsam/Public/USIdata/cl-inwestycje/ostrawska-katowice-zespol-dzielnic-zachodnich/usi_rp_16111.json,2026-05-25T02:06:13.106181,2026-06-02T23:13:07.645359,v0.7.0+
rp,/Volumes/Samsam/Public/USIdata/cl-inwestycje/poezji-gliwice/usi_rp_16879.json,2026-05-25T02:06:13.109377,2026-06-02T23:13:07.651856,v0.7.0+
oto,/Volumes/Samsam/Public/USIdata/clou-megapolis-sp-z-o-o-sp-komandytowa/clou-lindego/usi_oto_4BlOi.json,2026-05-25T02:06:13.084029,2026-05-25T02:06:13.084032,v0.7.0+
oto,/Volumes/Samsam/Public/USIdata/clou-megapolis-sp-z-o-o-sp-komandytowa/clou-lindego/usi_oto_68007322.json,2026-05-25T02:06:13.084029,2026-06-02T11:04:28.461494,v0.7.0+
oto,/Volumes/Samsam/Public/USIdata/clou-megapolis-sp-z-o-o-sp-komandytowa/clou-lindego-megapolis/usi_oto_4BlNv.json,2026-05-25T02:06:13.090786,2026-05-25T02:06:13.090788,v0.7.0+
oto,/Volumes/Samsam/Public/USIdata/clou-megapolis-sp-z-o-o-sp-komandytowa/clou-lindego-megapolis/usi_oto_68007274.json,2026-05-25T02:06:13.090786,2026-06-02T11:04:29.037787,v0.7.0+
rp,/Volumes/Samsam/Public/USIdata/cognor-holding-sa-sp-k/lodzka-osiedle-czestochowa/usi_rp_19405.json,2026-05-25T02:06:13.075124,2026-06-02T23:13:07.605103,v0.7.0+
oto,/Volumes/Samsam/Public/USIdata/colian-developer/tarasy-bernardynskie-ii/usi_oto_4xerh.json,2026-05-25T02:06:13.068920,2026-05-25T02:06:13.068922,v0.7.0+
rp,/Volumes/Samsam/Public/USIdata/colian-developer/tarasy-bernardynskie-kalisz/usi_rp_15960.json,2026-05-25T02:06:13.072387,2026-06-02T23:13:07.594102,v0.7.0+
oto,/Volumes/Samsam/Public/USIdata/colian-developer-spolka-z-ograniczona-odpowiedzialnoscia-spolka-komandytowa/goplana-etapy-e-i-f/usi_oto_45juW.json,2026-05-25T02:06:13.057670,2026-05-25T02:06:13.057672,v0.7.0+
rp,/Volumes/Samsam/Public/USIdata/comfort-home-development-polawski-i-kalinowski-sp-j/osiedle-witosa-radzymin/usi_rp_18952.json,2026-05-25T02:06:13.053540,2026-06-02T23:13:07.436215,v0.7.0+
oto,/Volumes/Samsam/Public/USIdata/comfortime-group-spolka-z-ograniczona-odpowiedzialnoscia/miasteczko-zielone-ogrody/usi_oto_4zJVT.json,2026-05-25T02:06:13.049530,2026-05-25T02:06:13.049532,v0.7.0+
rp,/Volumes/Samsam/Public/USIdata/comvest-spz-oo/chodziez-chodziez/usi_rp_14981.json,2026-05-25T02:06:13.043725,2026-06-02T23:13:07.419571,v0.7.0+
rp,/Volumes/Samsam/Public/USIdata/comvest-spz-oo/kowanowko-obornicki-kowanowko/usi_rp_15735.json,2026-05-25T02:06:13.046839,2026-06-02T23:13:07.426707,v0.7.0+
rp,/Volumes/Samsam/Public/USIdata/condo-pl/lowen-marina-gizycko-gizycko/usi_rp_15181.json,2026-05-25T02:06:13.028411,2026-06-02T23:13:07.385454,v0.7.0+
rp,/Volumes/Samsam/Public/USIdata/condo-pl/mirador-szrenica-szklarska-poreba/usi_rp_16007.json,2026-05-25T02:06:13.032276,2026-06-02T23:13:07.392208,v0.7.0+
rp,/Volumes/Samsam/Public/USIdata/condo-pl/radisson-resortsuites-ustronie-morskie-kolobrzeski-ustronie-morskie/usi_rp_15150.json,2026-05-25T02:06:13.040964,2026-06-02T23:13:07.410541,v0.7.0+
oto,/Volumes/Samsam/Public/USIdata/conhouse/mlynowa-ii-premium/usi_oto_4yYLq.json,2026-05-25T02:06:13.024768,2026-05-25T02:06:13.024770,v0.7.0+
rp,/Volumes/Samsam/Public/USIdata/conhouse-sp-z-oo/czysta-premium-bialystok/usi_rp_16165.json,2026-05-25T02:06:13.020441,2026-06-02T23:13:07.375153,v0.7.0+
oto,/Volumes/Samsam/Public/USIdata/conradi-invest-sp-z-o-o/conradi-park/usi_oto_4pxKk.json,2026-05-25T02:06:13.016057,2026-05-25T02:06:13.016059,v0.7.0+
rp,/Volumes/Samsam/Public/USIdata/consteel-sp-z-o-o/rezydencje-piaseczno-piaseczno/usi_rp_18963.json,2026-05-25T02:06:13.001864,2026-06-02T23:13:07.350245,v0.7.0+
oto,/Volumes/Samsam/Public/USIdata/constructa-plus/poznanska-waska/usi_oto_4yGMH.json,2026-05-25T02:05:00.112493,2026-05-25T02:05:00.112495,v0.7.0+
oto,/Volumes/Samsam/Public/USIdata/constructa-plus-sp-z-o-o/poznanska-waska/usi_oto_4BeVZ.json,2026-05-25T02:06:12.996383,2026-05-25T02:06:12.996385,v0.7.0+
oto,/Volumes/Samsam/Public/USIdata/constructa-plus-sp-z-o-o/poznanska-waska/usi_oto_67980953.json,2026-05-25T02:06:12.996383,2026-06-02T11:04:44.529456,v0.7.0+
oto,/Volumes/Samsam/Public/USIdata/cordia/craft-zablocie/usi_oto_4qfSC.json,2026-05-25T02:06:12.951448,2026-05-25T02:06:12.951449,v0.7.0+
oto,/Volumes/Samsam/Public/USIdata/cordia/esencja-wilanow/usi_oto_4AKT1.json,2026-05-25T02:06:12.957265,2026-05-25T02:06:12.957266,v0.7.0+
oto,/Volumes/Samsam/Public/USIdata/cordia/esencja-wilanow/usi_oto_67865387.json,2026-05-25T02:06:12.957265,2026-06-02T11:05:38.844952,v0.7.0+
oto,/Volumes/Samsam/Public/USIdata/cordia/flatta-wilanow/usi_oto_4AKVv.json,2026-05-25T02:06:12.967607,2026-05-25T02:06:12.967613,v0.7.0+
oto,/Volumes/Samsam/Public/USIdata/cordia/flatta-wilanow/usi_oto_67865604.json,2026-05-25T02:06:12.967607,2026-06-02T11:05:38.384548,v0.7.0+
oto,/Volumes/Samsam/Public/USIdata/cordia/hi-mokotow/usi_oto_4q2mY.json,2026-05-25T02:06:12.972460,2026-05-25T02:06:12.972462,v0.7.0+
oto,/Volumes/Samsam/Public/USIdata/cordia/lesna-sonata/usi_oto_4q30G.json,2026-05-25T02:06:12.975699,2026-05-25T02:06:12.975702,v0.7.0+
oto,/Volumes/Samsam/Public/USIdata/cordia/modena-by-cordia/usi_oto_4vLTj.json,2026-05-25T02:06:12.979366,2026-05-25T02:06:12.979368,v0.7.0+
oto,/Volumes/Samsam/Public/USIdata/cordia/safrano/usi_oto_4x7af.json,2026-05-25T02:06:12.983617,2026-05-25T02:06:12.983621,v0.7.0+
oto,/Volumes/Samsam/Public/USIdata/cordia/villa-jaskowa-dolina/usi_oto_4ui3P.json,2026-05-25T02:06:12.987595,2026-05-25T02:06:12.987597,v0.7.0+
rp,/Volumes/Samsam/Public/USIdata/cordia-polska/zielone-bemowo-etap-ii-warszawa-bemowo-chrzanow/usi_rp_10554.json,2026-05-25T02:06:12.948973,2026-06-02T23:13:07.333836,v0.7.0+
oto,/Volumes/Samsam/Public/USIdata/cornatti-fund-sp-z-o-o/sosnova-leszka-25-kobylka/usi_oto_4qS7C.json,2026-05-25T02:06:12.887154,2026-05-25T02:06:12.887155,v0.7.0+
oto,/Volumes/Samsam/Public/USIdata/cornette-residence-sp-z-o-o/cornette-residence/usi_oto_4yT9g.json,2026-05-25T02:06:12.883468,2026-05-25T02:06:12.883470,v0.7.0+
rp,/Volumes/Samsam/Public/USIdata/covers-development/perlowa-przystan-kolobrzeg-etap-ii-kolobrzeg/usi_rp_19294.json,2026-05-25T02:06:12.876362,2026-06-02T23:13:07.143763,v0.7.0+
rp,/Volumes/Samsam/Public/USIdata/covers-development/perlowa-przystan-sianozety-etap-iii-kolobrzeski-sianozety/usi_rp_19292.json,2026-05-25T02:06:12.880765,2026-06-02T23:13:07.150648,v0.7.0+
rp,/Volumes/Samsam/Public/USIdata/cr-deweloper/majorka-ostrow-wielkopolski/usi_rp_15837.json,2026-05-25T02:06:12.869279,2026-06-02T23:13:07.124395,v0.7.0+
rp,/Volumes/Samsam/Public/USIdata/cr-deweloper/olsztynska-tower-ostrow-wielkopolski/usi_rp_15836.json,2026-05-25T02:06:12.873244,2026-06-02T23:13:07.132680,v0.7.0+
rp,/Volumes/Samsam/Public/USIdata/credo-sp-z-oo/osiedle-central-park-w-kajkowie-ostrodzki-kajkowo/usi_rp_15589.json,2026-05-25T02:06:12.863132,2026-06-02T23:13:07.107331,v0.7.0+
rp,/Volumes/Samsam/Public/USIdata/credo-sp-z-oo/osiedle-nove-ostroda/usi_rp_15138.json,2026-05-25T02:06:12.866715,2026-06-02T23:13:07.114450,v0.7.0+
to,/Volumes/Samsam/Public/USIdata/credospzoo/fromborska-fromborska-2b-elblag-nad-jarem-mieszkania-na-sprzedaz/usi_to_9194551.json,2026-05-25T02:05:00.102394,2026-05-25T02:05:00.102397,v0.7.0+
to,/Volumes/Samsam/Public/USIdata/crh-zagiel/wojciechowska-square-wojciechowska-40-lublin-konstantynow-mieszkania-na-sprzedaz/usi_to_8790444.json,2026-06-02T10:53:49.698195,2026-06-02T10:53:50.163646,v0.7.0+
rp,/Volumes/Samsam/Public/USIdata/csi-development/blizniak-na-zgody-ozarow-mazowiecki/usi_rp_14718.json,2026-05-25T02:06:12.835376,2026-06-02T23:13:06.940461,v0.7.0+
oto,/Volumes/Samsam/Public/USIdata/csi-development/kampinoskie-zacisze/usi_oto_4xhA9.json,2026-05-25T02:06:12.843285,2026-05-25T02:06:12.843287,v0.7.0+
rp,/Volumes/Samsam/Public/USIdata/csi-development/osiedle-gierymskiego-etap-ii-ozarow-mazowiecki/usi_rp_16967.json,2026-05-25T02:06:12.851093,2026-06-02T23:13:07.083555,v0.7.0+
rp,/Volumes/Samsam/Public/USIdata/csi-development/osiedle-uroczy-zakatek-ozarow-mazowiecki/usi_rp_16396.json,2026-05-25T02:06:12.859088,2026-06-02T23:13:07.098691,v0.7.0+
oto,/Volumes/Samsam/Public/USIdata/cte-investments/apartamenty-swieradowska/usi_oto_4qFrd.json,2026-05-25T02:06:12.828328,2026-05-25T02:06:12.828330,v0.7.0+
oto,/Volumes/Samsam/Public/USIdata/cte-investments/osiedle-bakaliowe/usi_oto_4kkux.json,2026-05-25T02:06:12.832190,2026-05-25T02:06:12.832191,v0.7.0+
rp,/Volumes/Samsam/Public/USIdata/czestobud/nowa-czestochowa-czestochowa/usi_rp_13809.json,2026-05-25T02:06:12.801354,2026-06-02T23:13:06.888102,v0.7.0+
rp,/Volumes/Samsam/Public/USIdata/czestobud/nowa-czestochowa-malopolska-czestochowa/usi_rp_17657.json,2026-05-25T02:06:12.805176,2026-06-02T23:13:06.897215,v0.7.0+
rp,/Volumes/Samsam/Public/USIdata/czestobud/nowa-czestochowa-malopolska-etap-ii-czestochowa/usi_rp_18055.json,2026-05-25T02:06:12.808488,2026-06-02T23:13:06.903327,v0.7.0+
rp,/Volumes/Samsam/Public/USIdata/czestobud/nowa-czestochowa-moscickiego-czestochowa/usi_rp_18787.json,2026-05-25T02:06:12.812801,2026-06-02T23:13:06.911746,v0.7.0+
rp,/Volumes/Samsam/Public/USIdata/czestobud/nowa-czestochowa-rakow-czestochowa/usi_rp_14198.json,2026-05-25T02:06:12.815949,2026-06-02T23:13:06.917293,v0.7.0+
oto,/Volumes/Samsam/Public/USIdata/d-d-investment-sp-z-o-o/inwestycja-d-d-investment-gotowe-mieszkania/usi_oto_4gUyq.json,2026-05-25T02:06:12.792632,2026-05-25T02:06:12.792634,v0.7.0+
oto,/Volumes/Samsam/Public/USIdata/d-d-investment-sp-z-o-o/park-mielecka-sosnowiec-d-d-investment/usi_oto_4vcCQ.json,2026-05-25T02:06:12.797511,2026-05-25T02:06:12.797512,v0.7.0+
oto,/Volumes/Samsam/Public/USIdata/d-p-i-malachit-sp-z-o-o/osiedle-ksiezycowe-siechnice/usi_oto_4yuOQ.json,2026-05-25T02:06:12.786489,2026-05-25T02:06:12.786491,v0.7.0+
oto,/Volumes/Samsam/Public/USIdata/d-p-i-malachit-sp-z-o-o/osiedle-sami-swoi-dobrzykowice/usi_oto_4yt7a.json,2026-05-25T02:06:12.789768,2026-05-25T02:06:12.789770,v0.7.0+
oto,/Volumes/Samsam/Public/USIdata/dabrowskie-budownictwo-mieszkaniowe-sp-z-o-o/apartamenty-grabocinska/usi_oto_4tZ5j.json,2026-05-25T02:06:12.781904,2026-05-25T02:06:12.781905,v0.7.0+
oto,/Volumes/Samsam/Public/USIdata/dakar-development/osiedle-dakar-karolina/usi_oto_4rJWY.json,2026-05-25T02:06:12.773517,2026-05-25T02:06:12.773520,v0.7.0+
oto,/Volumes/Samsam/Public/USIdata/dakar-development/osiedle-natura-park/usi_oto_4d63e.json,2026-05-25T02:06:12.777989,2026-05-25T02:06:12.777991,v0.7.0+
rp,/Volumes/Samsam/Public/USIdata/dakar-development-sp-z-oo/osiedle-dakar-karolina-rzeszow/usi_rp_17564.json,2026-05-25T02:06:12.764587,2026-06-02T23:13:06.869495,v0.7.0+
rp,/Volumes/Samsam/Public/USIdata/dakar-development-sp-z-oo/osiedle-natura-park-etap-ii-rzeszowski-kielanowka/usi_rp_17254.json,2026-05-25T02:06:12.768831,2026-06-02T23:13:06.878838,v0.7.0+
rp,/Volumes/Samsam/Public/USIdata/dakara-invest/krasinskiego-2-marki/usi_rp_18579.json,2026-05-25T02:06:12.761376,2026-06-02T23:13:06.860271,v0.7.0+
oto,/Volumes/Samsam/Public/USIdata/dantex/autonomia-praska/usi_oto_4n2of.json,2026-05-25T02:06:12.734234,2026-05-25T02:06:12.734235,v0.7.0+
oto,/Volumes/Samsam/Public/USIdata/dantex/osiedle-aurora/usi_oto_4gYab.json,2026-05-25T02:06:12.738563,2026-05-25T02:06:12.738564,v0.7.0+
rp,/Volumes/Samsam/Public/USIdata/dantex/osiedle-przy-arkadii-warszawa-wola-powazki/usi_rp_5358.json,2026-05-25T02:06:12.745653,2026-06-02T23:13:06.761815,v0.7.0+
oto,/Volumes/Samsam/Public/USIdata/dantex/so-21/usi_oto_4tabc.json,2026-05-25T02:06:12.748458,2026-05-25T02:06:12.748459,v0.7.0+
rp,/Volumes/Samsam/Public/USIdata/dantex/wola-nowa-warszawa-wola-odolany/usi_rp_10873.json,2026-05-25T02:06:12.754989,2026-06-02T23:13:06.852487,v0.7.0+
oto,/Volumes/Samsam/Public/USIdata/dantex/wolala/usi_oto_4etFI.json,2026-05-25T02:06:12.757733,2026-05-25T02:06:12.757735,v0.7.0+
oto,/Volumes/Samsam/Public/USIdata/dariusz-walenczewski-ska/tarasy-wilczak/usi_oto_3mXrq.json,2026-05-25T02:06:12.730860,2026-05-25T02:06:12.730861,v0.7.0+
oto,/Volumes/Samsam/Public/USIdata/dasta-invest/pekowicka/usi_oto_68066092.json,2026-06-02T11:03:41.341154,2026-06-02T11:03:41.768639,v0.7.0+
oto,/Volumes/Samsam/Public/USIdata/dasta-invest-sp-z-o-o/dabska-pools/usi_oto_4qztg.json,2026-05-25T02:06:12.718206,2026-05-25T02:06:12.718207,v0.7.0+
oto,/Volumes/Samsam/Public/USIdata/dasta-invest-sp-z-o-o/dominikanow/usi_oto_4nMsV.json,2026-05-25T02:06:12.722791,2026-05-25T02:06:12.722793,v0.7.0+
oto,/Volumes/Samsam/Public/USIdata/dasta-invest-sp-z-o-o/paderewskiego-29/usi_oto_4rFvp.json,2026-05-25T02:06:12.725563,2026-05-25T02:06:12.725564,v0.7.0+
to,/Volumes/Samsam/Public/USIdata/dastainvest/paderewskiego-29-ignacego-paderewskiego-29-katowice-osiedle-paderewskiego-muchowiec-dolina-trzech-stawow-mieszkania-na-sprzedaz/usi_to_9029980.json,2026-05-25T02:05:00.078613,2026-05-25T02:05:00.078616,v0.7.0+
oto,/Volumes/Samsam/Public/USIdata/dax-investment-sp-j/belluno/usi_oto_4zcLr.json,2026-05-25T02:06:12.671437,2026-05-25T02:06:12.671439,v0.7.0+
oto,/Volumes/Samsam/Public/USIdata/dax-investment-sp-j/frascati/usi_oto_4r7y3.json,2026-05-25T02:06:12.689542,2026-05-25T02:06:12.689547,v0.7.0+
oto,/Volumes/Samsam/Public/USIdata/dax-investment-sp-j/nowa-inwestycja-w-klobucku-montanaro-tre/usi_oto_4Aogr.json,2026-05-25T02:06:12.694083,2026-05-25T02:06:12.694085,v0.7.0+
oto,/Volumes/Samsam/Public/USIdata/dax-investment-sp-j/osiedle-la-spazia/usi_oto_4gPQN.json,2026-05-25T02:06:12.697499,2026-05-25T02:06:12.697500,v0.7.0+
rp,/Volumes/Samsam/Public/USIdata/db-development/domy-stary-torun-torunski-stary-torun/usi_rp_17917.json,2026-05-25T02:06:12.667734,2026-06-02T23:13:06.594362,v0.7.0+
rp,/Volumes/Samsam/Public/USIdata/ddom-sp-z-oo/grzegorzewska-olsztyn/usi_rp_15168.json,2026-05-25T02:06:12.626135,2026-06-02T23:13:06.530301,v0.7.0+
rp,/Volumes/Samsam/Public/USIdata/ddom-sp-z-oo/sloneczne-barczewo-barczewo/usi_rp_14344.json,2026-05-25T02:06:12.635322,2026-06-02T23:13:06.548298,v0.7.0+
rp,/Volumes/Samsam/Public/USIdata/ddom-sp-z-oo/warminski-port-etap-ii-olsztyn/usi_rp_15167.json,2026-05-25T02:06:12.638451,2026-06-02T23:13:06.557148,v0.7.0+
rp,/Volumes/Samsam/Public/USIdata/ddom-sp-z-oo/warminski-port-etap-v-olsztyn/usi_rp_19090.json,2026-05-25T02:06:12.657483,2026-06-02T23:13:06.573484,v0.7.0+
oto,/Volumes/Samsam/Public/USIdata/de-belmonte/de-belmonte-port-ustka/usi_oto_4ABc8.json,2026-05-25T02:06:12.617360,2026-05-25T02:06:12.617362,v0.7.0+
oto,/Volumes/Samsam/Public/USIdata/de-belmonte/de-belmonte-port-ustka/usi_oto_67828132.json,2026-05-25T02:06:12.617360,2026-06-02T11:05:51.783706,v0.7.0+
oto,/Volumes/Samsam/Public/USIdata/de-silva-haus-s-a/osiedle-magnolia-2-kluczborskie-blonia/usi_oto_4xZVH.json,2026-05-25T02:06:12.609886,2026-05-25T02:06:12.609888,v0.7.0+
rp,/Volumes/Samsam/Public/USIdata/de-silva-haus-sa/nowa-guzikarnia-czestochowa/usi_rp_15943.json,2026-05-25T02:06:12.605307,2026-06-02T23:13:06.512017,v0.7.0+
oto,/Volumes/Samsam/Public/USIdata/debowa-45-spv-sp-z-o-o/debowa-45/usi_oto_4wkSw.json,2026-05-25T02:06:12.575489,2026-05-25T02:06:12.575491,v0.7.0+
oto,/Volumes/Samsam/Public/USIdata/dekpol/eterna/usi_oto_4AJg0.json,2026-05-21T19:17:49.230437,2026-05-24T17:36:30.722291,v0.7.0+
oto,/Volumes/Samsam/Public/USIdata/dekpol/osiedle-chabrowe/usi_oto_4zfDg.json,2026-05-25T02:06:12.542351,2026-05-25T02:06:12.542353,v0.7.0+
oto,/Volumes/Samsam/Public/USIdata/dekpol/osiedle-kociewskie/usi_oto_4zfDe.json,2026-05-25T02:06:12.546594,2026-05-25T02:06:12.546596,v0.7.0+
oto,/Volumes/Samsam/Public/USIdata/dekpol/osiedle-pastelowe/usi_oto_4zfDd.json,2026-05-25T02:06:12.553172,2026-05-25T02:06:12.553175,v0.7.0+
oto,/Volumes/Samsam/Public/USIdata/dekpol-deweloper-sp-z-o-o/apartamenty-w-sasiedztwie-nadmorskiego-lasu/usi_oto_4mEUQ.json,2026-05-25T02:06:12.503685,2026-05-25T02:06:12.503686,v0.7.0+
oto,/Volumes/Samsam/Public/USIdata/dekpol-deweloper-sp-z-o-o/granaria-apartamenty-inwestycyjne/usi_oto_4rumq.json,2026-05-25T02:06:12.507547,2026-05-25T02:06:12.507549,v0.7.0+
oto,/Volumes/Samsam/Public/USIdata/dekpol-deweloper-sp-z-o-o/granaria-jedyne-apartamenty-na-wyspie-spichrzow/usi_oto_4tJP5.json,2026-05-25T02:06:12.510948,2026-05-25T02:06:12.510950,v0.7.0+
oto,/Volumes/Samsam/Public/USIdata/dekpol-deweloper-sp-z-o-o/os-chabrowe-starogard-gdanski-tu-jestes-u-siebie/usi_oto_4yprY.json,2026-05-25T02:06:12.515927,2026-05-25T02:06:12.515929,v0.7.0+
oto,/Volumes/Samsam/Public/USIdata/dekpol-deweloper-sp-z-o-o/oval-sky/usi_oto_4rumx.json,2026-05-25T02:06:12.520065,2026-05-25T02:06:12.520068,v0.7.0+
oto,/Volumes/Samsam/Public/USIdata/dekpol-deweloper-sp-z-o-o/oval-sky-apartamenty-inwestycyjne-na-woli/usi_oto_4tKxL.json,2026-05-25T02:06:12.523823,2026-05-25T02:06:12.523824,v0.7.0+
oto,/Volumes/Samsam/Public/USIdata/dekpol-deweloper-sp-z-o-o/pastelowe-10-min-do-centrum-gdanska/usi_oto_4kIy1.json,2026-05-25T02:06:12.527745,2026-05-25T02:06:12.527746,v0.7.0+
oto,/Volumes/Samsam/Public/USIdata/dekpol-deweloper-sp-z-o-o/pino-resort-apartamenty-z-basenami-1-km-od-morza/usi_oto_4tHYv.json,2026-05-25T02:06:12.530675,2026-05-25T02:06:12.530677,v0.7.0+
oto,/Volumes/Samsam/Public/USIdata/dekpol-deweloper-sp-z-o-o/sol-marina-apartamenty-premium-k-gdanska/usi_oto_4kDgy.json,2026-05-25T02:06:12.533971,2026-05-25T02:06:12.533972,v0.7.0+
oto,/Volumes/Samsam/Public/USIdata/dekpol-deweloper-sp-z-o-o/trimare-2-5-km-od-plazy-przy-morzu-i-lesie/usi_oto_4tHYx.json,2026-05-25T02:06:12.537582,2026-05-25T02:06:12.537584,v0.7.0+
rp,/Volumes/Samsam/Public/USIdata/dekpol-deweloper-sp-z-oo/balticline-gdansk-wyspa-sobieszewska/usi_rp_16103.json,2026-05-25T02:06:12.396985,2026-06-02T23:13:06.286404,v0.7.0+
rp,/Volumes/Samsam/Public/USIdata/dekpol-deweloper-sp-z-oo/foresta-gdansk-piecki-migowo/usi_rp_9318.json,2026-05-25T02:06:12.406544,2026-06-02T23:13:06.307808,v0.7.0+
rp,/Volumes/Samsam/Public/USIdata/dekpol-deweloper-sp-z-oo/lazur-park-gdansk-osowa/usi_rp_16107.json,2026-05-25T02:06:12.412716,2026-06-02T23:13:06.322903,v0.7.0+
rp,/Volumes/Samsam/Public/USIdata/dekpol-deweloper-sp-z-oo/mloda-morena-park-ii-gdansk-piecki-migowo/usi_rp_9577.json,2026-05-25T02:06:12.418999,2026-06-02T23:13:06.337303,v0.7.0+
rp,/Volumes/Samsam/Public/USIdata/dekpol-deweloper-sp-z-oo/neo-jasien-gdansk-jasien/usi_rp_14412.json,2026-05-25T02:06:12.423950,2026-06-02T23:13:06.343059,v0.7.0+
rp,/Volumes/Samsam/Public/USIdata/dekpol-deweloper-sp-z-oo/nowe-rokitki-v-i-vi-tczewski-rokitki/usi_rp_9737.json,2026-05-25T02:06:12.429819,2026-06-02T23:13:06.357244,v0.7.0+
rp,/Volumes/Samsam/Public/USIdata/dekpol-deweloper-sp-z-oo/osiedle-kociewskie-bud-e-tczewski-rokitki/usi_rp_20338.json,2026-05-25T02:06:12.436793,2026-06-02T23:13:06.373000,v0.7.0+
rp,/Volumes/Samsam/Public/USIdata/dekpol-deweloper-sp-z-oo/osiedle-zielone-gdansk-jasien/usi_rp_11154.json,2026-05-25T02:06:12.484505,2026-06-02T23:13:06.456915,v0.7.0+
rp,/Volumes/Samsam/Public/USIdata/dekpol-deweloper-sp-z-oo/sol-marina-gdanski-wislinka/usi_rp_16106.json,2026-05-25T02:06:12.491667,2026-06-02T23:13:06.469886,v0.7.0+
rp,/Volumes/Samsam/Public/USIdata/dekpol-deweloper-sp-z-oo/trimare-pomorskie-nowodworski-sztutowo/usi_rp_14568.json,2026-05-25T02:06:12.494778,2026-06-02T23:13:06.478789,v0.7.0+
oto,/Volumes/Samsam/Public/USIdata/deldom-development/warszawska-33/usi_oto_4sNUr.json,2026-05-25T02:06:12.388881,2026-05-25T02:06:12.388883,v0.7.0+
oto,/Volumes/Samsam/Public/USIdata/detal-partner-sp-zo-o/osiedle-zacisze-czempin/usi_oto_4naKK.json,2026-05-25T02:06:12.378311,2026-05-25T02:06:12.378313,v0.7.0+
oto,/Volumes/Samsam/Public/USIdata/deve-invest-sp-z-o-o/mlynska-ogrody-5/usi_oto_4yo0Z.json,2026-05-25T02:06:12.375016,2026-05-25T02:06:12.375018,v0.7.0+
to,/Volumes/Samsam/Public/USIdata/develia/aleje-praskie-vii-podskarbinska-ilawska-warszawa-praga-poludnie-kamionek-mieszkania-na-sprzedaz/usi_to_9199069.json,2026-05-25T02:04:59.997612,2026-05-25T02:04:59.997614,v0.7.0+
to,/Volumes/Samsam/Public/USIdata/develia/aleje-praskie-x-drwecka-warszawa-praga-poludnie-kamionek-mieszkania-na-sprzedaz/usi_to_9199104.json,2026-05-25T02:05:00.006190,2026-05-25T02:05:00.006192,v0.7.0+
oto,/Volumes/Samsam/Public/USIdata/develia/aroniowa-vita/usi_oto_4z1AL.json,2026-05-25T02:06:11.886836,2026-05-25T02:06:11.886838,v0.7.0+
rp,/Volumes/Samsam/Public/USIdata/develia/baltea-apartments-gdansk-przymorze-wielkie/usi_rp_12016.json,2026-05-25T02:06:11.897890,2026-06-02T23:13:05.377677,v0.7.0+
rp,/Volumes/Samsam/Public/USIdata/develia/bastion-walowa-gdansk-srodmiescie/usi_rp_6933.json,2026-05-25T02:06:11.902128,2026-06-02T23:13:05.388374,v0.7.0+
to,/Volumes/Samsam/Public/USIdata/develia/bemowo-vita-etap-v-szeligowska-57-warszawa-bemowo-chrzanow-mieszkania-na-sprzedaz/usi_to_9214690.json,2026-05-25T02:05:00.019487,2026-05-25T02:05:00.019492,v0.7.0+
to,/Volumes/Samsam/Public/USIdata/develia/centralna-vita-etap-iii-ciesielskiego-krakow-czyzyny-mieszkania-na-sprzedaz/usi_to_9199091.json,2026-05-25T02:05:00.026078,2026-05-25T02:05:00.026080,v0.7.0+
rp,/Volumes/Samsam/Public/USIdata/develia/cynamonowa-vita-wroclaw-psie-pole/usi_rp_14361.json,2026-05-25T02:06:11.938105,2026-06-02T23:13:05.471283,v0.7.0+
rp,/Volumes/Samsam/Public/USIdata/develia/debowa-ostoja-lodz-baluty-baluty-zachodnie/usi_rp_836.json,2026-05-25T02:06:11.941237,2026-06-02T23:13:05.477652,v0.7.0+
rp,/Volumes/Samsam/Public/USIdata/develia/dolina-piastow-wroclaw-psie-pole-osiedle-psie-pole/usi_rp_4182.json,2026-05-25T02:06:11.944136,2026-06-02T23:13:05.486653,v0.7.0+
oto,/Volumes/Samsam/Public/USIdata/develia/glebocka-vita/usi_oto_68066636.json,2026-06-02T11:03:40.143607,2026-06-02T11:03:40.572599,v0.7.0+
rp,/Volumes/Samsam/Public/USIdata/develia/glebocka-vita-warszawa-grodzisk/usi_rp_20363.json,2026-05-25T02:06:11.947307,2026-06-02T23:13:05.494973,v0.7.0+
oto,/Volumes/Samsam/Public/USIdata/develia/jesionowa-vita/usi_oto_4tNvB.json,2026-05-25T02:06:11.957663,2026-05-25T02:06:11.957665,v0.7.0+
rp,/Volumes/Samsam/Public/USIdata/develia/kamienna-145-wroclaw-krzyki-huby/usi_rp_9037.json,2026-05-25T02:06:11.964258,2026-06-02T23:13:05.527183,v0.7.0+
rp,/Volumes/Samsam/Public/USIdata/develia/kaskady-rozanki-wroclaw-rozanka/usi_rp_13926.json,2026-05-25T02:06:11.967400,2026-06-02T23:13:05.537182,v0.7.0+
oto,/Volumes/Samsam/Public/USIdata/develia/kijowska-vita/usi_oto_4ARiu.json,2026-05-25T02:06:11.971137,2026-05-25T02:06:11.971138,v0.7.0+
oto,/Volumes/Samsam/Public/USIdata/develia/kijowska-vita/usi_oto_67890030.json,2026-05-25T02:06:11.971137,2026-06-02T11:05:24.425063,v0.7.0+
rp,/Volumes/Samsam/Public/USIdata/develia/kijowska-vita-warszawa-szmulowizna/usi_rp_20216.json,2026-05-25T02:06:11.975215,2026-06-02T23:13:05.543725,v0.7.0+
oto,/Volumes/Samsam/Public/USIdata/develia/kopernika-71/usi_oto_4yHzJ.json,2026-05-25T02:06:11.979617,2026-05-25T02:06:11.979619,v0.7.0+
rp,/Volumes/Samsam/Public/USIdata/develia/krakowska-vita-warszawa-wlochy/usi_rp_14312.json,2026-05-25T02:06:11.992581,2026-06-02T23:13:05.567988,v0.7.0+
oto,/Volumes/Samsam/Public/USIdata/develia/krolowej-jadwigi-51/usi_oto_4uSal.json,2026-05-25T02:06:11.996264,2026-05-25T02:06:11.996265,v0.7.0+
rp,/Volumes/Samsam/Public/USIdata/develia/krzemieniecka-vita-wroclaw-muchobor-wielki/usi_rp_16807.json,2026-05-25T02:06:12.002535,2026-06-02T23:13:05.588125,v0.7.0+
oto,/Volumes/Samsam/Public/USIdata/develia/legnicka-vita/usi_oto_4uGZL.json,2026-05-25T02:06:12.005500,2026-05-25T02:06:12.005501,v0.7.0+
oto,/Volumes/Samsam/Public/USIdata/develia/m-bemowo-3/usi_oto_4yAAm.json,2026-05-25T02:06:12.013961,2026-05-25T02:06:12.013963,v0.7.0+
rp,/Volumes/Samsam/Public/USIdata/develia/mala-praga-warszawa-praga-poludnie-grochow/usi_rp_4179.json,2026-05-25T02:06:12.021294,2026-06-02T23:13:05.612700,v0.7.0+
rp,/Volumes/Samsam/Public/USIdata/develia/maly-grochow-warszawa-praga-poludnie-grochow/usi_rp_10659.json,2026-05-25T02:06:12.035730,2026-06-02T23:13:05.644304,v0.7.0+
rp,/Volumes/Samsam/Public/USIdata/develia/marinus-gdansk-brzezno/usi_rp_13839.json,2026-05-25T02:06:12.039070,2026-06-02T23:13:05.653562,v0.7.0+
oto,/Volumes/Samsam/Public/USIdata/develia/neo-praga/usi_oto_4y6kK.json,2026-05-25T02:06:12.058798,2026-05-25T02:06:12.058801,v0.7.0+
rp,/Volumes/Samsam/Public/USIdata/develia/nowa-raclawicka-wroclaw-krzyki-osiedle-krzyki/usi_rp_11250.json,2026-05-25T02:06:12.081580,2026-06-02T23:13:05.743265,v0.7.0+
rp,/Volumes/Samsam/Public/USIdata/develia/ogrody-wojszyce-wroclaw-wojszyce/usi_rp_14980.json,2026-05-25T02:06:12.087875,2026-06-02T23:13:05.760716,v0.7.0+
oto,/Volumes/Samsam/Public/USIdata/develia/oliwska-vita/usi_oto_4pJ65.json,2026-05-25T02:06:12.095347,2026-05-25T02:06:12.095349,v0.7.0+
to,/Volumes/Samsam/Public/USIdata/develia/orawska-vita-iii-wroclaw-oltaszyn-mieszkania-na-sprzedaz/usi_to_9089334.json,2026-05-25T02:05:00.036565,2026-05-25T02:05:00.036567,v0.7.0+
oto,/Volumes/Samsam/Public/USIdata/develia/osiedle-lumea-6/usi_oto_4ACXw.json,2026-05-25T02:06:12.140100,2026-05-25T02:06:12.140102,v0.7.0+
rp,/Volumes/Samsam/Public/USIdata/develia/osiedle-maestro-wroclaw-krzyki-jagodno/usi_rp_837.json,2026-05-25T02:06:12.147263,2026-06-02T23:13:05.841338,v0.7.0+
rp,/Volumes/Samsam/Public/USIdata/develia/osiedle-potokowa-wroclaw-fabryczna-maslice/usi_rp_2225.json,2026-05-25T02:06:12.150381,2026-06-02T23:13:05.849702,v0.7.0+
rp,/Volumes/Samsam/Public/USIdata/develia/osiedle-przy-mogilskiej-krakow-pradnik-czerwony/usi_rp_11199.json,2026-05-25T02:06:12.154293,2026-06-02T23:13:05.860060,v0.7.0+
rp,/Volumes/Samsam/Public/USIdata/develia/osiedle-przy-promenadzie-warszawa-praga-poludnie-goclaw/usi_rp_4181.json,2026-05-25T02:06:12.158145,2026-06-02T23:13:05.868367,v0.7.0+
rp,/Volumes/Samsam/Public/USIdata/develia/osiedle-przy-srebrnej-gdansk-chelm/usi_rp_2032.json,2026-05-25T02:06:12.161175,2026-06-02T23:13:05.878046,v0.7.0+
rp,/Volumes/Samsam/Public/USIdata/develia/osiedle-pustynna-43-lodz-gorna/usi_rp_1663.json,2026-05-25T02:06:12.164765,2026-06-02T23:13:05.885752,v0.7.0+
rp,/Volumes/Samsam/Public/USIdata/develia/osiedle-soltysowicka-32-wroclaw-psie-pole-soltysowice/usi_rp_7405.json,2026-05-25T02:06:12.167705,2026-06-02T23:13:05.896366,v0.7.0+
oto,/Volumes/Samsam/Public/USIdata/develia/pilczycka-vita/usi_oto_4AR17.json,2026-05-25T02:06:12.174936,2026-05-25T02:06:12.174938,v0.7.0+
oto,/Volumes/Samsam/Public/USIdata/develia/pilczycka-vita/usi_oto_67888953.json,2026-05-25T02:06:12.174936,2026-06-02T11:05:25.558511,v0.7.0+
rp,/Volumes/Samsam/Public/USIdata/develia/pilczycka-vita-wroclaw-pilczyce/usi_rp_20207.json,2026-05-25T02:06:12.178542,2026-06-02T23:13:05.912892,v0.7.0+
oto,/Volumes/Samsam/Public/USIdata/develia/podhalanska-vita/usi_oto_4zryH.json,2026-05-25T02:06:12.185574,2026-05-25T02:06:12.185575,v0.7.0+
to,/Volumes/Samsam/Public/USIdata/develia/podhalanska-vita-wroclaw-zerniki-zlotniki-mieszkania-na-sprzedaz/usi_to_9190013.json,2026-05-25T02:05:00.043466,2026-05-25T02:05:00.043468,v0.7.0+
rp,/Volumes/Samsam/Public/USIdata/develia/powstancow-33-wolominski-zabki/usi_rp_2226.json,2026-05-25T02:06:12.196559,2026-06-02T23:13:05.950572,v0.7.0+
rp,/Volumes/Samsam/Public/USIdata/develia/prestovia-house-warszawa-praga-polnoc-pelcowizna/usi_rp_12932.json,2026-05-25T02:06:12.200071,2026-06-02T23:13:05.959419,v0.7.0+
rp,/Volumes/Samsam/Public/USIdata/develia/przemyska-vita-gdansk-ujescisko-lostowice/usi_rp_14456.json,2026-05-25T02:06:12.203462,2026-06-02T23:13:05.969758,v0.7.0+
rp,/Volumes/Samsam/Public/USIdata/develia/przy-alejach-gdansk-zaspa-rozstaje/usi_rp_4178.json,2026-05-25T02:06:12.209886,2026-06-02T23:13:05.979324,v0.7.0+
oto,/Volumes/Samsam/Public/USIdata/develia/przy-parku-vita/usi_oto_4xrPh.json,2026-05-25T02:06:12.224128,2026-05-25T02:06:12.224130,v0.7.0+
oto,/Volumes/Samsam/Public/USIdata/develia/ptasia-vita/usi_oto_4yTAI.json,2026-05-25T02:06:12.230556,2026-05-25T02:06:12.230557,v0.7.0+
rp,/Volumes/Samsam/Public/USIdata/develia/rezydencja-kaliska-warszawa-srodmiescie-srodmiescie-poludniowe/usi_rp_839.json,2026-05-25T02:06:12.242058,2026-06-02T23:13:06.046325,v0.7.0+
oto,/Volumes/Samsam/Public/USIdata/develia/rokokowa-vita/usi_oto_4t4he.json,2026-05-25T02:06:12.248191,2026-05-25T02:06:12.248193,v0.7.0+
oto,/Volumes/Samsam/Public/USIdata/develia/rokokowa-vita-domy/usi_oto_4t4hc.json,2026-05-25T02:06:12.252280,2026-05-25T02:06:12.252281,v0.7.0+
rp,/Volumes/Samsam/Public/USIdata/develia/rokokowa-vita-warszawa-huta/usi_rp_17693.json,2026-05-25T02:06:12.255793,2026-06-02T23:13:06.061589,v0.7.0+
oto,/Volumes/Samsam/Public/USIdata/develia/rve/usi_oto_4AvM1.json,2026-05-25T02:06:12.258861,2026-05-25T02:06:12.258862,v0.7.0+
oto,/Volumes/Samsam/Public/USIdata/develia/slezna-vita/usi_oto_4xjm2.json,2026-05-25T02:06:12.265201,2026-05-25T02:06:12.265203,v0.7.0+
oto,/Volumes/Samsam/Public/USIdata/develia/sloneczne-miasteczko/usi_oto_4stom.json,2026-05-25T02:06:12.271044,2026-05-25T02:06:12.271046,v0.7.0+
oto,/Volumes/Samsam/Public/USIdata/develia/sochaczewska-vita/usi_oto_4AD2j.json,2026-05-25T02:06:12.280630,2026-05-25T02:06:12.280632,v0.7.0+
oto,/Volumes/Samsam/Public/USIdata/develia/sochaczewska-vita/usi_oto_67835211.json,2026-05-25T02:06:12.280630,2026-06-02T11:05:49.447285,v0.7.0+
rp,/Volumes/Samsam/Public/USIdata/develia/stablowicka-77-wroclaw-fabryczna-stablowice/usi_rp_3408.json,2026-05-25T02:06:12.289210,2026-06-02T23:13:06.117104,v0.7.0+
oto,/Volumes/Samsam/Public/USIdata/develia/stacja-rembertow/usi_oto_4yHGQ.json,2026-05-25T02:06:12.292883,2026-05-25T02:06:12.292885,v0.7.0+
to,/Volumes/Samsam/Public/USIdata/develia/stacja-rembertow-fiszera-36-warszawa-rembertow-mieszkania-na-sprzedaz/usi_to_9159191.json,2026-05-25T02:05:00.052520,2026-05-25T02:05:00.052524,v0.7.0+
rp,/Volumes/Samsam/Public/USIdata/develia/swietokrzyska-park-gdansk-ujescisko-lostowice/usi_rp_7684.json,2026-05-25T02:06:12.299324,2026-06-02T23:13:06.136511,v0.7.0+
oto,/Volumes/Samsam/Public/USIdata/develia/traugutta-vita/usi_oto_4sZJ4.json,2026-05-25T02:06:12.308646,2026-05-25T02:06:12.308648,v0.7.0+
oto,/Volumes/Samsam/Public/USIdata/develia/trzcinowa-vita/usi_oto_4vM8E.json,2026-05-25T02:06:12.314740,2026-05-25T02:06:12.314742,v0.7.0+
to,/Volumes/Samsam/Public/USIdata/develia/trzcinowa-vita-i-trzcinowa-18-warszawa-wlochy-nowe-wlochy-mieszkania-na-sprzedaz/usi_to_9224829.json,2026-05-25T02:05:00.058868,2026-05-25T02:05:00.058870,v0.7.0+
to,/Volumes/Samsam/Public/USIdata/develia/trzcinowa-vita-ii-trzcinowa-18-warszawa-wlochy-nowe-wlochy-mieszkania-na-sprzedaz/usi_to_9224822.json,2026-05-25T02:05:00.062631,2026-05-25T02:05:00.062633,v0.7.0+
rp,/Volumes/Samsam/Public/USIdata/develia/trzcinowa-vita-warszawa-nowe-wlochy/usi_rp_19145.json,2026-05-25T02:06:12.318599,2026-06-02T23:13:06.170691,v0.7.0+
rp,/Volumes/Samsam/Public/USIdata/develia/ujescisko-vita-gdansk-ujescisko-lostowice/usi_rp_14836.json,2026-05-25T02:06:12.321907,2026-06-02T23:13:06.180845,v0.7.0+
oto,/Volumes/Samsam/Public/USIdata/develia/unii-lubelskiej-vita/usi_oto_4ulxk.json,2026-05-25T02:06:12.325442,2026-05-25T02:06:12.325444,v0.7.0+
rp,/Volumes/Samsam/Public/USIdata/develia/via-flora-gdansk-chelm/usi_rp_14122.json,2026-05-25T02:06:12.332751,2026-06-02T23:13:06.199573,v0.7.0+
oto,/Volumes/Samsam/Public/USIdata/develia/vilda-arte/usi_oto_4y6iP.json,2026-05-25T02:06:12.335565,2026-05-25T02:06:12.335566,v0.7.0+
oto,/Volumes/Samsam/Public/USIdata/develia/viva-cite/usi_oto_4y6jB.json,2026-05-25T02:06:12.341418,2026-05-25T02:06:12.341420,v0.7.0+
oto,/Volumes/Samsam/Public/USIdata/develia/vivre/usi_oto_4xNuU.json,2026-05-25T02:06:12.349767,2026-05-25T02:06:12.349768,v0.7.0+
oto,/Volumes/Samsam/Public/USIdata/develia/wuwa-vita/usi_oto_4ulvx.json,2026-05-25T02:06:12.357060,2026-05-25T02:06:12.357061,v0.7.0+
oto,/Volumes/Samsam/Public/USIdata/develia/zywiecka-vita/usi_oto_4zQwM.json,2026-05-25T02:06:12.369284,2026-05-25T02:06:12.369286,v0.7.0+
rp,/Volumes/Samsam/Public/USIdata/develocity-sp-z-oo/nowe-planty-chorzow/usi_rp_14795.json,2026-05-25T02:06:11.873466,2026-06-02T23:13:05.336655,v0.7.0+
oto,/Volumes/Samsam/Public/USIdata/developme-sp-z-o-o/ogrody-staromiejskie/usi_oto_4pqvz.json,2026-05-25T02:06:11.869292,2026-05-25T02:06:11.869294,v0.7.0+
oto,/Volumes/Samsam/Public/USIdata/development-a-sowinski/lesna-polana/usi_oto_4zkR2.json,2026-05-25T02:06:11.861254,2026-05-25T02:06:11.861256,v0.7.0+
rp,/Volumes/Samsam/Public/USIdata/development-asowinski-sp-z-oo/lesna-polana-lodz-olechow-janow/usi_rp_18927.json,2026-05-25T02:06:11.857738,2026-06-02T23:13:05.326318,v0.7.0+
oto,/Volumes/Samsam/Public/USIdata/development-sk/osiedle-nowa-wyszkowska/usi_oto_4qdhS.json,2026-05-25T02:06:11.853767,2026-05-25T02:06:11.853769,v0.7.0+
oto,/Volumes/Samsam/Public/USIdata/developmentgt-sp-z-o-o/veranda-apartments-w-kutnie/usi_oto_4yDiD.json,2026-05-25T02:06:11.849184,2026-05-25T02:06:11.849186,v0.7.0+
oto,/Volumes/Samsam/Public/USIdata/developres-bella-dolina-iv-sp-z-o-o/bella-dolina/usi_oto_4zK7m.json,2026-05-25T02:06:11.843678,2026-05-25T02:06:11.843680,v0.7.0+
oto,/Volumes/Samsam/Public/USIdata/developres-sp-z-o-o/zielone-staromiescie-ul-jana-welca/usi_oto_4Atqm.json,2026-05-25T02:06:11.838754,2026-05-25T02:06:11.838756,v0.7.0+
oto,/Volumes/Samsam/Public/USIdata/develotri-sp-z-o-o/szmaragdowy-dom/usi_oto_4mwmI.json,2026-05-25T02:06:11.834028,2026-05-25T02:06:11.834029,v0.7.0+
rp,/Volumes/Samsam/Public/USIdata/devita-development/osiedle-marysin-piaseczynski-marysin/usi_rp_14620.json,2026-05-25T02:06:11.775880,2026-06-02T23:13:05.277171,v0.7.0+
rp,/Volumes/Samsam/Public/USIdata/devita-development/spokojna-wolka-etap-ii-piaseczynski-wolka-kosowska/usi_rp_18425.json,2026-05-25T02:06:11.788498,2026-06-02T23:13:05.285487,v0.7.0+
rp,/Volumes/Samsam/Public/USIdata/devita-development/spokojna-wolka-etap-iv-piaseczynski-wolka-kosowska/usi_rp_19205.json,2026-05-25T02:06:11.819421,2026-06-02T23:13:05.302288,v0.7.0+
rp,/Volumes/Samsam/Public/USIdata/devita-development/spokojna-wolka-etap-v-piaseczynski-wolka-kosowska/usi_rp_19553.json,2026-05-25T02:06:11.826253,2026-06-02T23:13:05.309821,v0.7.0+
rp,/Volumes/Samsam/Public/USIdata/devita-development/spokojna-wolka-piaseczynski-wolka-kosowska/usi_rp_17567.json,2026-05-25T02:06:11.830638,2026-06-02T23:13:05.317870,v0.7.0+
oto,/Volumes/Samsam/Public/USIdata/devita-development-spolka-z-ograniczona-odpowiedzialnoscia/spokojna-wolka/usi_oto_4yrOP.json,2026-05-25T02:06:11.765438,2026-05-25T02:06:11.765439,v0.7.0+
oto,/Volumes/Samsam/Public/USIdata/devita-development-spolka-z-ograniczona-odpowiedzialnoscia/wolka-family/usi_oto_4BiUi.json,2026-05-25T02:06:11.772055,2026-05-25T02:06:11.772057,v0.7.0+
oto,/Volumes/Samsam/Public/USIdata/devita-development-spolka-z-ograniczona-odpowiedzialnoscia/wolka-family/usi_oto_67996162.json,2026-05-25T02:06:11.772055,2026-06-02T11:04:37.964863,v0.7.0+
oto,/Volumes/Samsam/Public/USIdata/devolf-residential-dawniej-zw-investment/zielona-aleja-duo/usi_oto_4t8mO.json,2026-05-25T02:06:11.761902,2026-05-25T02:06:11.761903,v0.7.0+
oto,/Volumes/Samsam/Public/USIdata/dewdoit-spolka-z-ograniczona-odpowiedzialnoscia/osiedle-kociewskie-iii/usi_oto_68063311.json,2026-06-02T11:03:43.528778,2026-06-02T11:03:43.962872,v0.7.0+
oto,/Volumes/Samsam/Public/USIdata/dewdoit-spolka-z-ograniczona-odpowiedzialnoscia/pino-resort/usi_oto_4zTqe.json,2026-05-25T02:06:11.750160,2026-05-25T02:06:11.750162,v0.7.0+
oto,/Volumes/Samsam/Public/USIdata/dewdoit-spolka-z-ograniczona-odpowiedzialnoscia/solmarina/usi_oto_4zTlB.json,2026-05-25T02:06:11.754316,2026-05-25T02:06:11.754318,v0.7.0+
oto,/Volumes/Samsam/Public/USIdata/dewdoit-spolka-z-ograniczona-odpowiedzialnoscia/trimare/usi_oto_4zT81.json,2026-05-25T02:06:11.758167,2026-05-25T02:06:11.758169,v0.7.0+
rp,/Volumes/Samsam/Public/USIdata/dewe-sp-z-oo/ametystowa-park-szczecin-zalom-kasztanowe/usi_rp_18629.json,2026-05-25T02:06:11.745870,2026-06-02T23:13:05.267641,v0.7.0+
oto,/Volumes/Samsam/Public/USIdata/dewelopart/calma-5/usi_oto_4AEca.json,2026-05-25T02:06:11.726148,2026-05-25T02:06:11.726150,v0.7.0+
oto,/Volumes/Samsam/Public/USIdata/dewelopart/calma-5/usi_oto_67839666.json,2026-05-25T02:06:11.726148,2026-06-02T11:05:46.148473,v0.7.0+
to,/Volumes/Samsam/Public/USIdata/dewelopart/calma-5-h-kowarzyka-wroclaw-krzyki-partynice-poswietne-mieszkania-na-sprzedaz/usi_to_9222748.json,2026-05-25T02:04:59.986248,2026-05-25T02:04:59.986250,v0.7.0+
oto,/Volumes/Samsam/Public/USIdata/dewelopart/limone/usi_oto_4yUzh.json,2026-05-25T02:06:11.731957,2026-05-25T02:06:11.731959,v0.7.0+
oto,/Volumes/Samsam/Public/USIdata/dewelopart/montano/usi_oto_4sDEr.json,2026-05-25T02:06:11.736344,2026-05-25T02:06:11.736346,v0.7.0+
oto,/Volumes/Samsam/Public/USIdata/dewelopart/riva/usi_oto_4ummM.json,2026-05-25T02:06:11.740869,2026-05-25T02:06:11.740872,v0.7.0+
rp,/Volumes/Samsam/Public/USIdata/dewelopart-sp-z-oo/montano-lokale-inwestycyjne-polanica-zdroj/usi_rp_17775.json,2026-05-25T02:06:11.712029,2026-06-02T23:13:05.233586,v0.7.0+
rp,/Volumes/Samsam/Public/USIdata/dewelopart-sp-z-oo/montano-polanica-zdroj/usi_rp_17772.json,2026-05-25T02:06:11.715201,2026-06-02T23:13:05.240708,v0.7.0+
oto,/Volumes/Samsam/Public/USIdata/deweloper-apklan/panska-park/usi_oto_4tvqE.json,2026-05-25T02:06:11.691380,2026-05-25T02:06:11.691382,v0.7.0+
rp,/Volumes/Samsam/Public/USIdata/deweloper-lemar-inwest-sp-z-oo/sloneczne-bory-swiecki-osie/usi_rp_15514.json,2026-05-25T02:06:11.688013,2026-06-02T23:13:05.182497,v0.7.0+
oto,/Volumes/Samsam/Public/USIdata/deweloper-merite-flora-a-gilarska-i-wspolnicy-sp-komandytowa/merite-serena/usi_oto_4psRv.json,2026-05-25T02:06:11.684294,2026-05-25T02:06:11.684295,v0.7.0+
oto,/Volumes/Samsam/Public/USIdata/deweloper-plandex-inc/apartamenty-przy-lesie/usi_oto_4nnH3.json,2026-05-25T02:06:11.676261,2026-05-25T02:06:11.676263,v0.7.0+
oto,/Volumes/Samsam/Public/USIdata/deweloper-plandex-inc/nowe-debno/usi_oto_4yo6F.json,2026-05-25T02:06:11.680647,2026-05-25T02:06:11.680650,v0.7.0+
rp,/Volumes/Samsam/Public/USIdata/deweloppol/paderewskiego-18-nowy-dwor-mazowiecki/usi_rp_18495.json,2026-05-25T02:06:11.673125,2026-06-02T23:13:05.172504,v0.7.0+
oto,/Volumes/Samsam/Public/USIdata/deweloppol-sp-z-o-o-sp-k/nadrzeczna-2-nowy-dwor-mazowiecki/usi_oto_4nwEt.json,2026-05-25T02:06:11.665718,2026-05-25T02:06:11.665721,v0.7.0+
oto,/Volumes/Samsam/Public/USIdata/deweloppol-sp-z-o-o-sp-k/paderewskiego-18-nowy-dwor-mazowiecki/usi_oto_4u1ak.json,2026-05-25T02:06:11.670046,2026-05-25T02:06:11.670048,v0.7.0+
oto,/Volumes/Samsam/Public/USIdata/dewi-invest-sp-zo-o/osiedle-przy-ulicy-splawy/usi_oto_4zgZ5.json,2026-05-25T02:06:11.659711,2026-05-25T02:06:11.659714,v0.7.0+
oto,/Volumes/Samsam/Public/USIdata/dg-inwestycje-sp-z-o-o/apartamenty-bulwary-mielec/usi_oto_4mJsM.json,2026-05-25T02:06:11.650769,2026-05-25T02:06:11.650771,v0.7.0+
oto,/Volumes/Samsam/Public/USIdata/dg-inwestycje-sp-z-o-o/eco-residence-2-mielec/usi_oto_4rCtU.json,2026-05-25T02:06:11.655022,2026-05-25T02:06:11.655024,v0.7.0+
rp,/Volumes/Samsam/Public/USIdata/dgg-development/luxor-residence-piekary-slaskie/usi_rp_18636.json,2026-05-25T02:06:11.645889,2026-06-02T23:13:05.162023,v0.7.0+
oto,/Volumes/Samsam/Public/USIdata/dgi-leslaw-sarachmann/tarasy-moderno/usi_oto_4u8By.json,2026-05-25T02:06:11.641412,2026-05-25T02:06:11.641414,v0.7.0+
oto,/Volumes/Samsam/Public/USIdata/diamond-hill-development-sp-z-o-o/park-paderewskiego/usi_oto_4mkYq.json,2026-05-25T02:06:11.637153,2026-05-25T02:06:11.637156,v0.7.0+
oto,/Volumes/Samsam/Public/USIdata/digtora-sp-z-o-o/3-pokoje-prosto-od-dewelopera-bursztynowy-park-lokalizacja-rumia-reda/usi_oto_4yNC5.json,2026-05-25T02:06:11.621295,2026-05-25T02:06:11.621296,v0.7.0+
oto,/Volumes/Samsam/Public/USIdata/digtora-sp-z-o-o/apartamenty-89-m2-z-duzym-tarasem-i-widokiem-na-las-rumia-reda/usi_oto_4yMt5.json,2026-05-25T02:06:11.624837,2026-05-25T02:06:11.624839,v0.7.0+
oto,/Volumes/Samsam/Public/USIdata/digtora-sp-z-o-o/bursztynowy-park/usi_oto_4bXxX.json,2026-05-25T02:06:11.627867,2026-05-25T02:06:11.627869,v0.7.0+
oto,/Volumes/Samsam/Public/USIdata/digtora-sp-z-o-o/dwupokojowe-mieszkanie-z-ogrodkiem-od-dewelopera-rumia-reda/usi_oto_4yShs.json,2026-05-25T02:06:11.631033,2026-05-25T02:06:11.631035,v0.7.0+
oto,/Volumes/Samsam/Public/USIdata/digtora-sp-z-o-o/nowe-3-pokoje-60-m-balkon-garaz-podziemny-rumia-reda/usi_oto_4z0S6.json,2026-05-25T02:06:11.634136,2026-05-25T02:06:11.634137,v0.7.0+
oto,/Volumes/Samsam/Public/USIdata/digtora-sp-zoo/garaz-gratis-bursztynowy-park-centrum-rumi-redy-5-min-aquapark-i-pkp/usi_oto_4BexQ.json,2026-05-25T02:06:11.616144,2026-05-25T02:06:11.616146,v0.7.0+
oto,/Volumes/Samsam/Public/USIdata/digtora-sp-zoo/garaz-gratis-bursztynowy-park-centrum-rumi-redy-5-min-aquapark-i-pkp/usi_oto_67979394.json,2026-05-25T02:06:11.616144,2026-06-02T11:04:45.725760,v0.7.0+
oto,/Volumes/Samsam/Public/USIdata/dk-general-invest-spolka-z-ograniczona-odpowiedzialnoscia/willa-przy-fortach-warszawa-wlochy/usi_oto_4ogmE.json,2026-05-25T02:06:11.608902,2026-05-25T02:06:11.608903,v0.7.0+
oto,/Volumes/Samsam/Public/USIdata/dm-home-sp-z-o-o/lesna-polana-etap-ii-budynek-nr-4/usi_oto_4rBPE.json,2026-05-25T02:06:11.605056,2026-05-25T02:06:11.605057,v0.7.0+
oto,/Volumes/Samsam/Public/USIdata/dm-homes/sadecka-panorama/usi_oto_4yjnm.json,2026-05-25T02:06:11.600102,2026-05-25T02:06:11.600104,v0.7.0+
oto,/Volumes/Samsam/Public/USIdata/dme-deweloper-sp-z-o-o/sadowe-wzgorze/usi_oto_4pIor.json,2026-05-25T02:06:11.595032,2026-05-25T02:06:11.595034,v0.7.0+
oto,/Volumes/Samsam/Public/USIdata/dmt-sp-z-o-o-progress-sp-k/grafitowe-zabrze-ii/usi_oto_4k5Mx.json,2026-05-25T02:06:11.589566,2026-05-25T02:06:11.589571,v0.7.0+
oto,/Volumes/Samsam/Public/USIdata/dobry-adres-development-spolka-z-o-o/okrzei-9/usi_oto_4tEwf.json,2026-05-25T02:06:11.583924,2026-05-25T02:06:11.583927,v0.7.0+
rp,/Volumes/Samsam/Public/USIdata/dobry-adres-sp-z-oo/miasteczko-ceglow-etap-ii-minski-ceglow/usi_rp_14800.json,2026-05-25T02:06:11.578547,2026-06-02T23:13:05.147059,v0.7.0+
rp,/Volumes/Samsam/Public/USIdata/doctor-q-bud-sp-z-oo/apartamenty-borowcowa-chrzanow/usi_rp_16767.json,2026-05-25T02:06:11.574029,2026-06-02T23:13:05.137082,v0.7.0+
oto,/Volumes/Samsam/Public/USIdata/dolnoslaskie-inwestycje-s-a-s-k-a/start-park/usi_oto_4AXbP.json,2026-05-25T02:06:11.564852,2026-05-25T02:06:11.564854,v0.7.0+
oto,/Volumes/Samsam/Public/USIdata/dolnoslaskie-inwestycje-s-a-s-k-a/start-park/usi_oto_67912681.json,2026-05-25T02:06:11.564852,2026-06-02T11:05:17.746692,v0.7.0+
rp,/Volumes/Samsam/Public/USIdata/dolnoslaskie-inwestycje-sa/start-park-wroclaw-zalesie/usi_rp_20303.json,2026-05-25T02:06:11.560054,2026-06-02T23:13:05.118477,v0.7.0+
rp,/Volumes/Samsam/Public/USIdata/dom-100/apartamenty-nowy-swiat-inwestycyjne-gliwice/usi_rp_17859.json,2026-05-25T02:06:11.531536,2026-06-02T23:13:05.086121,v0.7.0+
rp,/Volumes/Samsam/Public/USIdata/dom-100/apartamenty-poezji-iii-gliwice/usi_rp_14477.json,2026-05-25T02:06:11.534568,2026-06-02T23:13:05.093664,v0.7.0+
rp,/Volumes/Samsam/Public/USIdata/dom-100/apartamenty-zabrze-centrum-zabrze/usi_rp_14478.json,2026-05-25T02:06:11.550570,2026-06-02T23:13:05.101768,v0.7.0+
to,/Volumes/Samsam/Public/USIdata/dom-bud/ul-powstancow-os-piastow-budynek-f-krakow-mistrzejowice-osiedle-piastow-mieszkania-na-sprzedaz/usi_to_9096227.json,2026-05-25T02:04:59.969604,2026-05-25T02:04:59.969607,v0.7.0+
to,/Volumes/Samsam/Public/USIdata/dom-bud/ul-stawowa-abc-stawowa-246-246a-246b-krakow-pradnik-bialy-bronowice-wielkie-mieszkania-na-sprzedaz/usi_to_9165586.json,2026-05-25T02:04:59.974089,2026-05-25T02:04:59.974091,v0.7.0+
oto,/Volumes/Samsam/Public/USIdata/dom-bud-m-szaflarski-sp-j/smetna-garden/usi_oto_4xzi7.json,2026-05-25T02:06:11.484680,2026-05-25T02:06:11.484681,v0.7.0+
oto,/Volumes/Samsam/Public/USIdata/dom-bud-m-szaflarski-sp-j/stawowa-abc/usi_oto_4yMFK.json,2026-05-25T02:06:11.491079,2026-05-25T02:06:11.491081,v0.7.0+
oto,/Volumes/Samsam/Public/USIdata/dom-bud-m-szaflarski-sp-j/ul-glogera/usi_oto_4tJS0.json,2026-05-25T02:06:11.500889,2026-05-25T02:06:11.500890,v0.7.0+
rp,/Volumes/Samsam/Public/USIdata/dom-bud-m-szaflarski-sp-j/ul-meiera-16e-ii-etap-krakow-pradnik-bialy/usi_rp_14234.json,2026-05-25T02:06:11.505128,2026-06-02T23:13:04.986019,v0.7.0+
oto,/Volumes/Samsam/Public/USIdata/dom-bud-m-szaflarski-sp-j/ul-powstancow-os-piastow/usi_oto_4tJRh.json,2026-05-25T02:06:11.508737,2026-05-25T02:06:11.508738,v0.7.0+
oto,/Volumes/Samsam/Public/USIdata/dom-bud-m-szaflarski-sp-j/ul-stawowa/usi_oto_4tJRy.json,2026-05-25T02:06:11.520523,2026-05-25T02:06:11.520524,v0.7.0+
oto,/Volumes/Samsam/Public/USIdata/dom-developer-wroclaw-sp-z-o-o/gardino-park-zerniki/usi_oto_4p3zh.json,2026-05-25T02:06:11.471208,2026-05-25T02:06:11.471210,v0.7.0+
oto,/Volumes/Samsam/Public/USIdata/dom-developer-wroclaw-sp-z-o-o/motto-wojnow/usi_oto_4qARo.json,2026-05-25T02:06:11.475027,2026-05-25T02:06:11.475028,v0.7.0+
rp,/Volumes/Samsam/Public/USIdata/dom-development-sa/apartamenty-dolny-mokotow-warszawa-mokotow-sielce/usi_rp_9669.json,2026-05-25T02:06:10.979029,2026-06-02T23:13:03.568550,v0.7.0+
rp,/Volumes/Samsam/Public/USIdata/dom-development-sa/apartamenty-grzybowska-warszawa-srodmiescie-srodmiescie-polnocne/usi_rp_5851.json,2026-05-25T02:06:10.987222,2026-06-02T23:13:03.586811,v0.7.0+
rp,/Volumes/Samsam/Public/USIdata/dom-development-sa/apartamenty-metro-wilanowska-warszawa-ksawerow/usi_rp_20346.json,2026-05-25T02:06:11.019079,2026-06-02T23:13:03.668439,v0.7.0+
rp,/Volumes/Samsam/Public/USIdata/dom-development-sa/apartamenty-mokotow-nad-skarpa-warszawa-mokotow-ksawerow/usi_rp_6884.json,2026-05-25T02:06:11.022178,2026-06-02T23:13:03.679467,v0.7.0+
rp,/Volumes/Samsam/Public/USIdata/dom-development-sa/apartamenty-oltaszyn-wroclaw-krzyki-oltaszyn/usi_rp_13263.json,2026-05-25T02:06:11.040473,2026-06-02T23:13:03.725164,v0.7.0+
rp,/Volumes/Samsam/Public/USIdata/dom-development-sa/apartamenty-park-szczesliwicki-warszawa-ochota-szczesliwice/usi_rp_8859.json,2026-05-25T02:06:11.070138,2026-06-02T23:13:03.765585,v0.7.0+
rp,/Volumes/Samsam/Public/USIdata/dom-development-sa/apartamenty-saska-nad-jeziorem-warszawa-praga-poludnie-goclaw/usi_rp_3864.json,2026-05-25T02:06:11.077400,2026-06-02T23:13:03.782426,v0.7.0+
rp,/Volumes/Samsam/Public/USIdata/dom-development-sa/apartamenty-wlodarzewska-30-warszawa-ochota-szczesliwice/usi_rp_7878.json,2026-05-25T02:06:11.087740,2026-06-02T23:13:03.802353,v0.7.0+
rp,/Volumes/Samsam/Public/USIdata/dom-development-sa/apartamenty-wlodarzewska-70-warszawa-ochota-szczesliwice/usi_rp_11059.json,2026-05-25T02:06:11.090508,2026-06-02T23:13:03.810252,v0.7.0+
rp,/Volumes/Samsam/Public/USIdata/dom-development-sa/derby-warszawa-bialoleka-grodzisk/usi_rp_513.json,2026-05-25T02:06:11.108626,2026-06-02T23:13:03.849528,v0.7.0+
rp,/Volumes/Samsam/Public/USIdata/dom-development-sa/dom-na-bartyckiej-warszawa-mokotow-czerniakow/usi_rp_8860.json,2026-05-25T02:06:11.114498,2026-06-02T23:13:03.858200,v0.7.0+
rp,/Volumes/Samsam/Public/USIdata/dom-development-sa/dom-na-kurkowej-wroclaw-srodmiescie-nadodrze/usi_rp_11060.json,2026-05-25T02:06:11.118384,2026-06-02T23:13:03.867085,v0.7.0+
rp,/Volumes/Samsam/Public/USIdata/dom-development-sa/dom-pod-zegarem-warszawa-mokotow-ksawerow/usi_rp_4710.json,2026-05-25T02:06:11.127147,2026-06-02T23:13:03.882485,v0.7.0+
rp,/Volumes/Samsam/Public/USIdata/dom-development-sa/glebocka-warszawa-bialoleka-grodzisk/usi_rp_12238.json,2026-05-25T02:06:11.157957,2026-06-02T23:13:03.947676,v0.7.0+
rp,/Volumes/Samsam/Public/USIdata/dom-development-sa/grabiszynska-141-wroclaw-fabryczna-gajowice/usi_rp_11062.json,2026-05-25T02:06:11.161067,2026-06-02T23:13:03.956450,v0.7.0+
rp,/Volumes/Samsam/Public/USIdata/dom-development-sa/idylla-wroclaw-fabryczna-stablowice/usi_rp_9710.json,2026-05-25T02:06:11.171974,2026-06-02T23:13:03.982728,v0.7.0+
rp,/Volumes/Samsam/Public/USIdata/dom-development-sa/ksieze-nowe-wroclaw-krzyki-ksieze-male/usi_rp_9516.json,2026-05-25T02:06:11.176933,2026-06-02T23:13:03.989324,v0.7.0+
rp,/Volumes/Samsam/Public/USIdata/dom-development-sa/marina-mokotow-warszawa-mokotow-wygledow/usi_rp_10246.json,2026-05-25T02:06:11.180894,2026-06-02T23:13:03.996672,v0.7.0+
rp,/Volumes/Samsam/Public/USIdata/dom-development-sa/moderna-warszawa-targowek-brodno-podgrodzie/usi_rp_5625.json,2026-05-25T02:06:11.189467,2026-06-02T23:13:04.014132,v0.7.0+
rp,/Volumes/Samsam/Public/USIdata/dom-development-sa/mokotow-sportowy-11b-warszawa-augustowka/usi_rp_18935.json,2026-05-25T02:06:11.192556,2026-06-02T23:13:04.024508,v0.7.0+
rp,/Volumes/Samsam/Public/USIdata/dom-development-sa/mokotow-sportowy-31-warszawa-augustowka/usi_rp_19345.json,2026-05-25T02:06:11.196209,2026-06-02T23:13:04.040036,v0.7.0+
rp,/Volumes/Samsam/Public/USIdata/dom-development-sa/osiedle-amsterdam-warszawa-targowek-targowek-mieszkaniowy/usi_rp_8129.json,2026-05-25T02:06:11.204613,2026-06-02T23:13:04.079918,v0.7.0+
rp,/Volumes/Samsam/Public/USIdata/dom-development-sa/osiedle-bokserska-71-etap-2-faza-3-warszawa-osiedle-wyczolki/usi_rp_20347.json,2026-05-25T02:06:11.216283,2026-06-02T23:13:04.108660,v0.7.0+
rp,/Volumes/Samsam/Public/USIdata/dom-development-sa/osiedle-cybernetyki-17-warszawa-mokotow-sluzewiec/usi_rp_8333.json,2026-05-25T02:06:11.229508,2026-06-02T23:13:04.144012,v0.7.0+
rp,/Volumes/Samsam/Public/USIdata/dom-development-sa/osiedle-forma-warszawa-praga-poludnie-goclaw/usi_rp_8331.json,2026-05-25T02:06:11.233301,2026-06-02T23:13:04.154186,v0.7.0+
rp,/Volumes/Samsam/Public/USIdata/dom-development-sa/osiedle-przy-wielickiej-etap-12-krakow-biezanow-prokocim/usi_rp_20222.json,2026-05-25T02:06:11.323403,2026-06-02T23:13:04.401446,v0.7.0+
rp,/Volumes/Samsam/Public/USIdata/dom-development-sa/osiedle-przy-wielickiej-krakow-biezanow-prokocim/usi_rp_19540.json,2026-05-25T02:06:11.326588,2026-06-02T23:13:04.411716,v0.7.0+
rp,/Volumes/Samsam/Public/USIdata/dom-development-sa/osiedle-przyjaciol-warszawa-bemowo-jelonki-polnocne/usi_rp_5249.json,2026-05-25T02:06:11.329868,2026-06-02T23:13:04.424357,v0.7.0+
rp,/Volumes/Samsam/Public/USIdata/dom-development-sa/osiedle-regaty-warszawa-bialoleka-kobialka/usi_rp_8963.json,2026-05-25T02:06:11.344762,2026-06-02T23:13:04.473536,v0.7.0+
rp,/Volumes/Samsam/Public/USIdata/dom-development-sa/osiedle-saska-warszawa-praga-poludnie-saska-kepa/usi_rp_523.json,2026-05-25T02:06:11.347488,2026-06-02T23:13:04.482138,v0.7.0+
rp,/Volumes/Samsam/Public/USIdata/dom-development-sa/osiedle-urbino-etap-42-warszawa-rakow/usi_rp_20348.json,2026-05-25T02:06:11.359289,2026-06-02T23:13:04.507638,v0.7.0+
rp,/Volumes/Samsam/Public/USIdata/dom-development-sa/osiedle-urbino-warszawa-wlochy/usi_rp_13879.json,2026-05-25T02:06:11.370068,2026-06-02T23:13:04.533539,v0.7.0+
rp,/Volumes/Samsam/Public/USIdata/dom-development-sa/osiedle-wilno-viii-etap-12-warszawa-elsnerow/usi_rp_20349.json,2026-05-25T02:06:11.379663,2026-06-02T23:13:04.562855,v0.7.0+
rp,/Volumes/Samsam/Public/USIdata/dom-development-sa/palladium-warszawa-bialoleka-nowodwory/usi_rp_3863.json,2026-05-25T02:06:11.401809,2026-06-02T23:13:04.618190,v0.7.0+
rp,/Volumes/Samsam/Public/USIdata/dom-development-sa/piekna-21-wroclaw-krzyki/usi_rp_10400.json,2026-05-25T02:06:11.404443,2026-06-02T23:13:04.626829,v0.7.0+
rp,/Volumes/Samsam/Public/USIdata/dom-development-sa/pod-rozami-warszawa-ochota-szczesliwice/usi_rp_4185.json,2026-05-25T02:06:11.407869,2026-06-02T23:13:04.635872,v0.7.0+
rp,/Volumes/Samsam/Public/USIdata/dom-development-sa/port-zeran-warszawa-bialoleka-zeran/usi_rp_8965.json,2026-05-25T02:06:11.410528,2026-06-02T23:13:04.645339,v0.7.0+
rp,/Volumes/Samsam/Public/USIdata/dom-development-sa/rezydencja-stanislawa-augusta-warszawa-praga-poludnie/usi_rp_13326.json,2026-05-25T02:06:11.418836,2026-06-02T23:13:04.671502,v0.7.0+
rp,/Volumes/Samsam/Public/USIdata/dom-development-sa/stacja-grochow-warszawa-praga-poludnie-grochow/usi_rp_10030.json,2026-05-25T02:06:11.425878,2026-06-02T23:13:04.689393,v0.7.0+
rp,/Volumes/Samsam/Public/USIdata/dom-development-sa/studio-arte-wroclaw-srodmiescie-nadodrze/usi_rp_9517.json,2026-05-25T02:06:11.430607,2026-06-02T23:13:04.698425,v0.7.0+
rp,/Volumes/Samsam/Public/USIdata/dom-development-sa/ursynovia-warszawa-ursynow-ursynow-polnocny/usi_rp_7441.json,2026-05-25T02:06:11.438389,2026-06-02T23:13:04.716817,v0.7.0+
rp,/Volumes/Samsam/Public/USIdata/dom-development-sa/wille-biskupin-etap-21-wroclaw-bartoszowice/usi_rp_20350.json,2026-05-25T02:06:11.441222,2026-06-02T23:13:04.726047,v0.7.0+
rp,/Volumes/Samsam/Public/USIdata/dom-development-sa/wille-laguna-warszawa-ursynow-stary-imielin/usi_rp_1211.json,2026-05-25T02:06:11.453115,2026-06-02T23:13:04.759377,v0.7.0+
rp,/Volumes/Samsam/Public/USIdata/dom-development-sa/wille-lazurowa-warszawa-bemowo-chrzanow/usi_rp_4970.json,2026-05-25T02:06:11.456534,2026-06-02T23:13:04.767757,v0.7.0+
rp,/Volumes/Samsam/Public/USIdata/dom-development-sa/zoliborz-artystyczny-warszawa-zoliborz-sady-zoliborskie/usi_rp_2893.json,2026-05-25T02:06:11.467965,2026-06-02T23:13:04.803670,v0.7.0+
oto,/Volumes/Samsam/Public/USIdata/dom-development-wroclaw-sp-z-o-o/braniborska-80-gotowe-nowe-i-wykonczone-mieszkania/usi_oto_4xRq2.json,2026-05-25T02:06:10.942221,2026-05-25T02:06:10.942223,v0.7.0+
oto,/Volumes/Samsam/Public/USIdata/dom-development-wroclaw-sp-z-o-o/gotowe-mieszkania-w-centrum-wroclawia-ul-michalczyka/usi_oto_4xSw4.json,2026-05-25T02:06:10.947519,2026-05-25T02:06:10.947520,v0.7.0+
oto,/Volumes/Samsam/Public/USIdata/dom-development-wroclaw-sp-z-o-o/gotowe-mieszkania-we-wroclawiu-osiedle-harmonia/usi_oto_4xStG.json,2026-05-25T02:06:10.950888,2026-05-25T02:06:10.950889,v0.7.0+
rp,/Volumes/Samsam/Public/USIdata/dom-lublin/koncertowa-dolina-lublin/usi_rp_7140.json,2026-05-25T02:06:10.931664,2026-06-02T23:13:03.488692,v0.7.0+
rp,/Volumes/Samsam/Public/USIdata/dom-lublin/nowy-standard-bud-m-1-lublin/usi_rp_17363.json,2026-05-25T02:06:10.935607,2026-06-02T23:13:03.497965,v0.7.0+
rp,/Volumes/Samsam/Public/USIdata/dom-lublin/wzgorze-zelwerowicza-lublin/usi_rp_15457.json,2026-05-25T02:06:10.938273,2026-06-02T23:13:03.507422,v0.7.0+
oto,/Volumes/Samsam/Public/USIdata/dom-na-mariackiej/dom-na-mariackiej/usi_oto_4mlKl.json,2026-05-25T02:06:10.927277,2026-05-25T02:06:10.927279,v0.7.0+
oto,/Volumes/Samsam/Public/USIdata/dom-nbc-sp-z-o-o/szarotki-park/usi_oto_4AFML.json,2026-05-25T02:06:10.923054,2026-05-25T02:06:10.923056,v0.7.0+
oto,/Volumes/Samsam/Public/USIdata/dom-nbc-sp-z-o-o/szarotki-park/usi_oto_67845779.json,2026-05-25T02:06:10.923054,2026-06-02T11:05:40.295539,v0.7.0+
oto,/Volumes/Samsam/Public/USIdata/dom100eu/apartamenty-nowy-swiat/usi_oto_4pMdF.json,2026-05-25T02:06:10.905575,2026-05-25T02:06:10.905577,v0.7.0+
oto,/Volumes/Samsam/Public/USIdata/dom100eu/apartamenty-zeromskiego/usi_oto_4mR8l.json,2026-05-25T02:06:10.909634,2026-05-25T02:06:10.909635,v0.7.0+
oto,/Volumes/Samsam/Public/USIdata/dom100eu/mieszkania-zabrze-grzybowice-dni-otwarte-16-17-11/usi_oto_4qMdW.json,2026-05-25T02:06:10.914553,2026-05-25T02:06:10.914555,v0.7.0+
oto,/Volumes/Samsam/Public/USIdata/dom4u/osiedle-goraszka/usi_oto_4qnqJ.json,2026-05-25T02:06:10.898891,2026-05-25T02:06:10.898893,v0.7.0+
oto,/Volumes/Samsam/Public/USIdata/dom4u/zamieszkaj-w-cichej-okolicy-na-granicy-warszawy/usi_oto_4nXzG.json,2026-05-25T02:06:10.901212,2026-05-25T02:06:10.901214,v0.7.0+
oto,/Volumes/Samsam/Public/USIdata/domax-development-jodlowa-sp-z-o-o/olawa-jodlowa-nowy-etap/usi_oto_4kPDu.json,2026-05-25T02:06:10.890238,2026-05-25T02:06:10.890241,v0.7.0+
oto,/Volumes/Samsam/Public/USIdata/dombud-development-sp-z-o-o/nowy-folwark/usi_oto_4zliC.json,2026-05-25T02:06:10.871057,2026-05-25T02:06:10.871059,v0.7.0+
oto,/Volumes/Samsam/Public/USIdata/dombud-development-sp-z-o-o/tarnowskie-gory-ul-lotewska/usi_oto_4qBCL.json,2026-05-25T02:06:10.877635,2026-05-25T02:06:10.877638,v0.7.0+
rp,/Volumes/Samsam/Public/USIdata/dombud-sa/kolista-ruda-slaska/usi_rp_20255.json,2026-05-25T02:06:10.865954,2026-06-02T23:13:03.446134,v0.7.0+
rp,/Volumes/Samsam/Public/USIdata/domdeveloper/brzozowe-zacisze-etap-iii-wroclaw-fabryczna-maslice/usi_rp_5479.json,2026-05-25T02:06:10.831409,2026-06-02T23:13:03.365094,v0.7.0+
rp,/Volumes/Samsam/Public/USIdata/domdeveloper/brzozowe-zacisze-etap-iv-wroclaw-fabryczna-maslice/usi_rp_9097.json,2026-05-25T02:06:10.837324,2026-06-02T23:13:03.374533,v0.7.0+
rp,/Volumes/Samsam/Public/USIdata/domdeveloper/gardino-park-zerniki-wroclaw-zerniki/usi_rp_14458.json,2026-05-25T02:06:10.841508,2026-06-02T23:13:03.383931,v0.7.0+
rp,/Volumes/Samsam/Public/USIdata/domdeveloper/motto-wojnow-wroclaw-wojnow/usi_rp_14460.json,2026-05-25T02:06:10.848345,2026-06-02T23:13:03.398317,v0.7.0+
rp,/Volumes/Samsam/Public/USIdata/domdeveloper/osiedle-dalia-2-domy-wroclaw-psie-pole-pawlowice/usi_rp_4191.json,2026-05-25T02:06:10.851496,2026-06-02T23:13:03.406106,v0.7.0+
rp,/Volumes/Samsam/Public/USIdata/domdeveloper/osiedle-dalia-2-wroclaw-psie-pole-pawlowice/usi_rp_4190.json,2026-05-25T02:06:10.854430,2026-06-02T23:13:03.414009,v0.7.0+
rp,/Volumes/Samsam/Public/USIdata/domdeveloper/polanica-residence-klodzki-polanica-zdroj/usi_rp_9934.json,2026-05-25T02:06:10.857594,2026-06-02T23:13:03.423652,v0.7.0+
to,/Volumes/Samsam/Public/USIdata/domdeveloper-wroclaw/aparthotel-polanica-sport-resort-gorska-polanica-zdroj-apartamenty-na-sprzedaz/usi_to_9222445.json,2026-05-25T02:04:59.917586,2026-05-25T02:04:59.917588,v0.7.0+
to,/Volumes/Samsam/Public/USIdata/domdeveloper-wroclaw/motto-wojnow-strachocinska-wroclaw-psie-pole-zawidawie-wojnow-mieszkania-na-sprzedaz/usi_to_8784834.json,2026-05-25T02:04:59.924726,2026-05-25T02:04:59.924727,v0.7.0+
to,/Volumes/Samsam/Public/USIdata/domdevelopment/apartamenty-park-matecznego-etap-2-2-orawska-krakow-podgorze-mateczny-mieszkania-na-sprzedaz/usi_to_9222688.json,2026-05-25T02:04:59.899919,2026-05-25T02:04:59.899921,v0.7.0+
to,/Volumes/Samsam/Public/USIdata/domdevelopment/osiedle-arkadia-2-ramiszowska-wroclaw-polanowice-poswietne-ligota-mieszkania-na-sprzedaz/usi_to_9219046.json,2026-05-25T02:04:59.905093,2026-05-25T02:04:59.905095,v0.7.0+
to,/Volumes/Samsam/Public/USIdata/domdevelopment/osiedle-arkadia-ramiszowska-6-wroclaw-polanowice-poswietne-ligota-mieszkania-na-sprzedaz/usi_to_9134018.json,2026-05-25T02:04:59.908622,2026-05-25T02:04:59.908623,v0.7.0+
to,/Volumes/Samsam/Public/USIdata/domdevelopment/przystanek-pradnik-ks-jozefa-meiera-70-krakow-pradnik-bialy-gorka-narodowa-mieszkania-na-sprzedaz/usi_to_9234158.json,2026-06-02T10:53:55.430162,2026-06-02T10:53:55.914396,v0.7.0+
to,/Volumes/Samsam/Public/USIdata/domdevelopment/rapsodia-3-wolowska-wroclaw-karlowice-rozanka-mieszkania-na-sprzedaz/usi_to_9201448.json,2026-05-25T02:04:59.912515,2026-05-25T02:04:59.912516,v0.7.0+
rp,/Volumes/Samsam/Public/USIdata/domeko/osiedle-drobiarska-sulejowek/usi_rp_18125.json,2026-05-25T02:06:10.824954,2026-06-02T23:13:03.355745,v0.7.0+
rp,/Volumes/Samsam/Public/USIdata/domena-development/osiedle-ogrodowa-radzymin/usi_rp_19101.json,2026-05-25T02:06:10.821425,2026-06-02T23:13:03.345560,v0.7.0+
oto,/Volumes/Samsam/Public/USIdata/domena-development-s-a/osiedle-ogrodowa-bezczynszowe-ogrodki/usi_oto_4tqZF.json,2026-05-25T02:06:10.817821,2026-05-25T02:06:10.817823,v0.7.0+
oto,/Volumes/Samsam/Public/USIdata/domesta-sp-z-o-o/greenline/usi_oto_4yRaH.json,2026-05-25T02:06:10.795293,2026-05-25T02:06:10.795298,v0.7.0+
oto,/Volumes/Samsam/Public/USIdata/domesta-sp-z-o-o/naswoim2/usi_oto_4yRaN.json,2026-05-25T02:06:10.801868,2026-05-25T02:06:10.801872,v0.7.0+
oto,/Volumes/Samsam/Public/USIdata/domesta-sp-z-o-o/nowe-poludnie/usi_oto_4lczk.json,2026-05-25T02:06:10.806892,2026-05-25T02:06:10.806894,v0.7.0+
oto,/Volumes/Samsam/Public/USIdata/domesta-sp-z-o-o/polana-kampinoska/usi_oto_4m1dQ.json,2026-05-25T02:06:10.810890,2026-05-25T02:06:10.810891,v0.7.0+
oto,/Volumes/Samsam/Public/USIdata/domesta-sp-z-o-o/urzeka/usi_oto_4jLjv.json,2026-05-25T02:06:10.814566,2026-05-25T02:06:10.814567,v0.7.0+
rp,/Volumes/Samsam/Public/USIdata/domesta-sp-z-oo/naswoim-gdansk-chelm/usi_rp_14086.json,2026-05-25T02:06:10.732787,2026-06-02T23:13:03.176503,v0.7.0+
rp,/Volumes/Samsam/Public/USIdata/domesta-sp-z-oo/nowe-poludnie-bud-10-gdansk-orunia-gorna-gdansk-poludnie/usi_rp_20342.json,2026-05-25T02:06:10.738758,2026-06-02T23:13:03.191987,v0.7.0+
rp,/Volumes/Samsam/Public/USIdata/domesta-sp-z-oo/osiedle-leszczynowe-gdansk-jasien/usi_rp_5298.json,2026-05-25T02:06:10.756319,2026-06-02T23:13:03.245657,v0.7.0+
rp,/Volumes/Samsam/Public/USIdata/domesta-sp-z-oo/polana-kampinoska-gdansk-orunia-gorna-gdansk-poludnie/usi_rp_16068.json,2026-05-25T02:06:10.766913,2026-06-02T23:13:03.275558,v0.7.0+
rp,/Volumes/Samsam/Public/USIdata/domesta-sp-z-oo/traffic-gdansk-siedlce/usi_rp_10915.json,2026-05-25T02:06:10.773526,2026-06-02T23:13:03.291437,v0.7.0+
rp,/Volumes/Samsam/Public/USIdata/domesta-sp-z-oo/urzeka-bud-4-gdansk-jasien/usi_rp_16476.json,2026-05-25T02:06:10.777187,2026-06-02T23:13:03.297518,v0.7.0+
rp,/Volumes/Samsam/Public/USIdata/domesta-sp-z-oo/urzeka-bud-8-gdansk-jasien/usi_rp_20278.json,2026-05-25T02:06:10.788252,2026-06-02T23:13:03.324721,v0.7.0+
rp,/Volumes/Samsam/Public/USIdata/domesta-sp-z-oo/urzeka-bud-9-gdansk-jasien/usi_rp_20373.json,2026-06-02T10:52:58.681312,2026-06-02T23:13:03.330454,v0.7.0+
oto,/Volumes/Samsam/Public/USIdata/domex-sp-z-o-o/osiedle-olbrachta-budynek-6/usi_oto_4l8ok.json,2026-05-25T02:06:10.711316,2026-05-25T02:06:10.711317,v0.7.0+
oto,/Volumes/Samsam/Public/USIdata/domex-sp-z-o-o/osiedle-zielona-niwa/usi_oto_4r7kd.json,2026-05-25T02:06:10.715816,2026-05-25T02:06:10.715818,v0.7.0+
rp,/Volumes/Samsam/Public/USIdata/domex-sp-z-oo/osiedle-olbrachta-etap-iii-rzeszowski-krasne/usi_rp_15303.json,2026-05-25T02:06:10.707875,2026-06-02T23:13:03.144457,v0.7.0+
to,/Volumes/Samsam/Public/USIdata/domforte/osiedle-zielone-zacisze-golkowice-krakow-mieszkania-na-sprzedaz/usi_to_9251935.json,2026-05-25T02:04:59.890997,2026-05-25T02:04:59.890999,v0.7.0+
oto,/Volumes/Samsam/Public/USIdata/domian-developer-sp-z-o-o/arkadia/usi_oto_4vZsZ.json,2026-05-25T02:06:10.704031,2026-05-25T02:06:10.704032,v0.7.0+
oto,/Volumes/Samsam/Public/USIdata/domlublin/osiedle-koncertowa-dolina-w-lublinie/usi_oto_4t2jH.json,2026-05-25T02:06:10.699424,2026-05-25T02:06:10.699426,v0.7.0+
oto,/Volumes/Samsam/Public/USIdata/domluks-agnieszka-kiermasz/szwajcarska-dolina-apartamenty/usi_oto_4x97x.json,2026-05-25T02:06:10.694994,2026-05-25T02:06:10.694995,v0.7.0+
rp,/Volumes/Samsam/Public/USIdata/domopolypl-sp-z-oo/forrest-raczna-krakowski-liszki/usi_rp_19077.json,2026-05-25T02:06:10.689439,2026-06-02T23:13:03.133822,v0.7.0+
oto,/Volumes/Samsam/Public/USIdata/domos-development-bernatowicz-jasinski-spolka-jawna/apartamenty-perla-morz/usi_oto_4bJFY.json,2026-05-25T02:06:10.685382,2026-05-25T02:06:10.685384,v0.7.0+
oto,/Volumes/Samsam/Public/USIdata/domres-sp-z-o-o/kamienica-sikorskiego/usi_oto_4poyN.json,2026-05-25T02:06:10.680432,2026-05-25T02:06:10.680434,v0.7.0+
to,/Volumes/Samsam/Public/USIdata/domwil-verdi/traviata-giuseppe-verdiego-22-warszawa-bialoleka-kobialka-mieszkania-na-sprzedaz/usi_to_9217515.json,2026-05-25T02:04:59.886000,2026-05-25T02:04:59.886003,v0.7.0+
oto,/Volumes/Samsam/Public/USIdata/domwil-verdi-sp-z-o-o/traviata/usi_oto_4yyzU.json,2026-05-25T02:06:10.675404,2026-05-25T02:06:10.675406,v0.7.0+
oto,/Volumes/Samsam/Public/USIdata/domy-pl-spolka-cywilna/osiedle-nauczycielska/usi_oto_4ytT8.json,2026-05-25T02:06:10.670253,2026-05-25T02:06:10.670256,v0.7.0+
oto,/Volumes/Samsam/Public/USIdata/domy-polskie-sp-z-o-o/laki-bieniewickie/usi_oto_4se3z.json,2026-05-25T02:06:10.665143,2026-05-25T02:06:10.665145,v0.7.0+
oto,/Volumes/Samsam/Public/USIdata/domy-slaskie-spolka-z-ograniczona-odpowiedzialnoscia/gliwice-osiedle-park-ligocka/usi_oto_4ugR8.json,2026-05-25T02:06:10.655756,2026-05-25T02:06:10.655758,v0.7.0+
oto,/Volumes/Samsam/Public/USIdata/domy-slaskie-spolka-z-ograniczona-odpowiedzialnoscia/zory-osiedle-park-weltzla/usi_oto_4iP0W.json,2026-05-25T02:06:10.660103,2026-05-25T02:06:10.660105,v0.7.0+
oto,/Volumes/Samsam/Public/USIdata/domy-wojszyce-sp-o-o/pawia-od-nowa/usi_oto_4gqAb.json,2026-05-25T02:06:10.650796,2026-05-25T02:06:10.650799,v0.7.0+
rp,/Volumes/Samsam/Public/USIdata/dozbud-development/domy-bobrowiec-ii-piaseczynski-bobrowiec/usi_rp_17861.json,2026-05-25T02:06:10.611501,2026-06-02T23:13:02.994298,v0.7.0+
oto,/Volumes/Samsam/Public/USIdata/dozbud-development/domy-bobrowiec-iii/usi_oto_4rMRz.json,2026-05-25T02:06:10.614440,2026-05-25T02:06:10.614442,v0.7.0+
rp,/Volumes/Samsam/Public/USIdata/dozbud-development/domy-bobrowiec-vi-piaseczynski-bobrowiec/usi_rp_18396.json,2026-05-25T02:06:10.620147,2026-06-02T23:13:03.079938,v0.7.0+
rp,/Volumes/Samsam/Public/USIdata/dozbud-development/domy-goraszka-etap-xi-otwocki-goraszka/usi_rp_16919.json,2026-05-25T02:06:10.622954,2026-06-02T23:13:03.086287,v0.7.0+
rp,/Volumes/Samsam/Public/USIdata/dozbud-development/domy-goraszka-etap-xiv-otwocki-goraszka/usi_rp_18043.json,2026-05-25T02:06:10.625668,2026-06-02T23:13:03.091841,v0.7.0+
rp,/Volumes/Samsam/Public/USIdata/dozbud-development/osiedle-panorama-ii-serock/usi_rp_16181.json,2026-05-25T02:06:10.633892,2026-06-02T23:13:03.111732,v0.7.0+
oto,/Volumes/Samsam/Public/USIdata/dozbud-development/rezydencja-milosna/usi_oto_4AoGv.json,2026-05-25T02:06:10.636990,2026-05-25T02:06:10.636992,v0.7.0+
oto,/Volumes/Samsam/Public/USIdata/dp-capital-sp-z-o-o/domy-jednorodzinne-w-loziskach/usi_oto_4pZNv.json,2026-05-25T02:06:10.603977,2026-05-25T02:06:10.603979,v0.7.0+
rp,/Volumes/Samsam/Public/USIdata/dpm-invest-sp-z-oo/family-park-ksawerow-iii-pabianicki-ksawerow/usi_rp_17458.json,2026-05-25T02:06:10.575345,2026-06-02T23:13:02.799296,v0.7.0+
rp,/Volumes/Samsam/Public/USIdata/dpm-invest-sp-z-oo/family-park-ksawerow-iv-pabianicki-ksawerow/usi_rp_18766.json,2026-05-25T02:06:10.578474,2026-06-02T23:13:02.805073,v0.7.0+
rp,/Volumes/Samsam/Public/USIdata/dpm-invest-sp-z-oo/osiedle-bieszczadzka-etap-ii-lodz-chojny/usi_rp_14182.json,2026-05-25T02:06:10.581376,2026-06-02T23:13:02.810414,v0.7.0+
rp,/Volumes/Samsam/Public/USIdata/dpm-invest-sp-z-oo/osiedle-bieszczadzka-lodz-gorna/usi_rp_13979.json,2026-05-25T02:06:10.583994,2026-06-02T23:13:02.817837,v0.7.0+
rp,/Volumes/Samsam/Public/USIdata/dpm-invest-sp-z-oo/osiedle-przytulne-janki-ii-etap-2-pruszkowski-janki/usi_rp_18962.json,2026-05-25T02:06:10.587060,2026-06-02T23:13:02.825491,v0.7.0+
rp,/Volumes/Samsam/Public/USIdata/dpm-invest-sp-z-oo/osiedle-rubinowe-etap-ii-piaseczynski-lazy/usi_rp_15846.json,2026-05-25T02:06:10.589636,2026-06-02T23:13:02.832832,v0.7.0+
rp,/Volumes/Samsam/Public/USIdata/dpm-invest-sp-z-oo/przytulne-janki-etap-ii-pruszkowski-janki/usi_rp_14374.json,2026-05-25T02:06:10.592484,2026-06-02T23:13:02.839190,v0.7.0+
rp,/Volumes/Samsam/Public/USIdata/dpm-invest-sp-z-oo/rose-park-etap-ii-pruszkowski-falenty-nowe/usi_rp_16310.json,2026-05-25T02:06:10.595190,2026-06-02T23:13:02.847422,v0.7.0+
rp,/Volumes/Samsam/Public/USIdata/dpm-invest-sp-z-oo/rose-park-etap-iii-pruszkowski-falenty-duze/usi_rp_17509.json,2026-05-25T02:06:10.597847,2026-06-02T23:13:02.855415,v0.7.0+
rp,/Volumes/Samsam/Public/USIdata/dpm-invest-sp-z-oo/rose-park-etap-iv-pruszkowski-falenty-duze/usi_rp_18328.json,2026-05-25T02:06:10.601205,2026-06-02T23:13:02.863229,v0.7.0+
oto,/Volumes/Samsam/Public/USIdata/drb-develpoment-sp-z-o-o/blizniak-w-michalowicach-ulica-aksamitna/usi_oto_4sdTy.json,2026-05-25T02:06:10.566281,2026-05-25T02:06:10.566284,v0.7.0+
oto,/Volumes/Samsam/Public/USIdata/dream-houses-development-sp-z-o-o/domy-w-bielanach-wroclawskich-ul-dzialkowa/usi_oto_4ta6b.json,2026-05-25T02:06:10.556795,2026-05-25T02:06:10.556797,v0.7.0+
oto,/Volumes/Samsam/Public/USIdata/dream-houses-development-sp-z-o-o/rezydencje-ogrodowa-w-jozefoslawiu-k-w-wy/usi_oto_4mSY6.json,2026-05-25T02:06:10.561999,2026-05-25T02:06:10.562002,v0.7.0+
rp,/Volumes/Samsam/Public/USIdata/dream-houses-development-sp-z-oo/domy-w-bielanach-wroclawskich-wroclawski-bielany-wroclawskie/usi_rp_17952.json,2026-05-25T02:06:10.484039,2026-06-02T23:13:02.735242,v0.7.0+
rp,/Volumes/Samsam/Public/USIdata/dream-houses-development-sp-z-oo/domy-w-biestrzykowie-ul-warsztatowa-wroclawski-biestrzykow/usi_rp_17947.json,2026-05-25T02:06:10.488804,2026-06-02T23:13:02.743648,v0.7.0+
rp,/Volumes/Samsam/Public/USIdata/dream-houses-development-sp-z-oo/osiedle-ludwinowska-2-etap-b-warszawa-jeziorki-polnocne/usi_rp_14682.json,2026-05-25T02:06:10.494911,2026-06-02T23:13:02.753253,v0.7.0+
rp,/Volumes/Samsam/Public/USIdata/dream-houses-development-sp-z-oo/osiedle-ludwinowska-2-etap-c2-warszawa-jeziorki-polnocne/usi_rp_16014.json,2026-05-25T02:06:10.522047,2026-06-02T23:13:02.761772,v0.7.0+
rp,/Volumes/Samsam/Public/USIdata/dream-houses-development-sp-z-oo/osiedle-ludwinowska-etap-c1-warszawa-jeziorki-polnocne/usi_rp_15935.json,2026-05-25T02:06:10.545652,2026-06-02T23:13:02.777116,v0.7.0+
rp,/Volumes/Samsam/Public/USIdata/dream-houses-development-sp-z-oo/rezydencje-ogrodowa-piaseczynski-jozefoslaw/usi_rp_14944.json,2026-05-25T02:06:10.550852,2026-06-02T23:13:02.783044,v0.7.0+
to,/Volumes/Samsam/Public/USIdata/ds-development/anchoria-holiday-wielopole-36-mechelinki-apartamenty-inwestycyjne-na-sprzedaz/usi_to_8327244.json,2026-05-25T02:04:59.874093,2026-05-25T02:04:59.874096,v0.7.0+
to,/Volumes/Samsam/Public/USIdata/ds-development/libre-park-pistacjowa-5-kosakowo-mieszkania-na-sprzedaz/usi_to_8963510.json,2026-05-25T02:06:10.471527,2026-05-25T02:06:10.471528,v0.7.0+
rp,/Volumes/Samsam/Public/USIdata/ds-development/osiedle-keblowicka-mini-wroclaw-jarnoltow/usi_rp_14958.json,2026-05-25T02:06:10.476256,2026-06-02T23:13:02.720165,v0.7.0+
rp,/Volumes/Samsam/Public/USIdata/ds-development/osiedle-ratyn-pod-lasem-2-wroclaw-ratyn/usi_rp_14628.json,2026-05-25T02:06:10.479922,2026-06-02T23:13:02.727383,v0.7.0+
oto,/Volumes/Samsam/Public/USIdata/ds-development-sp-z-o-o-sp-k/anchoria-holiday-apartamenty-inwestycyjne/usi_oto_4ehT8.json,2026-05-25T02:06:10.457965,2026-05-25T02:06:10.457967,v0.7.0+
oto,/Volumes/Samsam/Public/USIdata/ds-development-sp-z-o-o-sp-k/osiedle-libre-park/usi_oto_4sUJK.json,2026-05-25T02:06:10.461963,2026-05-25T02:06:10.461964,v0.7.0+
oto,/Volumes/Samsam/Public/USIdata/ds-development-sp-z-o-o-sp-k/porto-mare-nadmorskie-apartamenty-w-mechelinkach/usi_oto_48MpN.json,2026-05-25T02:06:10.464976,2026-05-25T02:06:10.464977,v0.7.0+
oto,/Volumes/Samsam/Public/USIdata/ds-development-sp-z-o-o-sp-k/verde-park-w-kosakowie-z-widokiem-na-zatoke/usi_oto_45tpu.json,2026-05-25T02:06:10.467979,2026-05-25T02:06:10.467981,v0.7.0+
rp,/Volumes/Samsam/Public/USIdata/ds-development-sp-z-oo-sp-k/anchoria-holiday-pucki-mechelinki/usi_rp_16766.json,2026-05-25T02:06:10.444276,2026-06-02T23:13:02.684370,v0.7.0+
rp,/Volumes/Samsam/Public/USIdata/ds-development-sp-z-oo-sp-k/libre-park-pucki-debogorze/usi_rp_17721.json,2026-05-25T02:06:10.448139,2026-06-02T23:13:02.693838,v0.7.0+
rp,/Volumes/Samsam/Public/USIdata/ds-development-sp-z-oo-sp-k/porto-mare-pucki-mechelinki/usi_rp_13179.json,2026-05-25T02:06:10.451482,2026-06-02T23:13:02.702065,v0.7.0+
rp,/Volumes/Samsam/Public/USIdata/ds-development-sp-z-oo-sp-k/verde-park-etap-i-pucki-debogorze/usi_rp_13178.json,2026-05-25T02:06:10.454412,2026-06-02T23:13:02.713948,v0.7.0+
oto,/Volumes/Samsam/Public/USIdata/dsm-dewelopment/segmenty-przy-ul-n-gasiorowskiej/usi_oto_4hY4Z.json,2026-05-25T02:06:10.435495,2026-05-25T02:06:10.435497,v0.7.0+
oto,/Volumes/Samsam/Public/USIdata/duda-development/diasfera-iii/usi_oto_4qZxt.json,2026-05-25T02:06:10.394025,2026-05-25T02:06:10.394026,v0.7.0+
oto,/Volumes/Samsam/Public/USIdata/duda-development/dyfrakcja-lodzka/usi_oto_4sou8.json,2026-05-25T02:06:10.406832,2026-05-25T02:06:10.406834,v0.7.0+
oto,/Volumes/Samsam/Public/USIdata/duda-development/epika-jezyce-lokale-inwestycyjne/usi_oto_4sJ5x.json,2026-05-25T02:06:10.410275,2026-05-25T02:06:10.410276,v0.7.0+
oto,/Volumes/Samsam/Public/USIdata/duda-development/no-to-naramowice/usi_oto_4q5Dr.json,2026-05-25T02:06:10.420238,2026-05-25T02:06:10.420240,v0.7.0+
rp,/Volumes/Samsam/Public/USIdata/duda-development/no-to-naramowice-poznan-umultowo/usi_rp_17091.json,2026-05-25T02:06:10.423951,2026-06-02T23:13:02.649714,v0.7.0+
oto,/Volumes/Samsam/Public/USIdata/duda-development/pulaskiego-19-apartamenty-na-poznanskim-solaczu/usi_oto_4oae0.json,2026-05-25T02:06:10.429649,2026-05-25T02:06:10.429650,v0.7.0+
rp,/Volumes/Samsam/Public/USIdata/dvorskie-residence/dvorskie-residence-krakow-pradnik-bialy/usi_rp_18186.json,2026-05-25T02:06:10.384720,2026-06-02T23:13:02.477532,v0.7.0+
oto,/Volumes/Samsam/Public/USIdata/dw-invest-sp-z-o-o-sp-k/apartamenty-nad-morzem-art-boulevard/usi_oto_43Ltg.json,2026-05-25T02:06:10.380431,2026-05-25T02:06:10.380433,v0.7.0+
oto,/Volumes/Samsam/Public/USIdata/dwojak-dwojak/browary-brzeskie/usi_oto_4el1m.json,2026-05-25T02:06:10.376496,2026-05-25T02:06:10.376498,v0.7.0+
rp,/Volumes/Samsam/Public/USIdata/dynamic-development-sp-z-oo/konstancin-riverside-house-piaseczynski-chylice/usi_rp_17689.json,2026-05-25T02:06:10.361502,2026-06-02T23:13:02.448173,v0.7.0+
rp,/Volumes/Samsam/Public/USIdata/dynamic-development-sp-z-oo/lake-village-etap-iv-piaseczynski-nowa-wola/usi_rp_14214.json,2026-05-25T02:06:10.364220,2026-06-02T23:13:02.456637,v0.7.0+
rp,/Volumes/Samsam/Public/USIdata/dynamic-development-sp-z-oo/lake-village-etap-v-piaseczynski-nowa-wola/usi_rp_18411.json,2026-05-25T02:06:10.368300,2026-06-02T23:13:02.464016,v0.7.0+
rp,/Volumes/Samsam/Public/USIdata/dynamic-development-sp-z-oo/zespol-willowy-zielona-polana-etap-6-piaseczynski-nowa-wola/usi_rp_18410.json,2026-05-25T02:06:10.373426,2026-06-02T23:13:02.470000,v0.7.0+
oto,/Volumes/Samsam/Public/USIdata/dynamix/apartamenty-dwie-rzeki/usi_oto_4tWum.json,2026-05-25T02:06:10.347268,2026-05-25T02:06:10.347270,v0.7.0+
oto,/Volumes/Samsam/Public/USIdata/dynamix/sereno-park/usi_oto_4AjT9.json,2026-05-25T02:06:10.352657,2026-05-25T02:06:10.352659,v0.7.0+
to,/Volumes/Samsam/Public/USIdata/dynamix/sereno-park-listopadowa-91-95-lodz-widzew-stoki-mieszkania-na-sprzedaz/usi_to_9207215.json,2026-05-25T02:04:59.856448,2026-05-25T02:04:59.856452,v0.7.0+
rp,/Volumes/Samsam/Public/USIdata/dynamix-sp-z-oo/apartamenty-dwie-rzeki-lodz-rokicie/usi_rp_17205.json,2026-05-25T02:06:10.336339,2026-06-02T23:13:02.418143,v0.7.0+
rp,/Volumes/Samsam/Public/USIdata/dynamix-sp-z-oo/aurum-chojny-lodz-chojny/usi_rp_15519.json,2026-05-25T02:06:10.340410,2026-06-02T23:13:02.426758,v0.7.0+
rp,/Volumes/Samsam/Public/USIdata/dynamix-sp-z-oo/sereno-park-lodz-dolina-lodki/usi_rp_20012.json,2026-05-25T02:04:59.850590,2026-06-02T23:13:02.432572,v0.7.0+
oto,/Volumes/Samsam/Public/USIdata/dzielnica-parkowa-2/dzielnica-parkowa/usi_oto_4y11Y.json,2026-05-25T02:06:10.327155,2026-05-25T02:06:10.327158,v0.7.0+
oto,/Volumes/Samsam/Public/USIdata/dzisiejszy-dom-sp-z-o-o/minimaxy-graniczna-lokale-inwestycyjne/usi_oto_4tBXd.json,2026-05-25T02:06:10.310389,2026-05-25T02:06:10.310390,v0.7.0+
oto,/Volumes/Samsam/Public/USIdata/e-d-s-budownictwo-spolka-z-o-o/miasteczko-ceglow-2-etap/usi_oto_4sZw7.json,2026-05-25T02:06:10.306562,2026-05-25T02:06:10.306564,v0.7.0+
rp,/Volumes/Samsam/Public/USIdata/ebf-development/apartamenty-jana-z-kolna-zielona-gora/usi_rp_10834.json,2026-05-25T02:06:10.277603,2026-06-02T23:13:02.317746,v0.7.0+
rp,/Volumes/Samsam/Public/USIdata/ebf-development/green-home-etap-vi-zielona-gora/usi_rp_15517.json,2026-05-25T02:06:10.281092,2026-06-02T23:13:02.323444,v0.7.0+
rp,/Volumes/Samsam/Public/USIdata/ebf-development/lisia-apartamenty-zielona-gora/usi_rp_15515.json,2026-05-25T02:06:10.287429,2026-06-02T23:13:02.336665,v0.7.0+
rp,/Volumes/Samsam/Public/USIdata/ebf-development/moniuszki-9abcd-zielona-gora/usi_rp_14430.json,2026-05-25T02:06:10.291066,2026-06-02T23:13:02.346115,v0.7.0+
rp,/Volumes/Samsam/Public/USIdata/ebf-development/natur-park-szczecin-gumience/usi_rp_17531.json,2026-05-25T02:06:10.294135,2026-06-02T23:13:02.353619,v0.7.0+
rp,/Volumes/Samsam/Public/USIdata/ebf-development/zdrojowa-polana-etap-i-zielona-gora/usi_rp_10947.json,2026-05-25T02:06:10.300326,2026-06-02T23:13:02.368210,v0.7.0+
rp,/Volumes/Samsam/Public/USIdata/ebf-development/zdrojowa-polana-etap-ii-zielona-gora/usi_rp_14452.json,2026-05-25T02:06:10.303368,2026-06-02T23:13:02.375733,v0.7.0+
oto,/Volumes/Samsam/Public/USIdata/ebf-development-elzbieta-i-leszek-jarzabek-sp-komandytowa/apartamenty-bergera/usi_oto_4dR1l.json,2026-05-25T02:06:10.263486,2026-05-25T02:06:10.263487,v0.7.0+
oto,/Volumes/Samsam/Public/USIdata/ebf-development-elzbieta-i-leszek-jarzabek-sp-komandytowa/grunwald-park/usi_oto_4pAHa.json,2026-05-25T02:06:10.266958,2026-05-25T02:06:10.266959,v0.7.0+
oto,/Volumes/Samsam/Public/USIdata/ebf-development-elzbieta-i-leszek-jarzabek-sp-komandytowa/viniarnia-home/usi_oto_4q1Y8.json,2026-05-25T02:06:10.270170,2026-05-25T02:06:10.270172,v0.7.0+
oto,/Volumes/Samsam/Public/USIdata/ebud-dom/boutique-niemcz/usi_oto_4vXDO.json,2026-05-25T02:06:10.259964,2026-05-25T02:06:10.259965,v0.7.0+
rp,/Volumes/Samsam/Public/USIdata/ebuddom/oasis-etap-ii-bydgoski-niemcz/usi_rp_15107.json,2026-05-25T02:06:10.252285,2026-06-02T23:13:02.294323,v0.7.0+
rp,/Volumes/Samsam/Public/USIdata/ebuddom/pulse-wzgorze-wolnosci-bydgoszcz/usi_rp_16629.json,2026-05-25T02:06:10.256441,2026-06-02T23:13:02.302309,v0.7.0+
oto,/Volumes/Samsam/Public/USIdata/echo-investment-s-a/kepa-mieszczanska/usi_oto_4xjXd.json,2026-05-25T02:06:10.248647,2026-05-25T02:06:10.248648,v0.7.0+
rp,/Volumes/Samsam/Public/USIdata/echo-investment-sa/osiedle-bonarka-living-etap-2-krakow-podgorze-duchackie/usi_rp_13638.json,2026-05-25T02:06:10.230412,2026-06-02T23:13:02.259924,v0.7.0+
oto,/Volumes/Samsam/Public/USIdata/eco-4-investment-sp-z-o-o/osiedle-rumiankowe/usi_oto_4yqVY.json,2026-05-25T02:06:10.222123,2026-05-25T02:06:10.222125,v0.7.0+
oto,/Volumes/Samsam/Public/USIdata/eco-classic/moja-polnocna-etap-3/usi_oto_49WAy.json,2026-05-25T02:06:10.200634,2026-05-25T02:06:10.200637,v0.7.0+
oto,/Volumes/Samsam/Public/USIdata/eco-classic/nomo-nowa-motlawa/usi_oto_4rsQx.json,2026-05-25T02:06:10.205972,2026-05-25T02:06:10.205974,v0.7.0+
oto,/Volumes/Samsam/Public/USIdata/eco-classic/nowy-cegielski/usi_oto_4Bmnp.json,2026-05-25T02:06:10.210823,2026-05-25T02:06:10.210825,v0.7.0+
oto,/Volumes/Samsam/Public/USIdata/eco-classic/nowy-cegielski/usi_oto_68009499.json,2026-05-25T02:06:10.210823,2026-06-02T11:04:26.469247,v0.7.0+
oto,/Volumes/Samsam/Public/USIdata/eco-classic/wolne-miasto-etap-vii/usi_oto_4ohZE.json,2026-05-25T02:06:10.217075,2026-05-25T02:06:10.217077,v0.7.0+
rp,/Volumes/Samsam/Public/USIdata/eco-classic-sp-z-oo/moja-polnocna-etap-ii-warszawa-bialoleka-tarchomin/usi_rp_13291.json,2026-05-25T02:06:10.182299,2026-06-02T23:13:02.220999,v0.7.0+
rp,/Volumes/Samsam/Public/USIdata/eco-dom-development-polska/ostoya-warszawska-piaseczynski/usi_rp_17543.json,2026-05-25T02:06:10.178369,2026-06-02T23:13:02.214077,v0.7.0+
oto,/Volumes/Samsam/Public/USIdata/eco-dom-development-polska-sp-z-o-o-sp-k/nowe-mieszkania-blisko-warszawy-osiedle-nowy-belweder-w-mogielnicy/usi_oto_4vO4l.json,2026-05-25T02:06:10.170524,2026-05-25T02:06:10.170528,v0.7.0+
oto,/Volumes/Samsam/Public/USIdata/eco-dom-development-polska-sp-z-o-o-sp-k/ostoya-warszawska/usi_oto_4sL4E.json,2026-05-25T02:06:10.175221,2026-05-25T02:06:10.175223,v0.7.0+
oto,/Volumes/Samsam/Public/USIdata/eco-modern-house-sp-z-o-o/zielony-ozarow-kameralne-osiedle-domow/usi_oto_4qtjA.json,2026-05-25T02:06:10.164982,2026-05-25T02:06:10.164984,v0.7.0+
oto,/Volumes/Samsam/Public/USIdata/edach-sp-z-o-o-sp-k/biernackiego-17/usi_oto_4qDiq.json,2026-05-25T02:06:10.145528,2026-05-25T02:06:10.145530,v0.7.0+
rp,/Volumes/Samsam/Public/USIdata/edach-sp-z-oo/biernackiego-15-17-lublin/usi_rp_16739.json,2026-05-25T02:06:10.135936,2026-06-02T23:13:02.162316,v0.7.0+
rp,/Volumes/Samsam/Public/USIdata/edach-sp-z-oo/north-park-lublin/usi_rp_13593.json,2026-05-25T02:06:10.139245,2026-06-02T23:13:02.168988,v0.7.0+
rp,/Volumes/Samsam/Public/USIdata/edach-sp-z-oo/przemyslowa-10-lublin/usi_rp_17010.json,2026-05-25T02:06:10.142235,2026-06-02T23:13:02.177256,v0.7.0+
oto,/Volumes/Samsam/Public/USIdata/efsa-cominco-polen-sp-z-o-o/raclawicka-park-oferta-mieszkan-w-szczecinie/usi_oto_4mUJ1.json,2026-05-25T02:06:10.131718,2026-05-25T02:06:10.131720,v0.7.0+
oto,/Volumes/Samsam/Public/USIdata/eiffage-immobilier-polska/atmo/usi_oto_4c9n3.json,2026-05-25T02:06:10.085213,2026-05-25T02:06:10.085216,v0.7.0+
rp,/Volumes/Samsam/Public/USIdata/eiffage-immobilier-polska/dom-przy-zrodle-krakow-podgorze/usi_rp_10014.json,2026-05-25T02:06:10.095683,2026-06-02T23:13:02.080744,v0.7.0+
rp,/Volumes/Samsam/Public/USIdata/eiffage-immobilier-polska/hb-1820-wroclaw-krzyki-przedmiescie-olawskie/usi_rp_12933.json,2026-05-25T02:06:10.098491,2026-06-02T23:13:02.106227,v0.7.0+
oto,/Volumes/Samsam/Public/USIdata/eiffage-immobilier-polska/marcelinska-18/usi_oto_4jql3.json,2026-05-25T02:06:10.104951,2026-05-25T02:06:10.104952,v0.7.0+
oto,/Volumes/Samsam/Public/USIdata/eiffage-immobilier-polska/nowy-kamionek/usi_oto_4Bf5V.json,2026-05-25T02:06:10.113617,2026-05-25T02:06:10.113619,v0.7.0+
oto,/Volumes/Samsam/Public/USIdata/eiffage-immobilier-polska/nowy-kamionek/usi_oto_67981508.json,2026-05-25T02:06:10.113617,2026-06-02T11:04:43.889520,v0.7.0+
oto,/Volumes/Samsam/Public/USIdata/eiffage-immobilier-polska/nowy-kamionek-lokale-uslugowe/usi_oto_4Bf5V.json,2026-05-25T02:04:59.836934,2026-05-25T02:04:59.836937,v0.7.0+
rp,/Volumes/Samsam/Public/USIdata/eiffage-immobilier-polska/villa-sadyba-warszawa-mokotow-sadyba/usi_rp_8137.json,2026-05-25T02:06:10.123256,2026-06-02T23:13:02.146158,v0.7.0+
oto,/Volumes/Samsam/Public/USIdata/eiffage-immobilier-polska/zajezdnia/usi_oto_4yOuM.json,2026-05-25T02:06:10.126072,2026-05-25T02:06:10.126073,v0.7.0+
oto,/Volumes/Samsam/Public/USIdata/ekdom-deweloper/familia-park-sroda-slaska-iii-i-iv-etap/usi_oto_3RRk8.json,2026-05-25T02:06:10.079319,2026-05-25T02:06:10.079324,v0.7.0+
oto,/Volumes/Samsam/Public/USIdata/eko-bud-dom-sp-z-o-o/apartamenty-przy-gorniczej/usi_oto_4tyAX.json,2026-05-25T02:06:10.074531,2026-05-25T02:06:10.074532,v0.7.0+
oto,/Volumes/Samsam/Public/USIdata/eko-development-polska/ogrody-czarnuszki/usi_oto_4libT.json,2026-05-25T02:06:10.070073,2026-05-25T02:06:10.070075,v0.7.0+
oto,/Volumes/Samsam/Public/USIdata/eko-dewelopment/krogulskiego-park/usi_oto_4ALSZ.json,2026-05-25T02:06:10.063945,2026-05-25T02:06:10.063947,v0.7.0+
oto,/Volumes/Samsam/Public/USIdata/eko-dewelopment/krogulskiego-park/usi_oto_67869229.json,2026-05-25T02:06:10.063945,2026-06-02T11:05:35.745930,v0.7.0+
rp,/Volumes/Samsam/Public/USIdata/eko-harmonia-sp-z-oo/eko-harmonia-pomorskie-nowodworski-ostaszewo/usi_rp_18096.json,2026-05-25T02:06:10.059638,2026-06-02T23:13:01.938796,v0.7.0+
oto,/Volumes/Samsam/Public/USIdata/eko-invest-plus-sp-z-o-o/rodzinna-enklawa/usi_oto_4mYjG.json,2026-05-25T02:06:10.056146,2026-05-25T02:06:10.056148,v0.7.0+
rp,/Volumes/Samsam/Public/USIdata/eko-invest-sp-z-oo/horizon-apartamenty-radom/usi_rp_18863.json,2026-05-25T02:06:10.044164,2026-06-02T23:13:01.906998,v0.7.0+
rp,/Volumes/Samsam/Public/USIdata/eko-invest-sp-z-oo/przy-dolinie-kielce/usi_rp_15441.json,2026-05-25T02:06:10.046978,2026-06-02T23:13:01.913915,v0.7.0+
rp,/Volumes/Samsam/Public/USIdata/eko-invest-sp-z-oo/rodzinna-enklawa-kielce/usi_rp_16637.json,2026-05-25T02:06:10.050907,2026-06-02T23:13:01.922566,v0.7.0+
rp,/Volumes/Samsam/Public/USIdata/eko-invest-sp-z-oo/serene-kielce/usi_rp_18856.json,2026-05-25T02:06:10.053420,2026-06-02T23:13:01.930766,v0.7.0+
oto,/Volumes/Samsam/Public/USIdata/eko-mdm-sp-z-o-o/apartamenty-horizon/usi_oto_4pwjC.json,2026-05-25T02:06:10.035054,2026-05-25T02:06:10.035056,v0.7.0+
oto,/Volumes/Samsam/Public/USIdata/eko-park-invest-sp-z-o-o/apartamenty-uzdrowiskowe-hygge/usi_oto_4oWir.json,2026-05-25T02:06:10.030397,2026-05-25T02:06:10.030399,v0.7.0+
oto,/Volumes/Samsam/Public/USIdata/eko-park-lubon/eko-park-lubon/usi_oto_4tFRU.json,2026-05-25T02:06:10.025813,2026-05-25T02:06:10.025815,v0.7.0+
rp,/Volumes/Samsam/Public/USIdata/ekodeweloper/kampinova-gdansk-ujescisko-lostowice/usi_rp_14635.json,2026-05-25T02:06:10.016297,2026-06-02T23:13:01.750299,v0.7.0+
rp,/Volumes/Samsam/Public/USIdata/ekodeweloper/nadmorska-darlowo-darlowo/usi_rp_17726.json,2026-05-25T02:06:10.019932,2026-06-02T23:13:01.874398,v0.7.0+
oto,/Volumes/Samsam/Public/USIdata/ekodeweloper/tres/usi_oto_4lIpm.json,2026-05-25T02:06:10.022818,2026-05-25T02:06:10.022819,v0.7.0+
oto,/Volumes/Samsam/Public/USIdata/ekodeweloper-nip-957-110-73-39/nadmorska-darlowo-apartamenty-inwestycyjne/usi_oto_4sGJb.json,2026-05-25T02:06:10.012573,2026-05-25T02:06:10.012574,v0.7.0+
oto,/Volumes/Samsam/Public/USIdata/ekolan-spolka-akcyjna/altro/usi_oto_4shjd.json,2026-05-25T02:06:10.003236,2026-05-25T02:06:10.003238,v0.7.0+
oto,/Volumes/Samsam/Public/USIdata/ekolan-spolka-akcyjna/navigare/usi_oto_4B4xN.json,2026-05-25T02:06:10.008638,2026-05-25T02:06:10.008640,v0.7.0+
oto,/Volumes/Samsam/Public/USIdata/ekolan-spolka-akcyjna/navigare/usi_oto_67940951.json,2026-05-25T02:06:10.008638,2026-06-02T11:05:05.985188,v0.7.0+
oto,/Volumes/Samsam/Public/USIdata/ekomech-sp-z-o-o/osiedle-ku-sloncu-nowe-promocyjne-ceny/usi_oto_4rZ0j.json,2026-05-25T02:06:09.998541,2026-05-25T02:06:09.998543,v0.7.0+
rp,/Volumes/Samsam/Public/USIdata/ekopark/4-u-przybyszewskiego-krakow-krowodrza/usi_rp_20321.json,2026-05-25T02:06:09.889741,2026-06-02T23:13:01.449620,v0.7.0+
oto,/Volumes/Samsam/Public/USIdata/ekopark/bona/usi_oto_4t2HT.json,2026-05-25T02:06:09.900870,2026-05-25T02:06:09.900872,v0.7.0+
rp,/Volumes/Samsam/Public/USIdata/ekopark/entre-krakow-pradnik-bialy/usi_rp_20204.json,2026-05-25T02:06:09.921518,2026-06-02T23:13:01.638907,v0.7.0+
oto,/Volumes/Samsam/Public/USIdata/ekopark/forma-otwarta/usi_oto_4t1qv.json,2026-05-25T02:06:09.927714,2026-05-25T02:06:09.927716,v0.7.0+
rp,/Volumes/Samsam/Public/USIdata/ekopark/forma-otwarta-etap-c-krakow-pradnik-bialy/usi_rp_20322.json,2026-05-25T02:06:09.932097,2026-06-02T23:13:01.645708,v0.7.0+
oto,/Volumes/Samsam/Public/USIdata/ekopark/podedworze-13/usi_oto_4t2Ia.json,2026-05-25T02:06:09.948568,2026-05-25T02:06:09.948570,v0.7.0+
oto,/Volumes/Samsam/Public/USIdata/ekopark/u-przybyszewskiego/usi_oto_4mz5P.json,2026-05-25T02:06:09.984650,2026-05-25T02:06:09.984651,v0.7.0+
rp,/Volumes/Samsam/Public/USIdata/ekopark/u-przybyszewskiego-krakow-bronowice/usi_rp_9857.json,2026-05-25T02:06:09.992189,2026-06-02T23:13:01.734557,v0.7.0+
oto,/Volumes/Samsam/Public/USIdata/el-invest-development/ostoja-eblag/usi_oto_4szUv.json,2026-05-25T02:06:09.883582,2026-05-25T02:06:09.883585,v0.7.0+
rp,/Volumes/Samsam/Public/USIdata/eldor-bud-sp-z-oo/lesne-wzgorze-lomzynski-stare-kupiski/usi_rp_13414.json,2026-05-25T02:06:09.842324,2026-06-02T23:13:01.357598,v0.7.0+
rp,/Volumes/Samsam/Public/USIdata/eldor-bud-sp-z-oo/nova-park-lomza/usi_rp_12690.json,2026-05-25T02:06:09.868851,2026-06-02T23:13:01.435329,v0.7.0+
rp,/Volumes/Samsam/Public/USIdata/eldor-bud-sp-z-oo/osiedle-zeromskiego-ostrolecki-tobolice/usi_rp_14206.json,2026-05-25T02:06:09.878956,2026-06-02T23:13:01.443732,v0.7.0+
rp,/Volumes/Samsam/Public/USIdata/elektrotek/nowy-park-domy-tyniec-etap-iv-wroclawski-tyniec-maly/usi_rp_18271.json,2026-05-25T02:06:09.788053,2026-06-02T23:13:01.304752,v0.7.0+
rp,/Volumes/Samsam/Public/USIdata/elektrotek/nowy-park-domy-tyniec-etap-v-wroclawski-tyniec-maly/usi_rp_18273.json,2026-05-25T02:06:09.792999,2026-06-02T23:13:01.332391,v0.7.0+
rp,/Volumes/Samsam/Public/USIdata/elektrotek/nowy-park-domy-tyniec-wroclawski-tyniec-maly/usi_rp_18270.json,2026-05-25T02:06:09.797278,2026-06-02T23:13:01.340718,v0.7.0+
rp,/Volumes/Samsam/Public/USIdata/elfeko-invest/baltycka-sea-park-krynica-morska/usi_rp_18030.json,2026-05-25T02:06:09.773557,2026-06-02T23:13:01.173581,v0.7.0+
oto,/Volumes/Samsam/Public/USIdata/elfeko-invest/k48/usi_oto_4xTtS.json,2026-05-25T02:06:09.778792,2026-05-25T02:06:09.778794,v0.7.0+
oto,/Volumes/Samsam/Public/USIdata/elfeko-invest/smolna-4/usi_oto_4pXqC.json,2026-05-25T02:06:09.783347,2026-05-25T02:06:09.783349,v0.7.0+
oto,/Volumes/Samsam/Public/USIdata/elia-investment-sp-z-o-o/balutyity-sierakowskiego-19-blisko-manufaktury/usi_oto_4r1nM.json,2026-05-25T02:06:09.768275,2026-05-25T02:06:09.768277,v0.7.0+
rp,/Volumes/Samsam/Public/USIdata/elin-geslan-sp-z-oo/osiedle-warynskiego-33-skierniewice/usi_rp_15581.json,2026-05-25T02:06:09.763941,2026-06-02T23:13:01.166862,v0.7.0+
oto,/Volumes/Samsam/Public/USIdata/elizowka-park-adamiak-psiuk-sp-k/domy-i-mieszkania-w-okolicy-ikea-elizowka-park/usi_oto_4sWlE.json,2026-05-25T02:06:09.759287,2026-05-25T02:06:09.759288,v0.7.0+
rp,/Volumes/Samsam/Public/USIdata/elkabel-pagi-sp-z-oo-sp-k/kwarcowe-wzgorze-bud-2-lublin/usi_rp_17437.json,2026-05-25T02:06:09.730790,2026-06-02T23:13:01.114709,v0.7.0+
rp,/Volumes/Samsam/Public/USIdata/elkabel-pagi-sp-z-oo-sp-k/kwarcowe-wzgorze-lublin/usi_rp_16187.json,2026-05-25T02:06:09.734999,2026-06-02T23:13:01.124956,v0.7.0+
to,/Volumes/Samsam/Public/USIdata/elkabel-pagi-sp-z-oo-sp-k/kwietny-ogrod-edwarda-wojtasa-lublin-czechow-polnocny-mieszkania-na-sprzedaz/usi_to_9125471.json,2026-05-25T02:06:09.739633,2026-05-25T02:06:09.739636,v0.7.0+
rp,/Volumes/Samsam/Public/USIdata/elkabel-pagi-sp-z-oo-sp-k/kwietny-ogrod-lublin/usi_rp_16180.json,2026-05-25T02:06:09.744182,2026-06-02T23:13:01.135888,v0.7.0+
rp,/Volumes/Samsam/Public/USIdata/elkabel-pagi-sp-z-oo-sp-k/wieniawa-residence-ii-lublin/usi_rp_13677.json,2026-05-25T02:06:09.753006,2026-06-02T23:13:01.150680,v0.7.0+
rp,/Volumes/Samsam/Public/USIdata/elkabel-pagi-sp-z-oo-sp-k/wieniawa-residence-iii-lublin/usi_rp_16781.json,2026-05-25T02:06:09.756216,2026-06-02T23:13:01.158210,v0.7.0+
rp,/Volumes/Samsam/Public/USIdata/elmis-dewelopment-sp-z-oo/berensona-warszawa-grodzisk/usi_rp_13986.json,2026-05-25T02:06:09.715234,2026-06-02T23:13:01.043365,v0.7.0+
rp,/Volumes/Samsam/Public/USIdata/elmis-dewelopment-sp-z-oo/nowy-zakroczym-zakroczym/usi_rp_14796.json,2026-05-25T02:06:09.721892,2026-06-02T23:13:01.074314,v0.7.0+
rp,/Volumes/Samsam/Public/USIdata/elmis-dewelopment-sp-z-oo/warzelnicza-domy-warszawa-brzeziny/usi_rp_16312.json,2026-05-25T02:06:09.727407,2026-06-02T23:13:01.106814,v0.7.0+
oto,/Volumes/Samsam/Public/USIdata/elsim-spolka-z-ograniczona-odpowiedzialnoscia/krotka-10-kameralna-inwestycja-w-centrum-belchatowa/usi_oto_4AhXU.json,2026-05-25T02:06:09.709798,2026-05-25T02:06:09.709801,v0.7.0+
oto,/Volumes/Samsam/Public/USIdata/elstuk-solo-inwest-sp-z-o-o/hoza-25-przedsprzedaz-inwestycji/usi_oto_4sxIi.json,2026-05-25T02:06:09.704932,2026-05-25T02:06:09.704934,v0.7.0+
oto,/Volumes/Samsam/Public/USIdata/elwoz-sp-z-o-o/osiedle-kazimierz-twoje-mieszkanie-w-gdansku/usi_oto_3uXi0.json,2026-05-25T02:06:09.699714,2026-05-25T02:06:09.699716,v0.7.0+
rp,/Volumes/Samsam/Public/USIdata/elwoz-sp-z-oo/osiedle-kazimierz-gdansk-orunia-gorna-gdansk-poludnie/usi_rp_10306.json,2026-05-25T02:06:09.695891,2026-06-02T23:13:01.033464,v0.7.0+
oto,/Volumes/Samsam/Public/USIdata/emerix-investments-sp-z-o-o/moje-bermudy-nowe-osiedle-blisko-gorzowa-wlkp/usi_oto_3zly7.json,2026-05-25T02:06:09.692055,2026-05-25T02:06:09.692056,v0.7.0+
oto,/Volumes/Samsam/Public/USIdata/emka-inwest/osiedle-przy-mlynie/usi_oto_4AMkf.json,2026-05-25T02:06:09.683363,2026-05-25T02:06:09.683366,v0.7.0+
oto,/Volumes/Samsam/Public/USIdata/emka-inwest/osiedle-przy-mlynie/usi_oto_67870919.json,2026-05-25T02:06:09.683363,2026-06-02T11:05:33.125664,v0.7.0+
oto,/Volumes/Samsam/Public/USIdata/emka-inwest/osiedle-szkolna/usi_oto_4AMjT.json,2026-05-25T02:06:09.687889,2026-05-25T02:06:09.687891,v0.7.0+
oto,/Volumes/Samsam/Public/USIdata/emka-inwest/osiedle-szkolna/usi_oto_67870897.json,2026-05-25T02:06:09.687889,2026-06-02T11:05:33.610322,v0.7.0+
oto,/Volumes/Samsam/Public/USIdata/emka-inwest/ossolinskiego/usi_oto_4AMmX.json,2026-05-25T02:04:59.819780,2026-05-25T02:04:59.819783,v0.7.0+
oto,/Volumes/Samsam/Public/USIdata/emka-inwest/stara-cegielnia/usi_oto_68068393.json,2026-06-02T11:03:37.882716,2026-06-02T11:03:38.302396,v0.7.0+
rp,/Volumes/Samsam/Public/USIdata/empede-sp-z-o-o/domy-w-brzozach-kartuski-glincz/usi_rp_18652.json,2026-05-25T02:06:09.679290,2026-06-02T23:13:01.024388,v0.7.0+
oto,/Volumes/Samsam/Public/USIdata/empirium-deweloper-sp-z-o-o/przytulna-kawalerka-w-pelni-umeblowana/usi_oto_4u5QQ.json,2026-05-25T02:06:09.675378,2026-05-25T02:06:09.675380,v0.7.0+
rp,/Volumes/Samsam/Public/USIdata/empirium-deweloper-sp-z-oo/domy-stargard-stargard/usi_rp_14153.json,2026-05-25T02:06:09.667668,2026-06-02T23:13:01.010047,v0.7.0+
rp,/Volumes/Samsam/Public/USIdata/empirium-deweloper-sp-z-oo/osiedle-botanika-policki-mierzyn/usi_rp_16763.json,2026-05-25T02:06:09.671934,2026-06-02T23:13:01.017512,v0.7.0+
rp,/Volumes/Samsam/Public/USIdata/en-gold-zb-l-zlotkowski-sp-j/brzegowa-park-etap-2-warszawski-zachodni-kielpin-poduchowny/usi_rp_18860.json,2026-05-25T02:06:09.661280,2026-06-02T23:13:01.000716,v0.7.0+
rp,/Volumes/Samsam/Public/USIdata/enbud-sp-z-oo/mnikow-zielona-dolina-krakowski-mnikow/usi_rp_17524.json,2026-05-25T02:06:09.654063,2026-06-02T23:13:00.983313,v0.7.0+
oto,/Volumes/Samsam/Public/USIdata/ener-eko-grzegorz-pienkowski-i-arkadiusz-zukowski-s-c/apartamenty-ossowska/usi_oto_47x9W.json,2026-05-25T02:06:09.647330,2026-05-25T02:06:09.647332,v0.7.0+
oto,/Volumes/Samsam/Public/USIdata/ener-eko-grzegorz-pienkowski-i-arkadiusz-zukowski-s-c/majowe-ogrody-rozpoczecie-sprzedazy/usi_oto_4pFOD.json,2026-05-25T02:06:09.650754,2026-05-25T02:06:09.650755,v0.7.0+
oto,/Volumes/Samsam/Public/USIdata/enkra-krakowski-sp-k/bielska-19-nowe-mieszkania-na-starym-miescie/usi_oto_4B5XI.json,2026-05-25T02:06:09.639196,2026-05-25T02:06:09.639198,v0.7.0+
oto,/Volumes/Samsam/Public/USIdata/enkra-krakowski-sp-k/bielska-19-nowe-mieszkania-na-starym-miescie/usi_oto_67946402.json,2026-05-25T02:06:09.639196,2026-06-02T11:05:04.642927,v0.7.0+
oto,/Volumes/Samsam/Public/USIdata/enkra-krakowski-sp-k/rezydencja-kwiatka-55-i-55a-nowe-mieszkania/usi_oto_4vUQQ.json,2026-05-25T02:06:09.643519,2026-05-25T02:06:09.643521,v0.7.0+
oto,/Volumes/Samsam/Public/USIdata/eolian-park/panarea/usi_oto_4Acep.json,2026-05-25T02:06:09.635224,2026-05-25T02:06:09.635226,v0.7.0+
to,/Volumes/Samsam/Public/USIdata/eolian-park/panarea-ryzowa-warszawa-ursus-mieszkania-na-sprzedaz/usi_to_9186183.json,2026-06-02T10:53:52.066959,2026-06-02T10:53:52.477912,v0.7.0+
oto,/Volumes/Samsam/Public/USIdata/ep-development-sp-z-ograniczona-odpowiedzialnoscia/apartamenty-talarowa-3/usi_oto_4rVkc.json,2026-05-25T02:06:09.621934,2026-05-25T02:06:09.621936,v0.7.0+
oto,/Volumes/Samsam/Public/USIdata/ep-development-sp-z-ograniczona-odpowiedzialnoscia/jarzebinowa-ii/usi_oto_4shg5.json,2026-05-25T02:06:09.627494,2026-05-25T02:06:09.627497,v0.7.0+
oto,/Volumes/Samsam/Public/USIdata/ep-development-sp-z-ograniczona-odpowiedzialnoscia/osiedle-pogodne/usi_oto_4sDj9.json,2026-05-25T02:06:09.631267,2026-05-25T02:06:09.631269,v0.7.0+
oto,/Volumes/Samsam/Public/USIdata/epol-holding-sp-z-o-o/apartamenty-debowa/usi_oto_4yWw3.json,2026-05-25T02:06:09.599888,2026-05-25T02:06:09.599889,v0.7.0+
oto,/Volumes/Samsam/Public/USIdata/epol-holding-sp-z-o-o/moja-skawina-nowe-komfortowe-mieszkania-w-skawinie/usi_oto_4zESo.json,2026-05-25T02:06:09.604079,2026-05-25T02:06:09.604081,v0.7.0+
to,/Volumes/Samsam/Public/USIdata/epolholding/apartamenty-debowa-debowa-1-lodz-gorna-gorniak-mieszkania-na-sprzedaz/usi_to_9225458.json,2026-05-25T02:04:59.811993,2026-05-25T02:04:59.811996,v0.7.0+
oto,/Volumes/Samsam/Public/USIdata/eps-development-sp-z-o-o/lowicka-100/usi_oto_4x3Na.json,2026-05-25T02:06:09.595071,2026-05-25T02:06:09.595073,v0.7.0+
oto,/Volumes/Samsam/Public/USIdata/equator-pawel-jedrzejczyk-sp-komandytowa/osiedle-moje-miejsce-w-smolcu/usi_oto_4sTJa.json,2026-05-25T02:06:09.590133,2026-05-25T02:06:09.590135,v0.7.0+
oto,/Volumes/Samsam/Public/USIdata/equilis/fokus-ursus/usi_oto_4or3w.json,2026-05-25T02:06:09.585194,2026-05-25T02:06:09.585196,v0.7.0+
oto,/Volumes/Samsam/Public/USIdata/equilis-poland-services/orneko/usi_oto_4yYaZ.json,2026-05-25T02:06:09.573555,2026-05-25T02:06:09.573556,v0.7.0+
oto,/Volumes/Samsam/Public/USIdata/equilis-poland-services/orneko/usi_oto_68050744.json,2026-05-25T02:06:09.573555,2026-06-02T11:03:56.678820,v0.7.0+
rp,/Volumes/Samsam/Public/USIdata/er-bruk/slowackiego-42-ciechocinek/usi_rp_16592.json,2026-05-25T02:06:09.570492,2026-06-02T23:13:00.930500,v0.7.0+
rp,/Volumes/Samsam/Public/USIdata/eresco/bulwary-boleslawa-chrobrego-gniezno/usi_rp_15023.json,2026-05-25T02:06:09.567110,2026-06-02T23:13:00.921925,v0.7.0+
oto,/Volumes/Samsam/Public/USIdata/eresco-bozydaj-olech-gawel-sp-k/bulwary-boleslawa-chrobrego/usi_oto_4thRm.json,2026-05-25T02:06:09.558443,2026-05-25T02:06:09.558444,v0.7.0+
oto,/Volumes/Samsam/Public/USIdata/eresco-bozydaj-olech-gawel-sp-k/bulwary-boleslawa-chrobrego-etap-ii/usi_oto_4xVpe.json,2026-05-25T02:06:09.563326,2026-05-25T02:06:09.563328,v0.7.0+
oto,/Volumes/Samsam/Public/USIdata/ergtech-sp-z-o-o/michalowice-park/usi_oto_4lC8C.json,2026-05-25T02:06:09.553849,2026-05-25T02:06:09.553851,v0.7.0+
oto,/Volumes/Samsam/Public/USIdata/esembla-group-siwik-i-wspolnicy-spolka-jawna/mania-apartamenty/usi_oto_4A2um.json,2026-05-25T02:06:09.548912,2026-05-25T02:06:09.548915,v0.7.0+
oto,/Volumes/Samsam/Public/USIdata/este-home-sp-z-o-o/dzialynskich-6-prestizowy-adres/usi_oto_4h5Rs.json,2026-05-25T02:06:09.532309,2026-05-25T02:06:09.532311,v0.7.0+
oto,/Volumes/Samsam/Public/USIdata/este-home-sp-z-o-o/gwarna-8-kamienica-w-centrum-poznania/usi_oto_4nBRr.json,2026-05-25T02:06:09.535973,2026-05-25T02:06:09.535975,v0.7.0+
oto,/Volumes/Samsam/Public/USIdata/este-home-sp-z-o-o/naramowicka-172-nowy-horyzont-nowa-perspektywa/usi_oto_4ppfK.json,2026-05-25T02:06:09.538891,2026-05-25T02:06:09.538893,v0.7.0+
oto,/Volumes/Samsam/Public/USIdata/este-home-sp-z-o-o/wysoka-9-apartament-2-poziomowy-z-tarasami/usi_oto_4tDGA.json,2026-05-25T02:06:09.541834,2026-05-25T02:06:09.541836,v0.7.0+
oto,/Volumes/Samsam/Public/USIdata/eswl-inwest-sp-z-o-o/apartamenty-reymonta-ul-wladyslawa-reymonta-29/usi_oto_4zbIl.json,2026-05-25T02:06:09.528372,2026-05-25T02:06:09.528374,v0.7.0+
oto,/Volumes/Samsam/Public/USIdata/euro-build/apartamenty-wyzwolenia/usi_oto_4qGvI.json,2026-05-25T02:06:09.524970,2026-05-25T02:06:09.524971,v0.7.0+
oto,/Volumes/Samsam/Public/USIdata/euro-styl/apartamenty-las-w-jastarni/usi_oto_4msDF.json,2026-05-25T02:06:09.452215,2026-05-25T02:06:09.452216,v0.7.0+
oto,/Volumes/Samsam/Public/USIdata/euro-styl/doki-living/usi_oto_4iM3Z.json,2026-05-25T02:06:09.456634,2026-05-25T02:06:09.456636,v0.7.0+
oto,/Volumes/Samsam/Public/USIdata/euro-styl/esencja/usi_oto_4tU5H.json,2026-05-25T02:06:09.460126,2026-05-25T02:06:09.460128,v0.7.0+
oto,/Volumes/Samsam/Public/USIdata/euro-styl/gdanskie-zacisze/usi_oto_4AWcL.json,2026-05-25T02:06:09.464541,2026-05-25T02:06:09.464544,v0.7.0+
oto,/Volumes/Samsam/Public/USIdata/euro-styl/gdanskie-zacisze/usi_oto_67905051.json,2026-05-25T02:06:09.464541,2026-06-02T11:05:20.158739,v0.7.0+
oto,/Volumes/Samsam/Public/USIdata/euro-styl/jaskolcza/usi_oto_4sce8.json,2026-05-25T02:06:09.468887,2026-05-25T02:06:09.468889,v0.7.0+
oto,/Volumes/Samsam/Public/USIdata/euro-styl/konstelacja/usi_oto_4iM8k.json,2026-05-25T02:06:09.473255,2026-05-25T02:06:09.473257,v0.7.0+
oto,/Volumes/Samsam/Public/USIdata/euro-styl/lema/usi_oto_4j2Xp.json,2026-05-25T02:06:09.476222,2026-05-25T02:06:09.476223,v0.7.0+
oto,/Volumes/Samsam/Public/USIdata/euro-styl/lesna-gora/usi_oto_4u6bl.json,2026-05-25T02:06:09.480878,2026-05-25T02:06:09.480879,v0.7.0+
oto,/Volumes/Samsam/Public/USIdata/euro-styl/osiedle-beauforta-2/usi_oto_4iM7Q.json,2026-05-25T02:06:09.483878,2026-05-25T02:06:09.483880,v0.7.0+
oto,/Volumes/Samsam/Public/USIdata/euro-styl/osiedle-przy-bloniach-3/usi_oto_4ldG9.json,2026-05-25T02:06:09.489455,2026-05-25T02:06:09.489457,v0.7.0+
oto,/Volumes/Samsam/Public/USIdata/euro-styl/osiedle-przy-bloniach-3-etap-4/usi_oto_4yt27.json,2026-05-25T02:06:09.493029,2026-05-25T02:06:09.493030,v0.7.0+
oto,/Volumes/Samsam/Public/USIdata/euro-styl/osiedle-synteza/usi_oto_4iM9R.json,2026-05-25T02:06:09.497304,2026-05-25T02:06:09.497305,v0.7.0+
oto,/Volumes/Samsam/Public/USIdata/euro-styl/osiedle-warszawska/usi_oto_4s00r.json,2026-05-25T02:06:09.500765,2026-05-25T02:06:09.500767,v0.7.0+
oto,/Volumes/Samsam/Public/USIdata/euro-styl/przystan-brzezno/usi_oto_4yGTd.json,2026-05-25T02:06:09.503876,2026-05-25T02:06:09.503878,v0.7.0+
oto,/Volumes/Samsam/Public/USIdata/euro-styl/widoki/usi_oto_4iM8x.json,2026-05-25T02:06:09.508296,2026-05-25T02:06:09.508298,v0.7.0+
oto,/Volumes/Samsam/Public/USIdata/euro-styl/wzgorze-hoplity/usi_oto_4pwvD.json,2026-05-25T02:06:09.511651,2026-05-25T02:06:09.511654,v0.7.0+
oto,/Volumes/Samsam/Public/USIdata/euro-styl/wzgorze-markowca/usi_oto_4BpgQ.json,2026-05-25T02:06:09.516430,2026-05-25T02:06:09.516433,v0.7.0+
oto,/Volumes/Samsam/Public/USIdata/euro-styl/wzgorze-markowca/usi_oto_68020624.json,2026-05-25T02:06:09.516430,2026-06-02T11:04:21.708539,v0.7.0+
oto,/Volumes/Samsam/Public/USIdata/euro-styl/zajezdnia-motlawa/usi_oto_4ziB0.json,2026-05-25T02:06:09.520492,2026-05-25T02:06:09.520493,v0.7.0+
rp,/Volumes/Samsam/Public/USIdata/euro-styl-sa/amareno-gdynia-witomino-radiostacja/usi_rp_2955.json,2026-05-25T02:06:09.231377,2026-06-02T23:13:00.458047,v0.7.0+
rp,/Volumes/Samsam/Public/USIdata/euro-styl-sa/dynamika-gdansk-ujescisko-lostowice/usi_rp_13428.json,2026-05-25T02:06:09.246513,2026-06-02T23:13:00.490004,v0.7.0+
rp,/Volumes/Samsam/Public/USIdata/euro-styl-sa/gdanskie-zacisze-gdansk-kokoszki/usi_rp_20217.json,2026-05-25T02:06:09.260841,2026-06-02T23:13:00.514311,v0.7.0+
rp,/Volumes/Samsam/Public/USIdata/euro-styl-sa/las-jastarnia/usi_rp_14544.json,2026-05-25T02:06:09.299893,2026-06-02T23:13:00.601887,v0.7.0+
rp,/Volumes/Samsam/Public/USIdata/euro-styl-sa/locus-2-bud-b2-rumia/usi_rp_19300.json,2026-05-25T02:06:09.308266,2026-06-02T23:13:00.616670,v0.7.0+
rp,/Volumes/Samsam/Public/USIdata/euro-styl-sa/mezzo-gdansk-przymorze-male/usi_rp_9407.json,2026-05-25T02:06:09.317521,2026-06-02T23:13:00.644713,v0.7.0+
rp,/Volumes/Samsam/Public/USIdata/euro-styl-sa/nasze-miejsce-gdansk-ujescisko-lostowice/usi_rp_12515.json,2026-05-25T02:06:09.324492,2026-06-02T23:13:00.657836,v0.7.0+
rp,/Volumes/Samsam/Public/USIdata/euro-styl-sa/oliwa-park-gdansk-oliwa/usi_rp_789.json,2026-05-25T02:06:09.327624,2026-06-02T23:13:00.663894,v0.7.0+
rp,/Volumes/Samsam/Public/USIdata/euro-styl-sa/osiedle-cis-gdynia-cisowa/usi_rp_11066.json,2026-05-25T02:06:09.340146,2026-06-02T23:13:00.691292,v0.7.0+
rp,/Volumes/Samsam/Public/USIdata/euro-styl-sa/osiedle-morskie-budynek-a10-i-a11-gdynia-pogorze/usi_rp_3192.json,2026-05-25T02:06:09.346396,2026-06-02T23:13:00.704913,v0.7.0+
rp,/Volumes/Samsam/Public/USIdata/euro-styl-sa/osiedle-morskie-gdynia-pogorze/usi_rp_3829.json,2026-05-25T02:06:09.348845,2026-06-02T23:13:00.710136,v0.7.0+
rp,/Volumes/Samsam/Public/USIdata/euro-styl-sa/osiedle-nowy-horyzont-budynek-10-gdansk-chelm/usi_rp_1591.json,2026-05-25T02:06:09.351728,2026-06-02T23:13:00.719126,v0.7.0+
rp,/Volumes/Samsam/Public/USIdata/euro-styl-sa/osiedle-przy-bloniach-3-etap-iii-rumia/usi_rp_18094.json,2026-05-25T02:06:09.354833,2026-06-02T23:13:00.728246,v0.7.0+
rp,/Volumes/Samsam/Public/USIdata/euro-styl-sa/osiedle-przy-bloniach-wejherowski-rumia/usi_rp_10598.json,2026-05-25T02:06:09.367367,2026-06-02T23:13:00.748377,v0.7.0+
rp,/Volumes/Samsam/Public/USIdata/euro-styl-sa/osiedle-warszawska-eatp-ii-gdansk-ujescisko-lostowice/usi_rp_19310.json,2026-05-25T02:06:09.397424,2026-06-02T23:13:00.784039,v0.7.0+
rp,/Volumes/Samsam/Public/USIdata/euro-styl-sa/polanki-apartamenty-gdansk-oliwa/usi_rp_13237.json,2026-05-25T02:06:09.409262,2026-06-02T23:13:00.820673,v0.7.0+
rp,/Volumes/Samsam/Public/USIdata/euro-styl-sa/spektrum-gdansk-przymorze-wielkie/usi_rp_7668.json,2026-05-25T02:06:09.420536,2026-06-02T23:13:00.849766,v0.7.0+
rp,/Volumes/Samsam/Public/USIdata/euro-styl-sa/villa-spokojna-gdynia-maly-kack/usi_rp_1839.json,2026-05-25T02:06:09.424300,2026-06-02T23:13:00.857490,v0.7.0+
rp,/Volumes/Samsam/Public/USIdata/euro-styl-sa/wzgorze-markowca-rumia/usi_rp_20327.json,2026-05-25T02:06:09.443468,2026-06-02T23:13:00.893459,v0.7.0+
rp,/Volumes/Samsam/Public/USIdata/euro-styl-sa/zielony-poludnik-gdansk-orunia-gorna-gdansk-poludnie/usi_rp_9903.json,2026-05-25T02:06:09.449401,2026-06-02T23:13:00.907709,v0.7.0+
rp,/Volumes/Samsam/Public/USIdata/euro-trademex-sp-z-oo/rysulowka-70-tatrzanski-koscielisko/usi_rp_20310.json,2026-05-25T02:06:09.226587,2026-06-02T23:13:00.445797,v0.7.0+
to,/Volumes/Samsam/Public/USIdata/eurobud/osiedle-kasprowicza-pruszcz-gdanski-mieszkania-na-sprzedaz/usi_to_9224843.json,2026-05-25T02:04:59.782974,2026-05-25T02:04:59.782977,v0.7.0+
oto,/Volumes/Samsam/Public/USIdata/eurobud-chajewscy-spolka-z-ograniczona-odpowiedzialnoscia/osiedle-kasprowicza/usi_oto_4BiYp.json,2026-05-25T02:06:09.217251,2026-05-25T02:06:09.217254,v0.7.0+
oto,/Volumes/Samsam/Public/USIdata/eurobud-chajewscy-spolka-z-ograniczona-odpowiedzialnoscia/osiedle-kasprowicza/usi_oto_67996417.json,2026-05-25T02:06:09.217251,2026-06-02T11:04:37.262594,v0.7.0+
rp,/Volumes/Samsam/Public/USIdata/europartner-ii-sp-z-oo-sp-k/apartamenty-traugutta-grodzisk-mazowiecki/usi_rp_15057.json,2026-05-25T02:06:09.199921,2026-06-02T23:13:00.402829,v0.7.0+
rp,/Volumes/Samsam/Public/USIdata/europartner-ii-sp-z-oo-sp-k/osiedle-pogodne-nowy-dwor-mazowiecki/usi_rp_18561.json,2026-05-25T02:06:09.208381,2026-06-02T23:13:00.418893,v0.7.0+
to,/Volumes/Samsam/Public/USIdata/eurostyl/locus-2-etap-i-dabrowskiego-rumia-janowo-mieszkania-na-sprzedaz/usi_to_9058532.json,2026-05-25T02:04:59.776610,2026-05-25T02:04:59.776614,v0.7.0+
oto,/Volumes/Samsam/Public/USIdata/everest-development/gotowe-do-odbioru-150-m-od-morza-ustronie-morskie-sianozety/usi_oto_4zQYl.json,2026-05-25T02:06:09.166990,2026-05-25T02:06:09.166992,v0.7.0+
oto,/Volumes/Samsam/Public/USIdata/everest-development/gotowe-do-odbioru-piatkowo-morasko-uam-poznan/usi_oto_4zPz7.json,2026-05-25T02:06:09.174193,2026-05-25T02:06:09.174197,v0.7.0+
oto,/Volumes/Samsam/Public/USIdata/everest-development/nowoczesne-apartamenty-ustronie-morskie/usi_oto_4bTLH.json,2026-05-25T02:06:09.179243,2026-05-25T02:06:09.179245,v0.7.0+
oto,/Volumes/Samsam/Public/USIdata/everest-development/osiedle-mateckiego-kolejny-etap-poznan/usi_oto_4dllv.json,2026-05-25T02:06:09.183369,2026-05-25T02:06:09.183371,v0.7.0+
rp,/Volumes/Samsam/Public/USIdata/everest-development/osiedle-mateckiego-poznan-jana-iii-sobieskiego-i-marysienki/usi_rp_14986.json,2026-05-25T02:06:09.186797,2026-06-02T23:13:00.241389,v0.7.0+
oto,/Volumes/Samsam/Public/USIdata/everest-development/osiedle-w-parku-srem/usi_oto_4boP4.json,2026-05-25T02:06:09.190385,2026-05-25T02:06:09.190387,v0.7.0+
rp,/Volumes/Samsam/Public/USIdata/everest-development/osiedle-zielone-wzgorze-gostyn/usi_rp_14988.json,2026-05-25T02:06:09.193712,2026-06-02T23:13:00.367084,v0.7.0+
rp,/Volumes/Samsam/Public/USIdata/everest-development/srem-park-srem/usi_rp_14994.json,2026-05-25T02:06:09.196431,2026-06-02T23:13:00.393193,v0.7.0+
oto,/Volumes/Samsam/Public/USIdata/evlo-developer-sp-z-o-o/osiedle-czressino/usi_oto_4aTnS.json,2026-05-25T02:06:09.163514,2026-05-25T02:06:09.163515,v0.7.0+
oto,/Volumes/Samsam/Public/USIdata/excon-spolka-akcyjna/illumina/usi_oto_4nKsD.json,2026-05-25T02:06:09.151047,2026-05-25T02:06:09.151049,v0.7.0+
rp,/Volumes/Samsam/Public/USIdata/expander-nieruchomosci/poznan-city-apartments-poznan-osiedle-stare-miasto/usi_rp_14068.json,2026-05-25T02:06:09.146335,2026-06-02T23:13:00.206882,v0.7.0+
oto,/Volumes/Samsam/Public/USIdata/ezbud/rolna-8-14-nowe-mieszkania-tomaszow-mazowiecki/usi_oto_4fvrj.json,2026-05-25T02:06:09.142579,2026-05-25T02:06:09.142580,v0.7.0+
rp,/Volumes/Samsam/Public/USIdata/ezbud-sp-z-oo-spk/mieszkania-smugowa-tomaszowski-tomaszow-mazowiecki/usi_rp_2638.json,2026-05-25T02:06:09.116751,2026-06-02T23:13:00.151424,v0.7.0+
rp,/Volumes/Samsam/Public/USIdata/ezbud-sp-z-oo-spk/osiedle-ustronna-dom-lodz-gorna-chojny/usi_rp_2637.json,2026-05-25T02:06:09.120138,2026-06-02T23:13:00.158006,v0.7.0+
rp,/Volumes/Samsam/Public/USIdata/ezbud-sp-z-oo-spk/spalska-tomaszowski-tomaszow-mazowiecki/usi_rp_11026.json,2026-05-25T02:06:09.126184,2026-06-02T23:13:00.170760,v0.7.0+
rp,/Volumes/Samsam/Public/USIdata/ezbud-sp-z-oo-spk/wolczanska-248-etap-ii-lodz-gorniak/usi_rp_17103.json,2026-05-25T02:06:09.129708,2026-06-02T23:13:00.178480,v0.7.0+
oto,/Volumes/Samsam/Public/USIdata/f-h-u-adi-mariusz-lasyk/gwardyjska-37/usi_oto_4AIdx.json,2026-05-25T02:06:09.108949,2026-05-25T02:06:09.108950,v0.7.0+
oto,/Volumes/Samsam/Public/USIdata/f-h-u-adi-mariusz-lasyk/gwardyjska-37/usi_oto_67855127.json,2026-05-25T02:06:09.108949,2026-06-02T11:05:39.213083,v0.7.0+
oto,/Volumes/Samsam/Public/USIdata/faktoria-mlyn-sp-z-o-o/faktoria-mlyn/usi_oto_4kzKG.json,2026-05-25T02:06:09.100108,2026-05-25T02:06:09.100110,v0.7.0+
rp,/Volumes/Samsam/Public/USIdata/falare/nowy-wawer-warszawa-zerzen/usi_rp_18229.json,2026-05-25T02:06:09.096750,2026-06-02T23:13:00.123547,v0.7.0+
oto,/Volumes/Samsam/Public/USIdata/familiares-gruntowa/apartamenty-gruntowa/usi_oto_4yZNs.json,2026-05-25T02:06:09.092639,2026-05-25T02:06:09.092640,v0.7.0+
oto,/Volumes/Samsam/Public/USIdata/family-home-s-c/inwestycja-pana-tadeusza/usi_oto_4gSY6.json,2026-05-25T02:06:09.084881,2026-05-25T02:06:09.084883,v0.7.0+
oto,/Volumes/Samsam/Public/USIdata/family-home-s-c/mini-osiedle-radzymin-makowa/usi_oto_4npy8.json,2026-05-25T02:06:09.088364,2026-05-25T02:06:09.088366,v0.7.0+
oto,/Volumes/Samsam/Public/USIdata/fasolowa-residence-spolka-z-ograniczona-odpowiedzialnoscia/fasolowa-residence/usi_oto_4zOHo.json,2026-05-25T02:06:09.078012,2026-05-25T02:06:09.078013,v0.7.0+
oto,/Volumes/Samsam/Public/USIdata/fasterm-budownictwo/apartamenty-brzoskwiniowa/usi_oto_4ebbT.json,2026-05-25T02:06:09.073887,2026-05-25T02:06:09.073888,v0.7.0+
oto,/Volumes/Samsam/Public/USIdata/fb-antczak/riverside/usi_oto_4ysqt.json,2026-05-25T02:06:09.065745,2026-05-25T02:06:09.065747,v0.7.0+
oto,/Volumes/Samsam/Public/USIdata/fbhu-modehpolmo-sp-z-o-o/popieluszki-6/usi_oto_4pwbY.json,2026-05-25T02:06:09.062153,2026-05-25T02:06:09.062155,v0.7.0+
oto,/Volumes/Samsam/Public/USIdata/fedezu-group/palestera-park-strrrraszne-rabaty-sprawdz/usi_oto_4ke6M.json,2026-05-25T02:06:09.045432,2026-05-25T02:06:09.045433,v0.7.0+
oto,/Volumes/Samsam/Public/USIdata/fedezu-group/zbaszynska-4-sprawdz-strrrraszne-promocje/usi_oto_4o4sW.json,2026-05-25T02:06:09.049399,2026-05-25T02:06:09.049401,v0.7.0+
oto,/Volumes/Samsam/Public/USIdata/felix-development-i-kwiatkowski-sp-j/pod-kasztanem/usi_oto_4rIAa.json,2026-05-25T02:06:09.041808,2026-05-25T02:06:09.041809,v0.7.0+
rp,/Volumes/Samsam/Public/USIdata/ferryman-development-sp-z-oo/wysockiego-25-warszawa-targowek/usi_rp_13739.json,2026-05-25T02:06:09.034967,2026-06-02T23:12:59.941230,v0.7.0+
oto,/Volumes/Samsam/Public/USIdata/fhu-top-s-c-mrozowscy/moja-wiazowa/usi_oto_4osXa.json,2026-05-25T02:06:09.032601,2026-05-25T02:06:09.032602,v0.7.0+
rp,/Volumes/Samsam/Public/USIdata/fhu-top-sc-mrozowscy/moja-wiazowa-torun/usi_rp_17331.json,2026-05-25T02:06:09.029516,2026-06-02T23:12:59.932574,v0.7.0+
oto,/Volumes/Samsam/Public/USIdata/figura-development-s-k/jana-pawla-ii/usi_oto_4ztDT.json,2026-05-25T02:06:09.022746,2026-05-25T02:06:09.022747,v0.7.0+
oto,/Volumes/Samsam/Public/USIdata/figura-development-s-k/nowe-mieszkania-staszica-koszalin/usi_oto_4fZAS.json,2026-05-25T02:06:09.026354,2026-05-25T02:06:09.026355,v0.7.0+
rp,/Volumes/Samsam/Public/USIdata/fip-11-fundusz-inwestycyjny-zamkniety-aktywow-niepublicznych/morwowa-3-apartamenty-inwestycyjne-lublin/usi_rp_17329.json,2026-05-25T02:06:09.004089,2026-06-02T23:12:59.834024,v0.7.0+
rp,/Volumes/Samsam/Public/USIdata/fip-11-fundusz-inwestycyjny-zamkniety-aktywow-niepublicznych/morwowa-3-lublin/usi_rp_17324.json,2026-05-25T02:06:09.007943,2026-06-02T23:12:59.842964,v0.7.0+
rp,/Volumes/Samsam/Public/USIdata/fip-11-fundusz-inwestycyjny-zamkniety-aktywow-niepublicznych/morwowa-5-apartamenty-inwestycyjne-lublin-konstantynow/usi_rp_19359.json,2026-05-25T02:06:09.010802,2026-06-02T23:12:59.850719,v0.7.0+
rp,/Volumes/Samsam/Public/USIdata/fip-11-fundusz-inwestycyjny-zamkniety-aktywow-niepublicznych/morwowa-5-lublin-konstantynow/usi_rp_19361.json,2026-05-25T02:06:09.014330,2026-06-02T23:12:59.858718,v0.7.0+
oto,/Volumes/Samsam/Public/USIdata/firma-budowlana-marek-antczak/botaniczna-house-enklawa-spokoju-blisko-miasta/usi_oto_3f95v.json,2026-05-25T02:06:08.995273,2026-05-25T02:06:08.995275,v0.7.0+
oto,/Volumes/Samsam/Public/USIdata/firma-budowlana-marek-antczak/rezydencja-asnyka/usi_oto_4ijGp.json,2026-05-25T02:06:08.999599,2026-05-25T02:06:08.999600,v0.7.0+
rp,/Volumes/Samsam/Public/USIdata/firma-budowlano-handlowo-uslugowa-modehpolmo-sp-z-oo/osiedle-galaktyka-ii-szczecin-warszewo/usi_rp_14025.json,2026-05-25T02:06:08.991958,2026-06-02T23:12:59.823597,v0.7.0+
rp,/Volumes/Samsam/Public/USIdata/firma-handlowo-uslugowa-roman-roman-pazucha/apartamenty-browarna-nowy-sacz/usi_rp_15055.json,2026-05-25T02:06:08.988299,2026-06-02T23:12:59.812806,v0.7.0+
oto,/Volumes/Samsam/Public/USIdata/firma-inwestycyjna-jw-sp-z-o-o/ogrody-zawiszow-ii/usi_oto_4gTHM.json,2026-05-25T02:06:08.980639,2026-05-25T02:06:08.980641,v0.7.0+
oto,/Volumes/Samsam/Public/USIdata/firma-inwestycyjna-jw-sp-z-o-o/sikorskiego-residence/usi_oto_4xNfz.json,2026-05-25T02:06:08.985119,2026-05-25T02:06:08.985121,v0.7.0+
oto,/Volumes/Samsam/Public/USIdata/flash-development/nova-kuligowska/usi_oto_4swy5.json,2026-05-25T02:06:08.961394,2026-05-25T02:06:08.961395,v0.7.0+
oto,/Volumes/Samsam/Public/USIdata/flash-development/osiedle-karolin/usi_oto_4swu7.json,2026-05-25T02:06:08.967328,2026-05-25T02:06:08.967329,v0.7.0+
rp,/Volumes/Samsam/Public/USIdata/flash-development/osiedle-karolin-warszawa-chrzanow/usi_rp_17488.json,2026-05-25T02:06:08.971534,2026-06-02T23:12:59.793994,v0.7.0+
oto,/Volumes/Samsam/Public/USIdata/flash-development-sp-z-o-o/osiedle-karolin-warszawa-bemowo/usi_oto_4qkKm.json,2026-05-25T02:06:08.953709,2026-05-25T02:06:08.953711,v0.7.0+
oto,/Volumes/Samsam/Public/USIdata/flora-development-spolka-z-ograniczona-odpowiedzialnoscia/cybernetyki-7a/usi_oto_4AHo0.json,2026-05-25T02:06:08.940418,2026-05-25T02:06:08.940420,v0.7.0+
oto,/Volumes/Samsam/Public/USIdata/flora-development-warszawa/esy-floresy/usi_oto_4zWml.json,2026-05-25T02:06:08.936350,2026-05-25T02:06:08.936352,v0.7.0+
oto,/Volumes/Samsam/Public/USIdata/folwark-apartamenty/ekskluzywne-apartamenty-w-stylu-loft-oznakowany-parking-w-cenie/usi_oto_4yUZ6.json,2026-05-25T02:06:08.931845,2026-05-25T02:06:08.931846,v0.7.0+
oto,/Volumes/Samsam/Public/USIdata/folwark-deweloper-plus-sp-z-o-o/alta-novum-twoje-wymarzone-miejsce-nad-wisla/usi_oto_4zZ2Q.json,2026-05-25T02:06:08.928332,2026-05-25T02:06:08.928334,v0.7.0+
rp,/Volumes/Samsam/Public/USIdata/folwark-deweloper-sp-z-oo/alta-novum-bydgoszcz-stary-fordon/usi_rp_18329.json,2026-05-25T02:06:08.922110,2026-06-02T23:12:59.559960,v0.7.0+
rp,/Volumes/Samsam/Public/USIdata/folwark-deweloper-sp-z-oo/iluzjon-etap-2-bydgoszcz/usi_rp_16225.json,2026-05-25T02:06:08.925626,2026-06-02T23:12:59.568512,v0.7.0+
oto,/Volumes/Samsam/Public/USIdata/forall-invest/forall-osiedle-harmonia/usi_oto_4raZo.json,2026-05-25T02:06:08.918346,2026-05-25T02:06:08.918347,v0.7.0+
oto,/Volumes/Samsam/Public/USIdata/forfour-sp-z-o-o/wyszynskiego-12/usi_oto_4AWuB.json,2026-05-25T02:06:08.914173,2026-05-25T02:06:08.914174,v0.7.0+
oto,/Volumes/Samsam/Public/USIdata/forfour-sp-z-o-o/wyszynskiego-12/usi_oto_67906157.json,2026-05-25T02:06:08.914173,2026-06-02T11:05:18.195800,v0.7.0+
oto,/Volumes/Samsam/Public/USIdata/forma-development/aleja-zastavie-pierwsze-takie-osiedle-w-choroszczy/usi_oto_4xYhl.json,2026-05-25T02:06:08.910270,2026-05-25T02:06:08.910272,v0.7.0+
rp,/Volumes/Samsam/Public/USIdata/forpoz-sp-z-oo-sp-k/ekometalowa-poznan-grunwald-gorczyn/usi_rp_13625.json,2026-05-25T02:06:08.902394,2026-06-02T23:12:59.541607,v0.7.0+
oto,/Volumes/Samsam/Public/USIdata/fortress-invest/apartamenty-przy-parku/usi_oto_4sXDR.json,2026-05-25T02:06:08.899959,2026-05-25T02:06:08.899961,v0.7.0+
rp,/Volumes/Samsam/Public/USIdata/fortress-invest-sp-z-oo/apartamenty-przy-parku-chorzow/usi_rp_14562.json,2026-05-25T02:06:08.894497,2026-06-02T23:12:59.532724,v0.7.0+
oto,/Volumes/Samsam/Public/USIdata/fracthon-development/ja-nas/usi_oto_4zwiS.json,2026-05-25T02:06:08.886164,2026-05-25T02:06:08.886166,v0.7.0+
oto,/Volumes/Samsam/Public/USIdata/fracthon-development/stare-podgorze/usi_oto_4yUSe.json,2026-05-25T02:06:08.890202,2026-05-25T02:06:08.890204,v0.7.0+
oto,/Volumes/Samsam/Public/USIdata/frax-bud/fort-natura/usi_oto_4gt8M.json,2026-05-25T02:06:08.875954,2026-05-25T02:06:08.875955,v0.7.0+
oto,/Volumes/Samsam/Public/USIdata/frax-bud/osiedla-versus/usi_oto_4rVKo.json,2026-05-25T02:06:08.879588,2026-05-25T02:06:08.879589,v0.7.0+
oto,/Volumes/Samsam/Public/USIdata/frax-bud/osiedle-teatralne-19/usi_oto_4Anve.json,2026-05-25T02:06:08.882877,2026-05-25T02:06:08.882878,v0.7.0+
rp,/Volumes/Samsam/Public/USIdata/frax-bud-franciszek-drozdz/nadmorskie-apartamenty-piaskowa-pucki-chlapowo/usi_rp_16206.json,2026-05-25T02:06:08.847849,2026-06-02T23:12:59.487367,v0.7.0+
rp,/Volumes/Samsam/Public/USIdata/freedom-nieruchomosci/forest-residence-ii-piaseczynski-mieszkowo/usi_rp_16133.json,2026-05-25T02:06:08.834526,2026-06-02T23:12:59.458872,v0.7.0+
rp,/Volumes/Samsam/Public/USIdata/freedom-nieruchomosci/osiedlowa-house-piaseczynski-jozefoslaw/usi_rp_14489.json,2026-05-25T02:06:08.838109,2026-06-02T23:12:59.468963,v0.7.0+
oto,/Volumes/Samsam/Public/USIdata/frena/zloty-rog-54/usi_oto_4u8Dz.json,2026-05-25T02:06:08.830849,2026-05-25T02:06:08.830851,v0.7.0+
oto,/Volumes/Samsam/Public/USIdata/fsmnw-inwestycje-sp-z-o-o/nowe-mieszkania-w-centrum-poznania-sprawdz-nasza-oferte/usi_oto_4wmCO.json,2026-05-25T02:06:08.815565,2026-05-25T02:06:08.815567,v0.7.0+
rp,/Volumes/Samsam/Public/USIdata/futuro-invest/goralska-26-gdynia-maly-kack/usi_rp_15796.json,2026-05-25T02:06:08.811206,2026-06-02T23:12:59.422931,v0.7.0+
oto,/Volumes/Samsam/Public/USIdata/futuro-invest-sp-z-o-o/apartamenty-klimatyczna-na-wyspie-sobieszewskiej/usi_oto_4rB4x.json,2026-05-25T02:06:08.803996,2026-05-25T02:06:08.803998,v0.7.0+
oto,/Volumes/Samsam/Public/USIdata/g-16-gorscy-sp-jawna/aleje-wolnosci-16/usi_oto_4xaYp.json,2026-05-25T02:06:08.799660,2026-05-25T02:06:08.799661,v0.7.0+
oto,/Volumes/Samsam/Public/USIdata/g-city-urban-home/urban-home-osiedle-ostrobramska/usi_oto_4xa9y.json,2026-05-25T02:06:08.796061,2026-05-25T02:06:08.796062,v0.7.0+
rp,/Volumes/Samsam/Public/USIdata/g-top-house-sp-z-oo-sp-k/apartamenty-cedrowa-myslowice/usi_rp_14906.json,2026-05-25T02:06:08.792443,2026-06-02T23:12:59.399708,v0.7.0+
oto,/Volumes/Samsam/Public/USIdata/gaik-ii/gaik-ii/usi_oto_4o8CU.json,2026-05-25T02:06:08.786239,2026-05-25T02:06:08.786240,v0.7.0+
oto,/Volumes/Samsam/Public/USIdata/gal-development-sp-zo-o/art-lake-baltic-resort/usi_oto_4qxYW.json,2026-05-25T02:06:08.774841,2026-05-25T02:06:08.774843,v0.7.0+
oto,/Volumes/Samsam/Public/USIdata/gal-development-sp-zo-o/grabskiego-residence/usi_oto_4qCoQ.json,2026-05-25T02:06:08.779976,2026-05-25T02:06:08.779978,v0.7.0+
oto,/Volumes/Samsam/Public/USIdata/gal-development-sp-zo-o/stary-mlyn/usi_oto_4plMk.json,2026-05-25T02:06:08.783337,2026-05-25T02:06:08.783338,v0.7.0+
oto,/Volumes/Samsam/Public/USIdata/galadeweloper-ii-spolka-z-ograniczona-odpowiedzialnoscia/urzecze-gora-kalwaria/usi_oto_4xJAV.json,2026-05-25T02:06:08.764801,2026-05-25T02:06:08.764803,v0.7.0+
oto,/Volumes/Samsam/Public/USIdata/galadom-s-a/osiedle-naleczowska/usi_oto_4o1NI.json,2026-05-25T02:06:08.760215,2026-05-25T02:06:08.760217,v0.7.0+
rp,/Volumes/Samsam/Public/USIdata/galadom-sa/naleczowska-etap-ii-lublin/usi_rp_18330.json,2026-05-25T02:06:08.754655,2026-06-02T23:12:59.371968,v0.7.0+
rp,/Volumes/Samsam/Public/USIdata/gamma-developer-sp-z-oo/olenki-residence-czestochowa/usi_rp_17815.json,2026-05-25T02:06:08.749888,2026-06-02T23:12:59.362666,v0.7.0+
rp,/Volumes/Samsam/Public/USIdata/garden-city-development/city-park-apartments-starachowice/usi_rp_15472.json,2026-05-25T02:06:08.744448,2026-06-02T23:12:59.334896,v0.7.0+
oto,/Volumes/Samsam/Public/USIdata/garden-city-development-radom-sp-z-o-o-spolka-komandytowa/apartamenty-przy-bulwarach/usi_oto_4tNqB.json,2026-05-25T02:06:08.737386,2026-05-25T02:06:08.737389,v0.7.0+
rp,/Volumes/Samsam/Public/USIdata/gardenia-deweloper/gardenia-pogodno-szczecin-zawadzkiego-klonowica/usi_rp_13786.json,2026-05-25T02:06:08.724866,2026-06-02T23:12:59.180534,v0.7.0+
oto,/Volumes/Samsam/Public/USIdata/gardenia-deweloper/gardenia-pogodno-ul-unii-lubelskiej-w-szczecinie/usi_oto_4c5dV.json,2026-05-25T02:06:08.732697,2026-05-25T02:06:08.732700,v0.7.0+
rp,/Volumes/Samsam/Public/USIdata/garvest-real-estate/mamre-kamienski-kolczewo/usi_rp_14604.json,2026-05-25T02:06:08.667360,2026-06-02T23:12:59.019467,v0.7.0+
oto,/Volumes/Samsam/Public/USIdata/garvest-real-estate/perfumiarnia-2/usi_oto_4pCfR.json,2026-05-25T02:06:08.672422,2026-05-25T02:06:08.672424,v0.7.0+
oto,/Volumes/Samsam/Public/USIdata/garvest-real-estate/perfumiarnia-w-parku-wilsona/usi_oto_4c1g4.json,2026-05-25T02:06:08.679755,2026-05-25T02:06:08.679758,v0.7.0+
oto,/Volumes/Samsam/Public/USIdata/gawis-development/nowoczesne-osiedle-w-dobrej-lokalizacji/usi_oto_4tsKz.json,2026-05-25T02:06:08.662440,2026-05-25T02:06:08.662442,v0.7.0+
rp,/Volumes/Samsam/Public/USIdata/gedbud-firma-budowlana/nieborowska-28-28a-gdansk-chelm/usi_rp_15774.json,2026-05-25T02:06:08.653498,2026-06-02T23:12:59.001497,v0.7.0+
rp,/Volumes/Samsam/Public/USIdata/gemma-inwestycje/kor-52-warszawa-okecie/usi_rp_16487.json,2026-05-25T02:06:08.641959,2026-06-02T23:12:58.956094,v0.7.0+
rp,/Volumes/Samsam/Public/USIdata/gemma-inwestycje/mozaika-piaseczynski-zgorzala/usi_rp_12434.json,2026-05-25T02:06:08.645557,2026-06-02T23:12:58.983272,v0.7.0+
oto,/Volumes/Samsam/Public/USIdata/geremka-inwestycja-spolka-z-ograniczona-odpowiedzialnoscia/geremka-inwestycja/usi_oto_4sNn9.json,2026-05-25T02:06:08.637847,2026-05-25T02:06:08.637848,v0.7.0+
oto,/Volumes/Samsam/Public/USIdata/get-house-qjp-inwestycje-sp-z-o-o-sp-k/ekopark-miedzyn/usi_oto_4lCB2.json,2026-05-25T02:06:08.633418,2026-05-25T02:06:08.633419,v0.7.0+
oto,/Volumes/Samsam/Public/USIdata/getmar/botanic-park/usi_oto_4dbBg.json,2026-05-25T02:06:08.621310,2026-05-25T02:06:08.621313,v0.7.0+
oto,/Volumes/Samsam/Public/USIdata/getmar/domy-dabrowa/usi_oto_4j3sO.json,2026-05-25T02:06:08.630404,2026-05-25T02:06:08.630406,v0.7.0+
rp,/Volumes/Samsam/Public/USIdata/gevi-sp-z-o-o/osiedle-milestone-warszawa-brzeziny/usi_rp_17395.json,2026-05-25T02:06:08.617430,2026-06-02T23:12:58.810174,v0.7.0+
rp,/Volumes/Samsam/Public/USIdata/ggw-development/osiedle-bojerowa-etap-ii-poznan-kiekrz/usi_rp_14854.json,2026-05-25T02:06:08.601779,2026-06-02T23:12:58.762416,v0.7.0+
rp,/Volumes/Samsam/Public/USIdata/ggw-development/osiedle-hawelanska-etap-iii-bud-a-poznan-stare-winogrady/usi_rp_17461.json,2026-05-25T02:06:08.605544,2026-06-02T23:12:58.771787,v0.7.0+
rp,/Volumes/Samsam/Public/USIdata/ggw-development/osiedle-hawelanska-etap-iii-bud-b-poznan-stare-winogrady/usi_rp_17462.json,2026-05-25T02:06:08.608437,2026-06-02T23:12:58.779985,v0.7.0+
rp,/Volumes/Samsam/Public/USIdata/ggw-development/osiedle-hawelanska-etap-iii-poznan-stare-winogrady/usi_rp_14860.json,2026-05-25T02:06:08.611497,2026-06-02T23:12:58.787200,v0.7.0+
oto,/Volumes/Samsam/Public/USIdata/ggw-winogrady/osiedle-hawelanska-iii/usi_oto_4udV9.json,2026-05-25T02:06:08.597853,2026-05-25T02:06:08.597854,v0.7.0+
oto,/Volumes/Samsam/Public/USIdata/gh-development/ale-ken/usi_oto_4yLND.json,2026-05-25T02:06:08.548977,2026-05-25T02:06:08.548979,v0.7.0+
oto,/Volumes/Samsam/Public/USIdata/gh-development/livin-praga/usi_oto_4mASf.json,2026-05-25T02:06:08.553394,2026-05-25T02:06:08.553395,v0.7.0+
oto,/Volumes/Samsam/Public/USIdata/gh-development/marimonte/usi_oto_4xBex.json,2026-05-25T02:06:08.560329,2026-05-25T02:06:08.560331,v0.7.0+
rp,/Volumes/Samsam/Public/USIdata/gh-development/marimonte-apartamenty-inwestycyjne-warszawa-marymont-kaskada/usi_rp_18907.json,2026-05-25T02:06:08.563905,2026-06-02T23:12:58.678826,v0.7.0+
oto,/Volumes/Samsam/Public/USIdata/gh-development/museo/usi_oto_4zg4v.json,2026-05-25T02:06:08.569679,2026-05-25T02:06:08.569680,v0.7.0+
oto,/Volumes/Samsam/Public/USIdata/gh-development/orzechowa/usi_oto_4oaEI.json,2026-05-25T02:06:08.575833,2026-05-25T02:06:08.575834,v0.7.0+
oto,/Volumes/Samsam/Public/USIdata/gh-development/orzechowa-2/usi_oto_4Ah6V.json,2026-05-25T02:06:08.579237,2026-05-25T02:06:08.579238,v0.7.0+
to,/Volumes/Samsam/Public/USIdata/gh-development/orzechowa-2-orzechowa-1-warszawa-wlochy-okecie-mieszkania-na-sprzedaz/usi_to_9189517.json,2026-05-25T02:04:59.749785,2026-05-25T02:04:59.749787,v0.7.0+
rp,/Volumes/Samsam/Public/USIdata/gh-development/orzechowa-warszawa-rakow/usi_rp_16507.json,2026-05-25T02:06:08.587228,2026-06-02T23:12:58.742670,v0.7.0+
oto,/Volumes/Samsam/Public/USIdata/gh-development/vista-wawer/usi_oto_4rkSo.json,2026-05-25T02:06:08.591246,2026-05-25T02:06:08.591248,v0.7.0+
rp,/Volumes/Samsam/Public/USIdata/ghelamco-poland-sp-z-oo/groen-konstancin-konstancin-jeziorna/usi_rp_17171.json,2026-05-25T02:06:08.537274,2026-06-02T23:12:58.519845,v0.7.0+
rp,/Volumes/Samsam/Public/USIdata/gk-plus/konstantynowska-garden-lodz-zdrowie-mania/usi_rp_15206.json,2026-05-25T02:06:08.529658,2026-06-02T23:12:58.503312,v0.7.0+
oto,/Volumes/Samsam/Public/USIdata/glam-development-sp-z-o-o/rubinowa-park/usi_oto_4qjWN.json,2026-05-25T02:06:08.525351,2026-05-25T02:06:08.525352,v0.7.0+
rp,/Volumes/Samsam/Public/USIdata/global-company-sp-z-oo/apartamenty-widok-wloszczowa/usi_rp_15385.json,2026-05-25T02:06:08.522228,2026-06-02T23:12:58.494925,v0.7.0+
oto,/Volumes/Samsam/Public/USIdata/globet-kostka-brukowa-janusz-szkaradek/mieszkania-energooszczedne-miejsce-postojowe/usi_oto_4oO3o.json,2026-05-25T02:06:08.514895,2026-05-25T02:06:08.514896,v0.7.0+
oto,/Volumes/Samsam/Public/USIdata/globet-kostka-brukowa-janusz-szkaradek/mieszkania-energooszczedne-ul-axentowicza-parking/usi_oto_4qKGq.json,2026-05-25T02:06:08.519342,2026-05-25T02:06:08.519344,v0.7.0+
oto,/Volumes/Samsam/Public/USIdata/gn-group-t5-sp-z-o-o/taczaka-5/usi_oto_4pRMU.json,2026-05-25T02:06:08.505707,2026-05-25T02:06:08.505709,v0.7.0+
oto,/Volumes/Samsam/Public/USIdata/gold-house-sp-z-o-o/nova-lipowa/usi_oto_4uGiF.json,2026-05-25T02:06:08.500822,2026-05-25T02:06:08.500824,v0.7.0+
oto,/Volumes/Samsam/Public/USIdata/golden-invest-sp-z-o-o/nowe-mieszkania-3-pokojowe-osiedle-nowy-uskorz/usi_oto_4zZf2.json,2026-05-25T02:06:08.495782,2026-05-25T02:06:08.495785,v0.7.0+
oto,/Volumes/Samsam/Public/USIdata/golden-lion/enklawa-natury/usi_oto_4zEdX.json,2026-05-25T02:06:08.486029,2026-05-25T02:06:08.486030,v0.7.0+
oto,/Volumes/Samsam/Public/USIdata/golden-lion/enklawa-natury-w-parku-lesnym-lublinek-pienista/usi_oto_4tkhP.json,2026-05-25T02:06:08.492256,2026-05-25T02:06:08.492257,v0.7.0+
rp,/Volumes/Samsam/Public/USIdata/golden-lion-development/enklawa-natury-lodz-lublinek-pienista/usi_rp_17828.json,2026-05-25T02:06:08.481700,2026-06-02T23:12:58.459066,v0.7.0+
oto,/Volumes/Samsam/Public/USIdata/golden-sp-z-o-o/apartamenty-zornicka/usi_oto_4sBRS.json,2026-05-25T02:06:08.475204,2026-05-25T02:06:08.475206,v0.7.0+
oto,/Volumes/Samsam/Public/USIdata/goldhouse-sp-z-o-o/zabielska-11-warszawa-os-las/usi_oto_4hhv2.json,2026-05-25T02:06:08.470352,2026-05-25T02:06:08.470354,v0.7.0+
oto,/Volumes/Samsam/Public/USIdata/goldmar/portnova-elblag/usi_oto_4vJPi.json,2026-05-25T02:06:08.465523,2026-05-25T02:06:08.465524,v0.7.0+
oto,/Volumes/Samsam/Public/USIdata/gomiko/apartamenty-smigielska/usi_oto_4xWeU.json,2026-05-25T02:06:08.456109,2026-05-25T02:06:08.456111,v0.7.0+
oto,/Volumes/Samsam/Public/USIdata/gomiko/nova-goraszka/usi_oto_4vzqR.json,2026-05-25T02:04:59.739130,2026-05-25T02:04:59.739132,v0.7.0+
oto,/Volumes/Samsam/Public/USIdata/gomiko/vilanovia-park/usi_oto_4vO3N.json,2026-05-25T02:06:08.461460,2026-05-25T02:06:08.461462,v0.7.0+
oto,/Volumes/Samsam/Public/USIdata/good-home-inwest-sp-z-o-o/osiedle-szmaragdowe/usi_oto_4tBEt.json,2026-05-25T02:06:08.450339,2026-05-25T02:06:08.450340,v0.7.0+
oto,/Volumes/Samsam/Public/USIdata/gor-pis/sikorskiego-33/usi_oto_68056653.json,2026-06-02T11:03:48.964289,2026-06-02T11:03:49.428797,v0.7.0+
oto,/Volumes/Samsam/Public/USIdata/goral-development/zabki-ul-pilsudskiego-116a/usi_oto_68056592.json,2026-06-02T11:03:50.113245,2026-06-02T11:03:50.499639,v0.7.0+
oto,/Volumes/Samsam/Public/USIdata/gorna-spolka-jawna-graczykowski-sikorska/osiedle-gorna-w-plocku/usi_oto_4zsF6.json,2026-05-25T02:06:08.443584,2026-05-25T02:06:08.443586,v0.7.0+
oto,/Volumes/Samsam/Public/USIdata/gosk-development-sp-z-o-o/wislany-zakatek/usi_oto_4se5x.json,2026-05-25T02:06:08.438467,2026-05-25T02:06:08.438468,v0.7.0+
oto,/Volumes/Samsam/Public/USIdata/gpec-serwis-sp-z-o-o/kamienica-zamkowa/usi_oto_4nC2l.json,2026-05-25T02:06:08.434683,2026-05-25T02:06:08.434685,v0.7.0+
oto,/Volumes/Samsam/Public/USIdata/gpi-centrum-poludniowe/nowe-centrum-poludniowe/usi_oto_4sxUQ.json,2026-05-25T02:06:08.430063,2026-05-25T02:06:08.430066,v0.7.0+
oto,/Volumes/Samsam/Public/USIdata/gradi-invest/apartamenty-central-park/usi_oto_4zmgQ.json,2026-05-25T02:06:08.420485,2026-05-25T02:06:08.420487,v0.7.0+
oto,/Volumes/Samsam/Public/USIdata/grand-estate-development/osiedle-lodowa-aleja-etap-ii/usi_oto_4qJ1Y.json,2026-05-25T02:06:08.415049,2026-05-25T02:06:08.415051,v0.7.0+
oto,/Volumes/Samsam/Public/USIdata/grand-lubicz-apartments/grand-lubicz-apartments/usi_oto_4ssR8.json,2026-05-25T02:06:08.410471,2026-05-25T02:06:08.410472,v0.7.0+
oto,/Volumes/Samsam/Public/USIdata/granit-s-a/jasieny/usi_oto_4phzC.json,2026-05-25T02:06:08.398485,2026-05-25T02:06:08.398486,v0.7.0+
oto,/Volumes/Samsam/Public/USIdata/granit-sa/chelmska-gora-i-chelmska-gora-etap-ii/usi_oto_4yy4M.json,2026-05-25T02:06:08.377768,2026-05-25T02:06:08.377769,v0.7.0+
rp,/Volumes/Samsam/Public/USIdata/granit-sa/chelmska-gora-koszalin/usi_rp_17105.json,2026-05-25T02:06:08.381646,2026-06-02T23:12:58.157707,v0.7.0+
oto,/Volumes/Samsam/Public/USIdata/granit-sa/fale-baltyku-krzysztof-kolumb-ab/usi_oto_4gLKP.json,2026-05-25T02:06:08.384702,2026-05-25T02:06:08.384703,v0.7.0+
oto,/Volumes/Samsam/Public/USIdata/granit-sa/fale-baltyku-krzysztof-kolumb-c/usi_oto_4l7CE.json,2026-05-25T02:06:08.388851,2026-05-25T02:06:08.388854,v0.7.0+
oto,/Volumes/Samsam/Public/USIdata/granit-sa/wilenska-park/usi_oto_4kGh5.json,2026-05-25T02:06:08.392936,2026-05-25T02:06:08.392938,v0.7.0+
rp,/Volumes/Samsam/Public/USIdata/granit-sa/wilenska-park-slupsk/usi_rp_15918.json,2026-05-25T02:06:08.395733,2026-06-02T23:12:58.286522,v0.7.0+
to,/Volumes/Samsam/Public/USIdata/granite-investment/warszawskie-wzgorze-warszawska-141-kielce-szydlowek-mieszkania-na-sprzedaz/usi_to_9201076.json,2026-05-25T02:04:59.731831,2026-05-25T02:04:59.731833,v0.7.0+
oto,/Volumes/Samsam/Public/USIdata/grant-nieruchomosci/inwestycja-legnica/usi_oto_68038408.json,2026-06-02T11:04:08.882234,2026-06-02T11:04:09.334198,v0.7.0+
rp,/Volumes/Samsam/Public/USIdata/graz-deweloper/gruszkowy-zakatek-policki-wolczkowo/usi_rp_17287.json,2026-05-25T02:06:08.362242,2026-06-02T23:12:58.120865,v0.7.0+
rp,/Volumes/Samsam/Public/USIdata/graz-deweloper/osiedle-dabrowki-ii-szczecin-centrum/usi_rp_16443.json,2026-05-25T02:06:08.366004,2026-06-02T23:12:58.128367,v0.7.0+
rp,/Volumes/Samsam/Public/USIdata/graz-deweloper/osiedle-dabrowki-szczecin-polnoc-stolczyn/usi_rp_3772.json,2026-05-25T02:06:08.369570,2026-06-02T23:12:58.138746,v0.7.0+
rp,/Volumes/Samsam/Public/USIdata/graz-deweloper/osiedle-gruszkowe-policki-wolczkowo/usi_rp_15803.json,2026-05-25T02:06:08.372136,2026-06-02T23:12:58.144331,v0.7.0+
rp,/Volumes/Samsam/Public/USIdata/graz-deweloper/osiedle-pod-lasem-policki-bezrzecze/usi_rp_15804.json,2026-05-25T02:06:08.374656,2026-06-02T23:12:58.150256,v0.7.0+
rp,/Volumes/Samsam/Public/USIdata/green-home-development/nowe-krzyzowice-ii-wroclawski-krzyzowice/usi_rp_18237.json,2026-05-25T02:06:08.358097,2026-06-02T23:12:58.112795,v0.7.0+
rp,/Volumes/Samsam/Public/USIdata/green-house-development/art-garden-wilanow-warszawa-blonia-wilanowskie/usi_rp_14370.json,2026-05-25T02:06:08.333971,2026-06-02T23:12:57.927753,v0.7.0+
rp,/Volumes/Samsam/Public/USIdata/green-house-development/hampton-residence-wilanow-warszawa-wilanow-blonia-wilanowskie/usi_rp_10692.json,2026-05-25T02:06:08.339075,2026-06-02T23:12:58.058307,v0.7.0+
oto,/Volumes/Samsam/Public/USIdata/green-house-development/royal-garden-wilanow/usi_oto_4B7pm.json,2026-05-25T02:06:08.343090,2026-05-25T02:06:08.343091,v0.7.0+
oto,/Volumes/Samsam/Public/USIdata/green-house-development/royal-garden-wilanow/usi_oto_67951960.json,2026-05-25T02:06:08.343090,2026-06-02T11:05:00.835099,v0.7.0+
oto,/Volumes/Samsam/Public/USIdata/green-park-resort/green-park-resort-ii-szklarska-poreba/usi_oto_4lulo.json,2026-05-25T02:04:59.719941,2026-05-25T02:04:59.719947,v0.7.0+
rp,/Volumes/Samsam/Public/USIdata/green-park-resort/green-park-resort-ii-szklarska-poreba/usi_rp_16046.json,2026-05-25T02:06:08.318693,2026-06-02T23:12:57.766091,v0.7.0+
oto,/Volumes/Samsam/Public/USIdata/green-park-resort/green-park-resort-iii/usi_oto_4zoS2.json,2026-05-25T02:06:08.322708,2026-05-25T02:06:08.322709,v0.7.0+
to,/Volumes/Samsam/Public/USIdata/green-park-resort/green-park-resort-iii-wolnosci-14-szklarska-poreba-mieszkania-na-sprzedaz/usi_to_9213167.json,2026-05-25T02:04:59.726293,2026-05-25T02:04:59.726295,v0.7.0+
oto,/Volumes/Samsam/Public/USIdata/green-park-sp-z-o-o/wolskiej-park/usi_oto_4pTzH.json,2026-05-25T02:06:08.313229,2026-05-25T02:06:08.313230,v0.7.0+
oto,/Volumes/Samsam/Public/USIdata/green-town-development/essa-kliny/usi_oto_4yymn.json,2026-05-25T02:06:08.308762,2026-05-25T02:06:08.308763,v0.7.0+
rp,/Volumes/Samsam/Public/USIdata/green-view-sp-z-oo/apartamenty-przy-wietrzni-kielce/usi_rp_16835.json,2026-05-25T02:06:08.295182,2026-06-02T23:12:57.736048,v0.7.0+
oto,/Volumes/Samsam/Public/USIdata/greenbud-development/os-barwne-domy-w-zabudowie-blizniaczej-i-szeregowej/usi_oto_4yhPJ.json,2026-05-25T02:04:59.703194,2026-05-25T02:04:59.703196,v0.7.0+
oto,/Volumes/Samsam/Public/USIdata/greenbud-development/osiedle-barwne-dom-83-7m2/usi_oto_4yhPJ.json,2026-05-25T02:06:08.286722,2026-05-25T02:06:08.286723,v0.7.0+
rp,/Volumes/Samsam/Public/USIdata/greenbud-development/osiedle-barwne-i-poznanski-rabowice/usi_rp_20382.json,2026-06-02T10:52:52.309005,2026-06-02T23:12:57.720570,v0.7.0+
rp,/Volumes/Samsam/Public/USIdata/greenbud-development/zielone-rabowice-ii-poznanski-rabowice/usi_rp_14283.json,2026-05-25T02:06:08.291419,2026-06-02T23:12:57.728006,v0.7.0+
oto,/Volumes/Samsam/Public/USIdata/greenbud-nieruchomosci-sp-z-o-o/os-zielone-rabowice-domy-w-zabudowie-blizniaczej/usi_oto_46xp0.json,2026-05-25T02:04:59.701420,2026-05-25T02:04:59.701422,v0.7.0+
rp,/Volumes/Samsam/Public/USIdata/greenwood-i/greenwood-park-warszawa-stara-milosna/usi_rp_19502.json,2026-05-25T02:06:08.281915,2026-06-02T23:12:57.712457,v0.7.0+
oto,/Volumes/Samsam/Public/USIdata/greenwood-ii/greenwood-park/usi_oto_4ycII.json,2026-05-25T02:06:08.271959,2026-05-25T02:06:08.271962,v0.7.0+
oto,/Volumes/Samsam/Public/USIdata/grembud-sp-z-o-o/apartamenty-czestochowska/usi_oto_4zwBL.json,2026-05-25T02:06:08.267181,2026-05-25T02:06:08.267183,v0.7.0+
rp,/Volumes/Samsam/Public/USIdata/greszta-sp-z-oo/lubkovo-pucki-lubkowo/usi_rp_18118.json,2026-05-25T02:06:08.244640,2026-06-02T23:12:57.682948,v0.7.0+
rp,/Volumes/Samsam/Public/USIdata/grimbud/apartamenty-pradnik-krakow-pradnik-bialy/usi_rp_14303.json,2026-05-25T02:06:08.226349,2026-06-02T23:12:57.516963,v0.7.0+
rp,/Volumes/Samsam/Public/USIdata/grimbud/central-point-co-living-krakow-pradnik-bialy/usi_rp_14095.json,2026-05-25T02:06:08.233825,2026-06-02T23:12:57.667461,v0.7.0+
oto,/Volumes/Samsam/Public/USIdata/grimbud/osiedle-jozefowska/usi_oto_4u8Rf.json,2026-05-25T02:06:08.236731,2026-05-25T02:06:08.236733,v0.7.0+
rp,/Volumes/Samsam/Public/USIdata/grk-nova-wychowalek-i-wspolnicy/szkolna-nowe-sady-piotrkow-trybunalski/usi_rp_15201.json,2026-05-25T02:06:08.222615,2026-06-02T23:12:57.508099,v0.7.0+
oto,/Volumes/Samsam/Public/USIdata/grochowska-sp-z-o-o-sp-k/kamienica-grochowska-353/usi_oto_4A6Z6.json,2026-05-25T02:06:08.218400,2026-05-25T02:06:08.218401,v0.7.0+
rp,/Volumes/Samsam/Public/USIdata/grodzki-development/apartamenty-loftec-elk/usi_rp_15614.json,2026-05-25T02:06:08.211781,2026-06-02T23:12:57.440528,v0.7.0+
oto,/Volumes/Samsam/Public/USIdata/gromadzka-57-sp-z-o-o-spolka-jawna/gromadzka-57/usi_oto_4AfpX.json,2026-05-25T02:06:08.201993,2026-05-25T02:06:08.201998,v0.7.0+
rp,/Volumes/Samsam/Public/USIdata/groupa-scotia-sp-z-oo/aura-park-sochaczew-sochaczewski-sochaczew/usi_rp_13204.json,2026-05-25T02:06:08.189662,2026-06-02T23:12:57.411250,v0.7.0+
rp,/Volumes/Samsam/Public/USIdata/groupa-scotia-sp-z-oo/osiedle-szwanke-ciechanowski-ciechanow/usi_rp_13199.json,2026-05-25T02:06:08.198020,2026-06-02T23:12:57.425012,v0.7.0+
rp,/Volumes/Samsam/Public/USIdata/grupa-3-invest-sp-z-oo/apartamenty-parkowe-bielsko-biala/usi_rp_18889.json,2026-05-25T02:06:08.186395,2026-06-02T23:12:57.403136,v0.7.0+
rp,/Volumes/Samsam/Public/USIdata/grupa-akropol-inwestycje/kamionki-ul-spacerowa-poznanski-kamionki/usi_rp_18693.json,2026-05-25T02:06:08.157983,2026-06-02T23:12:57.334219,v0.7.0+
rp,/Volumes/Samsam/Public/USIdata/grupa-akropol-inwestycje/koninko-ul-radiowa-poznanski-koninko/usi_rp_18691.json,2026-05-25T02:06:08.165911,2026-06-02T23:12:57.355577,v0.7.0+
rp,/Volumes/Samsam/Public/USIdata/grupa-akropol-inwestycje/osiedle-jesionowe-w-biedrusku-etap-ii-poznanski-biedrusko/usi_rp_18694.json,2026-05-25T02:06:08.168493,2026-06-02T23:12:57.363980,v0.7.0+
rp,/Volumes/Samsam/Public/USIdata/grupa-akropol-inwestycje/osiedle-jesionowe-w-biedrusku-etap-iii-poznanski-biedrusko/usi_rp_18695.json,2026-05-25T02:06:08.171149,2026-06-02T23:12:57.369712,v0.7.0+
rp,/Volumes/Samsam/Public/USIdata/grupa-akropol-inwestycje/osiedle-przy-folwarku-etap-iv-i-v-policki-skarbimierzyce/usi_rp_14670.json,2026-05-25T02:06:08.174297,2026-06-02T23:12:57.377809,v0.7.0+
rp,/Volumes/Samsam/Public/USIdata/grupa-akropol-inwestycje/osiedle-skarbimierzyce-policki-skarbimierzyce/usi_rp_18524.json,2026-05-25T02:06:08.178037,2026-06-02T23:12:57.385069,v0.7.0+
rp,/Volumes/Samsam/Public/USIdata/grupa-akropol-inwestycje/zlotniki-ul-sloneczna-poznanski-zlotniki/usi_rp_18689.json,2026-05-25T02:06:08.181897,2026-06-02T23:12:57.394304,v0.7.0+
oto,/Volumes/Samsam/Public/USIdata/grupa-arkada/alchemik/usi_oto_4iiDO.json,2026-05-25T02:06:08.146598,2026-05-25T02:06:08.146599,v0.7.0+
rp,/Volumes/Samsam/Public/USIdata/grupa-arkada/alchemik74-lokale-uzytkowe-krakow-podgorze/usi_rp_15467.json,2026-05-25T02:06:08.154716,2026-06-02T23:12:57.308668,v0.7.0+
oto,/Volumes/Samsam/Public/USIdata/grupa-beskid-spolka-z-ograniczona-odpowiedzialnoscia/manufaktura-grossa/usi_oto_4p16k.json,2026-05-25T02:06:08.142573,2026-05-25T02:06:08.142575,v0.7.0+
oto,/Volumes/Samsam/Public/USIdata/grupa-borys-deweloper-sp-z-o-o/osiedle-zacisze-nagawczyna/usi_oto_4tjiR.json,2026-05-25T02:06:08.138307,2026-05-25T02:06:08.138308,v0.7.0+
rp,/Volumes/Samsam/Public/USIdata/grupa-buma/dowoli-krakow/usi_rp_14160.json,2026-05-25T02:06:08.131205,2026-06-02T23:12:57.158659,v0.7.0+
rp,/Volumes/Samsam/Public/USIdata/grupa-deweloperska-start/nowy-horyzont-krakow-wzgorza-krzeslawickie/usi_rp_14194.json,2026-05-25T02:06:08.120347,2026-06-02T23:12:57.135793,v0.7.0+
oto,/Volumes/Samsam/Public/USIdata/grupa-fibra-sp-z-o-o/osiedle-zamyslow/usi_oto_4tEtO.json,2026-05-25T02:06:08.106695,2026-05-25T02:06:08.106697,v0.7.0+
oto,/Volumes/Samsam/Public/USIdata/grupa-inbud-bielsko-sp-z-o-o-sp-k/apartamenty-kopernika/usi_oto_4v3bt.json,2026-05-25T02:06:08.095475,2026-05-25T02:06:08.095477,v0.7.0+
oto,/Volumes/Samsam/Public/USIdata/grupa-inbud-bielsko-sp-z-o-o-sp-k/apartamenty-medykow-32/usi_oto_4nfSo.json,2026-05-25T02:06:08.099802,2026-05-25T02:06:08.099803,v0.7.0+
oto,/Volumes/Samsam/Public/USIdata/grupa-inwest/jasielska-8c/usi_oto_4ui39.json,2026-05-25T02:06:08.066287,2026-05-25T02:06:08.066289,v0.7.0+
oto,/Volumes/Samsam/Public/USIdata/grupa-inwest/osiedle-mateckiego-4all/usi_oto_4BkF9.json,2026-05-25T02:06:08.080994,2026-05-25T02:06:08.080995,v0.7.0+
oto,/Volumes/Samsam/Public/USIdata/grupa-inwest/osiedle-mateckiego-4all/usi_oto_68002911.json,2026-05-25T02:06:08.080994,2026-06-02T11:04:32.897080,v0.7.0+
rp,/Volumes/Samsam/Public/USIdata/grupa-inwest/osiedle-mateckiego-4all-poznan-piatkowo/usi_rp_20332.json,2026-05-25T02:06:08.084189,2026-06-02T23:12:57.092661,v0.7.0+
oto,/Volumes/Samsam/Public/USIdata/grupa-inwest/symfonia-ptasia-28/usi_oto_4ui3a.json,2026-05-25T02:06:08.088147,2026-05-25T02:06:08.088149,v0.7.0+
rp,/Volumes/Samsam/Public/USIdata/grupa-inwestycyjna-aion-sp-z-o-o/domy-na-dobre-ii-rumia/usi_rp_14671.json,2026-05-25T02:06:08.062066,2026-06-02T23:12:56.923777,v0.7.0+
rp,/Volumes/Samsam/Public/USIdata/grupa-inwestycyjna-hossa-sa/altoria-etap-i-gdynia-maly-kack/usi_rp_590.json,2026-05-25T02:06:07.994835,2026-06-02T23:12:56.778561,v0.7.0+
rp,/Volumes/Samsam/Public/USIdata/grupa-inwestycyjna-hossa-sa/avangard-apartamenty-gdansk-wrzeszcz/usi_rp_1769.json,2026-05-25T02:06:07.999451,2026-06-02T23:12:56.788180,v0.7.0+
rp,/Volumes/Samsam/Public/USIdata/grupa-inwestycyjna-hossa-sa/central-park-gdansk-piecki-migowo/usi_rp_589.json,2026-05-25T02:06:08.003040,2026-06-02T23:12:56.798493,v0.7.0+
rp,/Volumes/Samsam/Public/USIdata/grupa-inwestycyjna-hossa-sa/fort-forest-gdynia-chwarzno-wiczlino/usi_rp_591.json,2026-05-25T02:06:08.019709,2026-06-02T23:12:56.829086,v0.7.0+
rp,/Volumes/Samsam/Public/USIdata/grupa-inwestycyjna-hossa-sa/jasien-bulwary-gdansk-jasien/usi_rp_7655.json,2026-05-25T02:06:08.027133,2026-06-02T23:12:56.844869,v0.7.0+
rp,/Volumes/Samsam/Public/USIdata/grupa-inwestycyjna-hossa-sa/patio-rozy-gdynia-chwarzno-wiczlino/usi_rp_594.json,2026-05-25T02:06:08.033290,2026-06-02T23:12:56.860640,v0.7.0+
rp,/Volumes/Samsam/Public/USIdata/grupa-inwestycyjna-hossa-sa/plac-unii-gdynia-srodmiescie/usi_rp_10264.json,2026-05-25T02:06:08.036301,2026-06-02T23:12:56.868962,v0.7.0+
rp,/Volumes/Samsam/Public/USIdata/grupa-inwestycyjna-hossa-sa/sokolka-zielenisz-gdynia-chwarzno-wiczlino/usi_rp_595.json,2026-05-25T02:06:08.044409,2026-06-02T23:12:56.885514,v0.7.0+
rp,/Volumes/Samsam/Public/USIdata/grupa-inwestycyjna-hossa-sa/wiczlino-ogrod-gdynia-chwarzno-wiczlino/usi_rp_596.json,2026-05-25T02:06:08.055382,2026-06-02T23:12:56.908347,v0.7.0+
rp,/Volumes/Samsam/Public/USIdata/grupa-inwestycyjna-hossa-sa/wiszace-ogrody-gdansk-jasien/usi_rp_18289.json,2026-05-25T02:06:08.058874,2026-06-02T23:12:56.916797,v0.7.0+
oto,/Volumes/Samsam/Public/USIdata/grupa-kapitalowa-matbud-development-sp-z-o-o/andersa-3/usi_oto_4yHfS.json,2026-05-25T02:06:07.991451,2026-05-25T02:06:07.991453,v0.7.0+
oto,/Volumes/Samsam/Public/USIdata/grupa-konkret/folwark-jankowice/usi_oto_4tekn.json,2026-05-25T02:06:07.986902,2026-05-25T02:06:07.986904,v0.7.0+
rp,/Volumes/Samsam/Public/USIdata/grupa-mdm-sp-z-oo/dobry-poranek-otwocki-wiazowna/usi_rp_18504.json,2026-05-25T02:04:59.685255,2026-06-02T23:12:56.706050,v0.7.0+
rp,/Volumes/Samsam/Public/USIdata/grupa-moderator/avia-d-bydgoszcz/usi_rp_16483.json,2026-05-25T02:06:07.913381,2026-06-02T23:12:56.565959,v0.7.0+
rp,/Volumes/Samsam/Public/USIdata/grupa-moderator/balantia-bydgoski-niemcz/usi_rp_15927.json,2026-05-25T02:06:07.916576,2026-06-02T23:12:56.573666,v0.7.0+
rp,/Volumes/Samsam/Public/USIdata/grupa-moderator/ceramika-bydgoszcz/usi_rp_16546.json,2026-05-25T02:06:07.919460,2026-06-02T23:12:56.582025,v0.7.0+
rp,/Volumes/Samsam/Public/USIdata/grupa-moderator/industria-budynek-e-bydgoszcz/usi_rp_15414.json,2026-05-25T02:06:07.922704,2026-06-02T23:12:56.591296,v0.7.0+
rp,/Volumes/Samsam/Public/USIdata/grupa-moderator/industria-bydgoszcz/usi_rp_11578.json,2026-05-25T02:06:07.926468,2026-06-02T23:12:56.600479,v0.7.0+
rp,/Volumes/Samsam/Public/USIdata/grupa-moderator/industria-dworzec-bydgoszcz/usi_rp_14113.json,2026-05-25T02:06:07.930462,2026-06-02T23:12:56.608986,v0.7.0+
rp,/Volumes/Samsam/Public/USIdata/grupa-moderator/industria-etap-b-bydgoszcz/usi_rp_13618.json,2026-05-25T02:06:07.933730,2026-06-02T23:12:56.616534,v0.7.0+
rp,/Volumes/Samsam/Public/USIdata/grupa-moderator/industria-etap-c-i-d-bydgoszcz/usi_rp_14080.json,2026-05-25T02:06:07.936934,2026-06-02T23:12:56.625960,v0.7.0+
rp,/Volumes/Samsam/Public/USIdata/grupa-moderator/industria-etap-i-b-bydgoszcz-bocianowo-srodmiescie-stare-miasto/usi_rp_19447.json,2026-05-25T02:06:07.939893,2026-06-02T23:12:56.635366,v0.7.0+
rp,/Volumes/Samsam/Public/USIdata/grupa-moderator/industria-etap-i-d-bydgoszcz/usi_rp_17669.json,2026-05-25T02:06:07.942786,2026-06-02T23:12:56.642808,v0.7.0+
rp,/Volumes/Samsam/Public/USIdata/grupa-moderator/leszczynskiego-park-ii-etap-bydgoszcz/usi_rp_11579.json,2026-05-25T02:06:07.945876,2026-06-02T23:12:56.651821,v0.7.0+
rp,/Volumes/Samsam/Public/USIdata/grupa-moderator/mcity-bydgoszcz-bydgoszcz-wschod-siernieczek/usi_rp_20365.json,2026-05-25T02:06:07.948733,2026-06-02T23:12:56.661617,v0.7.0+
rp,/Volumes/Samsam/Public/USIdata/grupa-moderator/osiedle-symfonia-bydgoszcz/usi_rp_14633.json,2026-05-25T02:06:07.952056,2026-06-02T23:12:56.670410,v0.7.0+
rp,/Volumes/Samsam/Public/USIdata/grupa-moderator/park-leszczynskiego-bydgoszcz/usi_rp_9320.json,2026-05-25T02:06:07.954980,2026-06-02T23:12:56.677797,v0.7.0+
rp,/Volumes/Samsam/Public/USIdata/grupa-moderator/symfonia-chodkiewicza-9-bydgoszcz/usi_rp_18530.json,2026-05-25T02:06:07.958559,2026-06-02T23:12:56.687327,v0.7.0+
oto,/Volumes/Samsam/Public/USIdata/grupa-orion-investment-s-a/zodiak/usi_oto_4xqjV.json,2026-05-25T02:06:07.905066,2026-05-25T02:06:07.905068,v0.7.0+
rp,/Volumes/Samsam/Public/USIdata/grupa-park/park-domaszczyn-2-etap-3-wroclawski-szczodre/usi_rp_15801.json,2026-05-25T02:06:07.889129,2026-06-02T23:12:56.516768,v0.7.0+
rp,/Volumes/Samsam/Public/USIdata/grupa-park/park-domaszczyn-2-etap-4-wroclawski-domaszczyn/usi_rp_17393.json,2026-05-25T02:06:07.893847,2026-06-02T23:12:56.524095,v0.7.0+
rp,/Volumes/Samsam/Public/USIdata/grupa-park/park-domaszczyn-2-wroclawski-domaszczyn/usi_rp_12030.json,2026-05-25T02:06:07.896768,2026-06-02T23:12:56.532067,v0.7.0+
rp,/Volumes/Samsam/Public/USIdata/grupa-park/park-wojszyce-iv-wroclaw-wojszyce/usi_rp_14306.json,2026-05-25T02:06:07.899738,2026-06-02T23:12:56.538561,v0.7.0+
rp,/Volumes/Samsam/Public/USIdata/grupa-park/park-wysoka-wroclawski-wysoka/usi_rp_16342.json,2026-05-25T02:06:07.902388,2026-06-02T23:12:56.546880,v0.7.0+
oto,/Volumes/Samsam/Public/USIdata/grupa-partner/nadolnik-compact-apartments/usi_oto_45iR1.json,2026-05-25T02:06:07.880059,2026-05-25T02:06:07.880060,v0.7.0+
oto,/Volumes/Samsam/Public/USIdata/grupa-partner/przystan-warta/usi_oto_4fQUa.json,2026-05-25T02:06:07.884626,2026-05-25T02:06:07.884628,v0.7.0+
oto,/Volumes/Samsam/Public/USIdata/grupa-pk-sp-z-o-o/osiedle-poniatow-zielony/usi_oto_4tH2W.json,2026-05-25T02:06:07.876379,2026-05-25T02:06:07.876381,v0.7.0+
rp,/Volumes/Samsam/Public/USIdata/grupa-proins/przewoz-6-krakow-podgorze/usi_rp_13611.json,2026-05-25T02:06:07.873614,2026-06-02T23:12:56.508848,v0.7.0+
oto,/Volumes/Samsam/Public/USIdata/grupa-robyg-lodz/lira-house/usi_oto_4zTfY.json,2026-05-25T02:06:07.859466,2026-05-25T02:06:07.859468,v0.7.0+
oto,/Volumes/Samsam/Public/USIdata/grupa-scotia-spolka-z-ograniczona-odpowiedzialnoscia-spolka-komandytowa/enklawa-milanowek/usi_oto_4qfsC.json,2026-05-25T02:06:07.847343,2026-05-25T02:06:07.847344,v0.7.0+
oto,/Volumes/Samsam/Public/USIdata/grupa-scotia-spolka-z-ograniczona-odpowiedzialnoscia-spolka-komandytowa/enklawa-plonsk/usi_oto_468Io.json,2026-05-25T02:06:07.852102,2026-05-25T02:06:07.852104,v0.7.0+
oto,/Volumes/Samsam/Public/USIdata/grupa-scotia-spolka-z-ograniczona-odpowiedzialnoscia-spolka-komandytowa/nova-jasna-plonsk/usi_oto_41SQs.json,2026-05-25T02:06:07.856153,2026-05-25T02:06:07.856154,v0.7.0+
oto,/Volumes/Samsam/Public/USIdata/grupa-szymbud-sp-z-o-o-sp-j/apartamenty-na-helu/usi_oto_4qKSx.json,2026-05-25T02:06:07.833547,2026-05-25T02:06:07.833549,v0.7.0+
oto,/Volumes/Samsam/Public/USIdata/grupa-szymbud-sp-z-o-o-sp-j/galeria-handlowo-uslugowa-koniecpol/usi_oto_4rYQM.json,2026-05-25T02:06:07.839814,2026-05-25T02:06:07.839815,v0.7.0+
oto,/Volumes/Samsam/Public/USIdata/grupa-szymbud-sp-z-o-o-sp-j/przystanek-bielska/usi_oto_4sEKB.json,2026-05-25T02:06:07.843711,2026-05-25T02:06:07.843713,v0.7.0+
rp,/Volumes/Samsam/Public/USIdata/grupa-tom-nieruchomosci/linea-mare-apartamenty-inwestycyjne-gryficki-pobierowo/usi_rp_18920.json,2026-05-25T02:06:07.826028,2026-06-02T23:12:56.461410,v0.7.0+
rp,/Volumes/Samsam/Public/USIdata/grupa-tom-nieruchomosci/linea-mare-mrzezyno-gryficki-mrzezyno/usi_rp_19414.json,2026-05-25T02:06:07.830230,2026-06-02T23:12:56.469754,v0.7.0+
oto,/Volumes/Samsam/Public/USIdata/grupa-urba/sitowie/usi_oto_4ywLg.json,2026-05-25T02:06:07.821475,2026-05-25T02:06:07.821478,v0.7.0+
rp,/Volumes/Samsam/Public/USIdata/grupa-victoria-dom/miasteczko-julianow-etap-2-piaseczynski-julianow/usi_rp_20209.json,2026-05-25T02:06:07.717976,2026-06-02T23:12:56.232166,v0.7.0+
rp,/Volumes/Samsam/Public/USIdata/grupa-victoria-dom/nova-viva-garden-3-warszawa-brzeziny/usi_rp_16089.json,2026-05-25T02:06:07.774129,2026-06-02T23:12:56.339263,v0.7.0+
rp,/Volumes/Samsam/Public/USIdata/grupa-victoria-dom/olchowy-park-v-warszawa-kobialka/usi_rp_17057.json,2026-05-25T02:06:07.802684,2026-06-02T23:12:56.415657,v0.7.0+
rp,/Volumes/Samsam/Public/USIdata/grupa-victoria-dom/olchowy-park-vi-warszawa-kobialka/usi_rp_16319.json,2026-05-25T02:06:07.805899,2026-06-02T23:12:56.423168,v0.7.0+
rp,/Volumes/Samsam/Public/USIdata/grupa-victoria-dom/piastova-osada-warszawa-golabki/usi_rp_19288.json,2026-05-25T02:06:07.817306,2026-06-02T23:12:56.452488,v0.7.0+
rp,/Volumes/Samsam/Public/USIdata/grupa-wawel-service/borkowska-b1-i-b2-krakow-debniki/usi_rp_4002.json,2026-05-25T02:06:07.569709,2026-06-02T23:12:55.841439,v0.7.0+
rp,/Volumes/Samsam/Public/USIdata/grupa-wawel-service/bytkowska-20-katowice/usi_rp_15634.json,2026-05-25T02:06:07.574352,2026-06-02T23:12:55.848506,v0.7.0+
rp,/Volumes/Samsam/Public/USIdata/grupa-wawel-service/bytkowska-40-katowice-welnowiec-jozefowiec/usi_rp_18985.json,2026-05-25T02:06:07.585329,2026-06-02T23:12:55.863806,v0.7.0+
rp,/Volumes/Samsam/Public/USIdata/grupa-wawel-service/dom-dla-kazdego-20-krakowski-zerwana/usi_rp_12291.json,2026-05-25T02:06:07.592239,2026-06-02T23:12:55.878537,v0.7.0+
rp,/Volumes/Samsam/Public/USIdata/grupa-wawel-service/halszki-28a-etap-ii-krakow-podgorze-duchackie/usi_rp_4001.json,2026-05-25T02:06:07.604305,2026-06-02T23:12:55.899567,v0.7.0+
rp,/Volumes/Samsam/Public/USIdata/grupa-wawel-service/klonowica-krakow-podgorze-duchackie/usi_rp_1322.json,2026-05-25T02:06:07.607307,2026-06-02T23:12:55.907827,v0.7.0+
rp,/Volumes/Samsam/Public/USIdata/grupa-wawel-service/lawendowa-krakow/usi_rp_10144.json,2026-05-25T02:06:07.619282,2026-06-02T23:12:55.932227,v0.7.0+
rp,/Volumes/Samsam/Public/USIdata/grupa-wawel-service/mieszkania-przy-ul-halszki-etap-iii-krakow-krowodrza/usi_rp_560.json,2026-05-25T02:06:07.638638,2026-06-02T23:12:55.988299,v0.7.0+
rp,/Volumes/Samsam/Public/USIdata/grupa-wawel-service/mokotow-residence-warszawa-mokotow-sluzew/usi_rp_6502.json,2026-05-25T02:06:07.650829,2026-06-02T23:12:56.019493,v0.7.0+
rp,/Volumes/Samsam/Public/USIdata/grupa-wawel-service/na-koszutce-katowice-zespol-dzielnic-srodmiejskich/usi_rp_15635.json,2026-05-25T02:06:07.662761,2026-06-02T23:12:56.095643,v0.7.0+
rp,/Volumes/Samsam/Public/USIdata/grupa-wawel-service/nova-wiosenna-krakow/usi_rp_14082.json,2026-05-25T02:06:07.666154,2026-06-02T23:12:56.101641,v0.7.0+
rp,/Volumes/Samsam/Public/USIdata/grupa-wawel-service/opolska-dom-przy-filharmonii-katowice-zespol-dzielnic-srodmiejskich/usi_rp_10658.json,2026-05-25T02:06:07.678126,2026-06-02T23:12:56.129215,v0.7.0+
rp,/Volumes/Samsam/Public/USIdata/grupa-wawel-service/wezyka-10-krakow-czyzyny/usi_rp_3993.json,2026-05-25T02:06:07.704666,2026-06-02T23:12:56.193784,v0.7.0+
rp,/Volumes/Samsam/Public/USIdata/grupa-wawel-service/zawila-krakow-debniki/usi_rp_4984.json,2026-05-25T02:06:07.712565,2026-06-02T23:12:56.216066,v0.7.0+
rp,/Volumes/Samsam/Public/USIdata/grupa-wawel-service/zielone-mogilany-krakowski-mogilany/usi_rp_15692.json,2026-05-25T02:06:07.715116,2026-06-02T23:12:56.224602,v0.7.0+
rp,/Volumes/Samsam/Public/USIdata/grupahello/hello-jasinskiego-czestochowa/usi_rp_15709.json,2026-05-25T02:06:07.547394,2026-06-02T23:12:55.798997,v0.7.0+
rp,/Volumes/Samsam/Public/USIdata/grupahello/hello-kukulki-sosnowiec/usi_rp_14286.json,2026-05-25T02:06:07.554550,2026-06-02T23:12:55.812840,v0.7.0+
to,/Volumes/Samsam/Public/USIdata/grupamarrow/zielone-horyzonty-ii-kreta-91-105-torun-podgorz-mieszkania-na-sprzedaz/usi_to_9196501.json,2026-05-25T02:04:59.665428,2026-05-25T02:04:59.665431,v0.7.0+
oto,/Volumes/Samsam/Public/USIdata/grupo-lar-polska/lizbonska/usi_oto_4swjZ.json,2026-05-25T02:06:07.543624,2026-05-25T02:06:07.543626,v0.7.0+
to,/Volumes/Samsam/Public/USIdata/grupolarhanner/moja-oszmianska-warszawa-targowek-mieszkania-na-sprzedaz/usi_to_9219265.json,2026-05-25T02:04:59.657953,2026-05-25T02:04:59.657957,v0.7.0+
rp,/Volumes/Samsam/Public/USIdata/gryf-development-sp-z-oo-sp-k/osiedle-sliwkowe-policki-warzymice/usi_rp_9959.json,2026-05-25T02:06:07.507400,2026-06-02T23:12:55.733146,v0.7.0+
oto,/Volumes/Samsam/Public/USIdata/gs-sp-z-o-o/brzozowy-zakatek-krotoszyn-ul-przemyslowa/usi_oto_4oJmL.json,2026-05-25T02:06:07.491525,2026-05-25T02:06:07.491528,v0.7.0+
oto,/Volumes/Samsam/Public/USIdata/gs-sp-z-o-o/brzozowy-zakatek-przy-ul-zebcowskiej-etap-ii/usi_oto_4cckD.json,2026-05-25T02:06:07.497678,2026-05-25T02:06:07.497681,v0.7.0+
oto,/Volumes/Samsam/Public/USIdata/gs-sp-z-o-o/brzozowy-zakatek-ul-majorka-ostrow-wlkp/usi_oto_4oJnI.json,2026-05-25T02:06:07.503275,2026-05-25T02:06:07.503278,v0.7.0+
oto,/Volumes/Samsam/Public/USIdata/gt-factory/apartamenty-lumina/usi_oto_4zsXz.json,2026-05-25T02:06:07.419352,2026-05-25T02:06:07.419356,v0.7.0+
rp,/Volumes/Samsam/Public/USIdata/gt-factory/apartamenty-zagajnikowa-2-lodz-baluty-doly/usi_rp_16519.json,2026-05-25T02:06:07.470932,2026-06-02T23:12:55.686297,v0.7.0+
oto,/Volumes/Samsam/Public/USIdata/gt-factory/apartamenty-zagajnikowa-ii/usi_oto_4zsQv.json,2026-05-25T02:06:07.474412,2026-05-25T02:06:07.474414,v0.7.0+
rp,/Volumes/Samsam/Public/USIdata/gt-factory/pine-garden-lodz-olechow-janow/usi_rp_15948.json,2026-05-25T02:06:07.480873,2026-06-02T23:12:55.718987,v0.7.0+
rp,/Volumes/Samsam/Public/USIdata/gust-development/przyjazny-romanow-etap-ii-lodz-baluty-zachodnie/usi_rp_15979.json,2026-05-25T02:06:07.367671,2026-06-02T23:12:55.529337,v0.7.0+
rp,/Volumes/Samsam/Public/USIdata/gust-development/przyjazny-romanow-lodz/usi_rp_13767.json,2026-05-25T02:06:07.373640,2026-06-02T23:12:55.537169,v0.7.0+
rp,/Volumes/Samsam/Public/USIdata/gust-development/zakatek-romanowska-lodz-baluty-zachodnie/usi_rp_17934.json,2026-05-25T02:06:07.382355,2026-06-02T23:12:55.545764,v0.7.0+
oto,/Volumes/Samsam/Public/USIdata/gvd-sp-z-o-o/zenit/usi_oto_4B2gm.json,2026-05-25T02:06:07.357664,2026-05-25T02:06:07.357666,v0.7.0+
oto,/Volumes/Samsam/Public/USIdata/gvd-sp-z-o-o/zenit/usi_oto_67932182.json,2026-05-25T02:06:07.357664,2026-06-02T11:05:12.084992,v0.7.0+
rp,/Volumes/Samsam/Public/USIdata/gwf-invest-sp-z-oo/perla-polnocy-etap-2-szczecin-stolczyn/usi_rp_19105.json,2026-05-25T02:06:07.349653,2026-06-02T23:12:55.511663,v0.7.0+
rp,/Volumes/Samsam/Public/USIdata/gwf-invest-sp-z-oo/villa-osow-szczecin-osow/usi_rp_19006.json,2026-05-25T02:06:07.353604,2026-06-02T23:12:55.519974,v0.7.0+
oto,/Volumes/Samsam/Public/USIdata/gwg-nieruchomosci-sp-z-o-o/nowy-gryf/usi_oto_4tlFk.json,2026-05-25T02:06:07.345207,2026-05-25T02:06:07.345209,v0.7.0+
oto,/Volumes/Samsam/Public/USIdata/gwiazdowa-park/gwiazdowa-park/usi_oto_4o2NA.json,2026-05-25T02:06:07.343089,2026-05-25T02:06:07.343091,v0.7.0+
rp,/Volumes/Samsam/Public/USIdata/h3-development-sp-z-oo/forrest-lodz-lagiewniki/usi_rp_15939.json,2026-05-25T02:06:07.332917,2026-06-02T23:12:55.486644,v0.7.0+
rp,/Volumes/Samsam/Public/USIdata/h3-development-sp-z-oo/parcum-lodz-stoki/usi_rp_16252.json,2026-05-25T02:06:07.336731,2026-06-02T23:12:55.494543,v0.7.0+
rp,/Volumes/Samsam/Public/USIdata/h3-development-sp-z-oo/villa-bema-lodz-radogoszcz/usi_rp_16251.json,2026-05-25T02:06:07.339971,2026-06-02T23:12:55.503490,v0.7.0+
oto,/Volumes/Samsam/Public/USIdata/haaly/osiedle-brzozowa-w-jakubowicach-koninskich-e1-m/usi_oto_4thDs.json,2026-05-25T02:06:07.325416,2026-05-25T02:06:07.325418,v0.7.0+
oto,/Volumes/Samsam/Public/USIdata/haaly/osiedle-stary-gaj-etap-1/usi_oto_4tFzu.json,2026-05-25T02:06:07.329417,2026-05-25T02:06:07.329419,v0.7.0+
oto,/Volumes/Samsam/Public/USIdata/hammak/artepolis-1/usi_oto_4xjx8.json,2026-05-25T02:06:07.284033,2026-05-25T02:06:07.284034,v0.7.0+
oto,/Volumes/Samsam/Public/USIdata/hammak/bialopradnicka-park/usi_oto_4tt5K.json,2026-05-25T02:06:07.288147,2026-05-25T02:06:07.288149,v0.7.0+
oto,/Volumes/Samsam/Public/USIdata/hammak/cechowa-100/usi_oto_4t1em.json,2026-05-25T02:06:07.295244,2026-05-25T02:06:07.295246,v0.7.0+
oto,/Volumes/Samsam/Public/USIdata/hammak/kosocicka-ambient/usi_oto_4A6A0.json,2026-05-25T02:06:07.301896,2026-05-25T02:06:07.301898,v0.7.0+
oto,/Volumes/Samsam/Public/USIdata/hammak/kosocicka-forest/usi_oto_4qntk.json,2026-05-25T02:06:07.305479,2026-05-25T02:06:07.305481,v0.7.0+
rp,/Volumes/Samsam/Public/USIdata/hammak/kosocicka-forest-krakow-podgorze-duchackie/usi_rp_17207.json,2026-05-25T02:06:07.310814,2026-06-02T23:12:55.460261,v0.7.0+
oto,/Volumes/Samsam/Public/USIdata/hanza-grupa-inwestycyjna/fauna/usi_oto_4n3HX.json,2026-05-25T02:06:07.270321,2026-05-25T02:06:07.270323,v0.7.0+
oto,/Volumes/Samsam/Public/USIdata/hanza-grupa-inwestycyjna/nowy-goszyn/usi_oto_4ti8v.json,2026-05-25T02:06:07.274148,2026-05-25T02:06:07.274151,v0.7.0+
oto,/Volumes/Samsam/Public/USIdata/harmonia-park-sp-z-o-o/harmonia-park-jozefow/usi_oto_4zYVK.json,2026-05-25T02:06:07.223537,2026-05-25T02:06:07.223538,v0.7.0+
oto,/Volumes/Samsam/Public/USIdata/harmony-group-s-a/azyllium-twoj-azyl-naturalnego-luksusu/usi_oto_4pb4s.json,2026-05-25T02:06:07.203992,2026-05-25T02:06:07.203993,v0.7.0+
oto,/Volumes/Samsam/Public/USIdata/harmony-group-s-a/czarna-perla/usi_oto_4pb8n.json,2026-05-25T02:06:07.210098,2026-05-25T02:06:07.210099,v0.7.0+
oto,/Volumes/Samsam/Public/USIdata/harmony-group-s-a/wyspianskiego-adres-ktory-definiuje-przyszlosc/usi_oto_4pbb5.json,2026-05-25T02:06:07.214191,2026-05-25T02:06:07.214192,v0.7.0+
oto,/Volumes/Samsam/Public/USIdata/hartbex-przedsiebiorstwo-budowlane-sp-z-o-o/apartamenty-parkowe-res-tower/usi_oto_4tw6M.json,2026-05-25T02:06:07.193556,2026-05-25T02:06:07.193558,v0.7.0+
oto,/Volumes/Samsam/Public/USIdata/hartbex-przedsiebiorstwo-budowlane-sp-z-o-o/apartamenty-zamkowe-ii/usi_oto_4aPwF.json,2026-05-25T02:06:07.197467,2026-05-25T02:06:07.197469,v0.7.0+
oto,/Volumes/Samsam/Public/USIdata/hartbex-przedsiebiorstwo-budowlane-sp-z-o-o/baltycka-41/usi_oto_4yM0r.json,2026-05-25T02:06:07.201111,2026-05-25T02:06:07.201113,v0.7.0+
rp,/Volumes/Samsam/Public/USIdata/hartbex-przedsiebiorstwo-budowlane-sp-z-oo/apartamenty-zamkowe-ii-rzeszow/usi_rp_15245.json,2026-05-25T02:06:07.189614,2026-06-02T23:12:55.164658,v0.7.0+
rp,/Volumes/Samsam/Public/USIdata/haus-deweloper/belweder-park-nysa/usi_rp_15331.json,2026-05-25T02:06:07.178938,2026-06-02T23:12:55.029285,v0.7.0+
oto,/Volumes/Samsam/Public/USIdata/haus-deweloper/novo-apartamenty/usi_oto_4pagv.json,2026-05-25T02:06:07.182819,2026-05-25T02:06:07.182820,v0.7.0+
oto,/Volumes/Samsam/Public/USIdata/haus-deweloper/osiedle-arkady/usi_oto_4q1Eu.json,2026-05-25T02:06:07.186356,2026-05-25T02:06:07.186357,v0.7.0+
rp,/Volumes/Samsam/Public/USIdata/hdk-invest-sp-z-oo/osiedle-celulozy-warszawa-nadwisle/usi_rp_16831.json,2026-05-25T02:06:07.175593,2026-06-02T23:12:55.020383,v0.7.0+
oto,/Volumes/Samsam/Public/USIdata/hea-sp-z-o-o/hea-park-apartamenty/usi_oto_4leFN.json,2026-05-25T02:06:07.171846,2026-05-25T02:06:07.171848,v0.7.0+
rp,/Volumes/Samsam/Public/USIdata/hea-sp-z-oo/parkowe-zacisze-etap-ii-wroclawski-kielczowek/usi_rp_14663.json,2026-05-25T02:06:07.164503,2026-06-02T23:12:55.005544,v0.7.0+
rp,/Volumes/Samsam/Public/USIdata/hea-sp-z-oo/parkowe-zacisze-iii-wroclawski-kielczowek/usi_rp_17339.json,2026-05-25T02:06:07.168900,2026-06-02T23:12:55.014092,v0.7.0+
to,/Volumes/Samsam/Public/USIdata/hegra-deweloper/wywrockiego-11-mieszkania-rzeszow-staroniwa-mieszkania-na-sprzedaz/usi_to_9221639.json,2026-05-25T02:04:59.628892,2026-05-25T02:04:59.628895,v0.7.0+
rp,/Volumes/Samsam/Public/USIdata/hegra-deweloper-jaroslaw-szczypek/wywrockiego-11-rzeszow/usi_rp_13572.json,2026-05-25T02:06:07.159586,2026-06-02T23:12:54.996447,v0.7.0+
oto,/Volumes/Samsam/Public/USIdata/hegra-deweloper-sp-z-o-o/apartamentowiec-klasy-premium-wywrockiego-11/usi_oto_4zDQD.json,2026-05-25T02:06:07.155218,2026-05-25T02:06:07.155220,v0.7.0+
rp,/Volumes/Samsam/Public/USIdata/helena-development/slowackiego-5-pruszkowski-michalowice/usi_rp_18924.json,2026-05-25T02:06:07.151100,2026-06-02T23:12:54.986096,v0.7.0+
oto,/Volumes/Samsam/Public/USIdata/hello-beata-sapota-spolka-komandytowa/hello-kukulki/usi_oto_4derG.json,2026-05-25T02:06:07.147612,2026-05-25T02:06:07.147613,v0.7.0+
oto,/Volumes/Samsam/Public/USIdata/hello-home-beata-sapota-sp-k/hello-gruszowa/usi_oto_4u3pb.json,2026-05-25T02:06:07.143550,2026-05-25T02:06:07.143551,v0.7.0+
oto,/Volumes/Samsam/Public/USIdata/helvetia-centrum/apartamenty-staromiejskie-karmelicka-7/usi_oto_4vXkU.json,2026-05-25T02:06:07.128575,2026-05-25T02:06:07.128576,v0.7.0+
oto,/Volumes/Samsam/Public/USIdata/helvetia-city-spolka-z-ograniczona-odpowiedzialnoscia/kaczencova/usi_oto_4rdmA.json,2026-05-25T02:06:07.116289,2026-05-25T02:06:07.116292,v0.7.0+
oto,/Volumes/Samsam/Public/USIdata/helvetia-city-spolka-z-ograniczona-odpowiedzialnoscia/wenus-mieszkania/usi_oto_4t0Jw.json,2026-05-25T02:06:07.124771,2026-05-25T02:06:07.124773,v0.7.0+
oto,/Volumes/Samsam/Public/USIdata/henniger-investment/mieszkaj-w-miescie-etap-odkrywcow-bud-l/usi_oto_4zGIo.json,2026-05-25T02:06:07.095525,2026-05-25T02:06:07.095527,v0.7.0+
oto,/Volumes/Samsam/Public/USIdata/henniger-investment/mieszkaj-w-miescie-etap-poetow-bud-k/usi_oto_4hh25.json,2026-05-25T02:06:07.099806,2026-05-25T02:06:07.099807,v0.7.0+
oto,/Volumes/Samsam/Public/USIdata/henniger-investment/mieszkaj-w-miescie-na-tysiacleciu/usi_oto_4sMHZ.json,2026-05-25T02:06:07.104318,2026-05-25T02:06:07.104319,v0.7.0+
oto,/Volumes/Samsam/Public/USIdata/henniger-investment/mieszkaj-w-miescie-ogrody-glogera/usi_oto_4sWmw.json,2026-05-25T02:06:07.107818,2026-05-25T02:06:07.107820,v0.7.0+
oto,/Volumes/Samsam/Public/USIdata/henniger-investment/mieszkaj-w-miescie-zaleska-od-nowa/usi_oto_4x693.json,2026-05-25T02:06:07.110767,2026-05-25T02:06:07.110769,v0.7.0+
rp,/Volumes/Samsam/Public/USIdata/henniger-investment-sa/mieszkaj-w-miescie-etap-kompozytorow-budynek-g-krakow-bronowice/usi_rp_11972.json,2026-05-25T02:06:07.057208,2026-06-02T23:12:54.897995,v0.7.0+
rp,/Volumes/Samsam/Public/USIdata/henniger-investment-sa/mieszkaj-w-miescie-zaleska-od-nowa-katowice-zaleska-halda-brynow/usi_rp_19342.json,2026-05-25T02:06:07.092648,2026-06-02T23:12:54.978140,v0.7.0+
rp,/Volumes/Samsam/Public/USIdata/heritage-invest-park/beskidzka-park-lodz-dolina-lodki/usi_rp_17556.json,2026-05-25T02:06:07.042673,2026-06-02T23:12:54.862764,v0.7.0+
oto,/Volumes/Samsam/Public/USIdata/hg-green-development/nowa-przemyslowa-ii/usi_oto_4Aexf.json,2026-05-25T02:06:07.037163,2026-05-25T02:06:07.037165,v0.7.0+
oto,/Volumes/Samsam/Public/USIdata/hill-house-polska-sp-z-o-o/osiedle-stylove/usi_oto_4aX4m.json,2026-05-25T02:06:07.029752,2026-05-25T02:06:07.029753,v0.7.0+
rp,/Volumes/Samsam/Public/USIdata/hill-house-sp-z-oo/budynek-wielorodzinny-ul-armii-krajowej-plock/usi_rp_14809.json,2026-05-25T02:06:07.026303,2026-06-02T23:12:54.846426,v0.7.0+
oto,/Volumes/Samsam/Public/USIdata/hilten-lelewela-sp-z-o-o/lelewela-9/usi_oto_4olXT.json,2026-05-25T02:06:07.022694,2026-05-25T02:06:07.022695,v0.7.0+
oto,/Volumes/Samsam/Public/USIdata/hls-invest-bis-sp-z-o-o/prestizowe-apartamenty-hls/usi_oto_4B9fg.json,2026-05-25T02:06:07.007584,2026-05-25T02:06:07.007587,v0.7.0+
oto,/Volumes/Samsam/Public/USIdata/hls-invest-bis-sp-z-o-o/prestizowe-apartamenty-hls/usi_oto_67959022.json,2026-05-25T02:06:07.007584,2026-06-02T11:04:55.804273,v0.7.0+
oto,/Volumes/Samsam/Public/USIdata/hmk-development/osiedle-przy-ul-bielasa-16-mieszkan-stan-deweloperski-premium/usi_oto_4y0Ec.json,2026-05-25T02:06:07.002449,2026-05-25T02:06:07.002451,v0.7.0+
oto,/Volumes/Samsam/Public/USIdata/ho-bu-polska-sp-z-o-o/monte-cassino-apartments/usi_oto_4yCPd.json,2026-05-25T02:06:06.984527,2026-05-25T02:06:06.984528,v0.7.0+
oto,/Volumes/Samsam/Public/USIdata/ho-bu-polska-sp-z-o-o/mountain-dreams/usi_oto_4s9eS.json,2026-05-25T02:06:06.988500,2026-05-25T02:06:06.988501,v0.7.0+
oto,/Volumes/Samsam/Public/USIdata/ho-bu-polska-sp-z-o-o/mountain-dreams-ostatnie-wolne-apartamenty-odbierz-klucze-juz-dzis/usi_oto_68054742.json,2026-06-02T11:03:52.194336,2026-06-02T11:03:52.633611,v0.7.0+
oto,/Volumes/Samsam/Public/USIdata/ho-bu-polska-sp-z-o-o/pilsudskiego-32/usi_oto_4t8ud.json,2026-05-25T02:06:06.991449,2026-05-25T02:06:06.991452,v0.7.0+
oto,/Volumes/Samsam/Public/USIdata/ho-bu-polska-sp-z-o-o/pilsudskiego-32-krynica-zdroj/usi_oto_4z8fs.json,2026-05-25T02:06:06.994607,2026-05-25T02:06:06.994609,v0.7.0+
oto,/Volumes/Samsam/Public/USIdata/ho-bu-polska-sp-z-o-o/zielona-27/usi_oto_4t2L6.json,2026-05-25T02:06:06.998499,2026-05-25T02:06:06.998502,v0.7.0+
rp,/Volumes/Samsam/Public/USIdata/hocan-estate/roosevelta-9-lodz-srodmiescie/usi_rp_14024.json,2026-05-25T02:06:06.975367,2026-06-02T23:12:54.802757,v0.7.0+
rp,/Volumes/Samsam/Public/USIdata/hocan-estate/rudzka-przystan-lodz/usi_rp_13699.json,2026-05-25T02:06:06.978607,2026-06-02T23:12:54.810216,v0.7.0+
rp,/Volumes/Samsam/Public/USIdata/hocan-estate/twins-garden-domy-czajewskiego-lodz-widzew-andrzejow/usi_rp_11711.json,2026-05-25T02:06:06.981542,2026-06-02T23:12:54.819768,v0.7.0+
oto,/Volumes/Samsam/Public/USIdata/home-4you/nowe-koszary/usi_oto_4ly2X.json,2026-05-25T02:06:06.971385,2026-05-25T02:06:06.971386,v0.7.0+
oto,/Volumes/Samsam/Public/USIdata/home-group-spolka-z-ograniczona-odpowiedzialnoscia/garden-rezerwuj-dzis-zaplac-z-kredytu-na-start/usi_oto_4mCOP.json,2026-05-25T02:06:06.967384,2026-05-25T02:06:06.967385,v0.7.0+
oto,/Volumes/Samsam/Public/USIdata/home-invest/rezydencja-ochota/usi_oto_4tVQS.json,2026-05-25T02:06:06.937325,2026-05-25T02:06:06.937326,v0.7.0+
oto,/Volumes/Samsam/Public/USIdata/home-invest/warszawski-swit-etap-xii/usi_oto_4zJEX.json,2026-05-25T02:06:06.940654,2026-05-25T02:06:06.940655,v0.7.0+
oto,/Volumes/Samsam/Public/USIdata/home-invest/warszawski-swit-iv/usi_oto_4l3fC.json,2026-05-25T02:06:06.945121,2026-05-25T02:06:06.945123,v0.7.0+
oto,/Volumes/Samsam/Public/USIdata/home-invest/warszawski-swit-ix/usi_oto_4tLJX.json,2026-05-25T02:06:06.948025,2026-05-25T02:06:06.948026,v0.7.0+
oto,/Volumes/Samsam/Public/USIdata/home-invest/warszawski-swit-v/usi_oto_4l3gc.json,2026-05-25T02:06:06.951664,2026-05-25T02:06:06.951666,v0.7.0+
oto,/Volumes/Samsam/Public/USIdata/home-invest/warszawski-swit-vi/usi_oto_4mvlC.json,2026-05-25T02:06:06.954422,2026-05-25T02:06:06.954423,v0.7.0+
oto,/Volumes/Samsam/Public/USIdata/home-invest/warszawski-swit-vii/usi_oto_4rF8w.json,2026-05-25T02:06:06.957425,2026-05-25T02:06:06.957426,v0.7.0+
oto,/Volumes/Samsam/Public/USIdata/home-invest/warszawski-swit-viii/usi_oto_4tLJY.json,2026-05-25T02:06:06.960269,2026-05-25T02:06:06.960270,v0.7.0+
oto,/Volumes/Samsam/Public/USIdata/home-invest/zakatek-wlochy/usi_oto_4zETn.json,2026-05-25T02:06:06.963527,2026-05-25T02:06:06.963528,v0.7.0+
rp,/Volumes/Samsam/Public/USIdata/home-invest-sp-z-oo/apartamenty-okopowa-59a-warszawa-wola-powazki/usi_rp_10078.json,2026-05-25T02:06:06.864488,2026-06-02T23:12:54.613753,v0.7.0+
rp,/Volumes/Samsam/Public/USIdata/home-invest-sp-z-oo/metro-park-warszawa-bielany-marymont-kaskada/usi_rp_11099.json,2026-05-25T02:06:06.881182,2026-06-02T23:12:54.659763,v0.7.0+
rp,/Volumes/Samsam/Public/USIdata/home-invest-sp-z-oo/willa-ochota-warszawa-ochota-szczesliwice/usi_rp_9313.json,2026-05-25T02:06:06.929888,2026-06-02T23:12:54.785967,v0.7.0+
oto,/Volumes/Samsam/Public/USIdata/home-investments-jarema-jamro-sp-z-o-o/malownicza/usi_oto_4zt2a.json,2026-05-25T02:06:06.855489,2026-05-25T02:06:06.855491,v0.7.0+
rp,/Volumes/Samsam/Public/USIdata/hopfen-spzoo/pekowicka-96-krakow-pradnik-bialy/usi_rp_17410.json,2026-05-25T02:06:06.846296,2026-06-02T23:12:54.521720,v0.7.0+
oto,/Volumes/Samsam/Public/USIdata/horizen-development-prosta-spolka-akcyjna/ogrodowa-1/usi_oto_4hOfs.json,2026-05-25T02:06:06.841440,2026-05-25T02:06:06.841441,v0.7.0+
rp,/Volumes/Samsam/Public/USIdata/horizon-real-estate-sp-z-oo/osiedle-bocianie-gniazdo-2-szczecin-zelechowa/usi_rp_18477.json,2026-05-25T02:06:06.826551,2026-06-02T23:12:54.485862,v0.7.0+
rp,/Volumes/Samsam/Public/USIdata/horizon-real-estate-sp-z-oo/osiedle-swiergotki-etap-ii-szczecin-zelechowa/usi_rp_16387.json,2026-05-25T02:06:06.830438,2026-06-02T23:12:54.494348,v0.7.0+
rp,/Volumes/Samsam/Public/USIdata/horizon-real-estate-sp-z-oo/osiedle-swiergotki-szczecin/usi_rp_13842.json,2026-05-25T02:06:06.833800,2026-06-02T23:12:54.503682,v0.7.0+
rp,/Volumes/Samsam/Public/USIdata/horizon-real-estate-sp-z-oo/yard-residence-szczecin-drzetowo-grabowo/usi_rp_13844.json,2026-05-25T02:06:06.837857,2026-06-02T23:12:54.510455,v0.7.0+
oto,/Volumes/Samsam/Public/USIdata/hossa/sokolka-zielenisz/usi_oto_4hPTl.json,2026-05-25T02:06:06.818563,2026-05-25T02:06:06.818565,v0.7.0+
oto,/Volumes/Samsam/Public/USIdata/hossanova-deweloper/nowa-klecina-bezposrednio-przy-parku/usi_oto_4nixE.json,2026-05-25T02:06:06.814459,2026-05-25T02:06:06.814461,v0.7.0+
oto,/Volumes/Samsam/Public/USIdata/host-inwestycje-sp-z-o-o/4-topole/usi_oto_4AYjA.json,2026-05-21T19:16:14.545384,2026-06-02T11:05:15.643538,v0.7.0+
oto,/Volumes/Samsam/Public/USIdata/hotel-wroclaw-grabiszynska-sp-z-o-o/grabiszynska/usi_oto_4xjEU.json,2026-05-25T02:06:06.800657,2026-05-25T02:06:06.800659,v0.7.0+
rp,/Volumes/Samsam/Public/USIdata/hotele-gorzelanny/apartamenty-dzwirzyno-kolobrzeski-dzwirzyno/usi_rp_12642.json,2026-05-25T02:06:06.796156,2026-06-02T23:12:54.447430,v0.7.0+
oto,/Volumes/Samsam/Public/USIdata/house-factory/osiedle-city-park/usi_oto_4z4T1.json,2026-05-25T02:06:06.788923,2026-05-25T02:06:06.788924,v0.7.0+
rp,/Volumes/Samsam/Public/USIdata/hp-development/laskowe-wzgorze-limanowski/usi_rp_17797.json,2026-05-25T02:06:06.775903,2026-06-02T23:12:54.254905,v0.7.0+
oto,/Volumes/Samsam/Public/USIdata/hreit/apartamenty-baczynskiego/usi_oto_4iS3a.json,2026-05-25T02:06:06.686275,2026-05-25T02:06:06.686277,v0.7.0+
rp,/Volumes/Samsam/Public/USIdata/hreit/apartamenty-barona-opole/usi_rp_12013.json,2026-05-25T02:06:06.690933,2026-06-02T23:12:54.046370,v0.7.0+
rp,/Volumes/Samsam/Public/USIdata/hreit/apartamenty-cisowa-poznanski-skorzewo/usi_rp_14989.json,2026-05-25T02:06:06.695128,2026-06-02T23:12:54.053293,v0.7.0+
rp,/Volumes/Samsam/Public/USIdata/hreit/apartamenty-dobrzanskiego-sosnowiec/usi_rp_14551.json,2026-05-25T02:06:06.701376,2026-06-02T23:12:54.067633,v0.7.0+
rp,/Volumes/Samsam/Public/USIdata/hreit/apartamenty-kilinskiego-lodz-gorniak/usi_rp_15144.json,2026-05-25T02:06:06.703828,2026-06-02T23:12:54.074766,v0.7.0+
rp,/Volumes/Samsam/Public/USIdata/hreit/apartamenty-krogulskiego-rzeszow/usi_rp_14991.json,2026-05-25T02:06:06.712656,2026-06-02T23:12:54.098607,v0.7.0+
rp,/Volumes/Samsam/Public/USIdata/hreit/apartamenty-lozowa-lodz-radogoszcz/usi_rp_14223.json,2026-05-25T02:06:06.716731,2026-06-02T23:12:54.105258,v0.7.0+
rp,/Volumes/Samsam/Public/USIdata/hreit/apartamenty-mlynowka-oswiecim/usi_rp_14220.json,2026-05-25T02:06:06.719231,2026-06-02T23:12:54.112762,v0.7.0+
rp,/Volumes/Samsam/Public/USIdata/hreit/apartamenty-ostrogorska-sosnowiec/usi_rp_14391.json,2026-05-25T02:06:06.722422,2026-06-02T23:12:54.120477,v0.7.0+
rp,/Volumes/Samsam/Public/USIdata/hreit/apartamenty-rzepakowa-katowice-zespol-dzielnic-poludniowych/usi_rp_16881.json,2026-05-25T02:06:06.727873,2026-06-02T23:12:54.135619,v0.7.0+
rp,/Volumes/Samsam/Public/USIdata/hreit/apartamenty-silver-bytom/usi_rp_14441.json,2026-05-25T02:06:06.731963,2026-06-02T23:12:54.142463,v0.7.0+
rp,/Volumes/Samsam/Public/USIdata/hreit/apartamenty-silver-etap-ii-bytom/usi_rp_15244.json,2026-05-25T02:06:06.735114,2026-06-02T23:12:54.149245,v0.7.0+
rp,/Volumes/Samsam/Public/USIdata/hreit/apartamenty-zietka-ruda-slaska/usi_rp_14550.json,2026-05-25T02:06:06.740265,2026-06-02T23:12:54.165410,v0.7.0+
oto,/Volumes/Samsam/Public/USIdata/hs-dom/hs-dom-deweloper-osiedle-novum-rumia/usi_oto_43pEf.json,2026-05-25T02:06:06.623615,2026-05-25T02:06:06.623616,v0.7.0+
rp,/Volumes/Samsam/Public/USIdata/hs-dom/novum-rumia-bud-13-rumia/usi_rp_17206.json,2026-05-25T02:06:06.628035,2026-06-02T23:12:53.935656,v0.7.0+
rp,/Volumes/Samsam/Public/USIdata/hs-dom/novum-rumia-bud-14-rumia/usi_rp_17749.json,2026-05-25T02:06:06.632671,2026-06-02T23:12:53.961013,v0.7.0+
rp,/Volumes/Samsam/Public/USIdata/hs-dom/novum-rumia-bud-15-rumia/usi_rp_18752.json,2026-05-25T02:06:06.635987,2026-06-02T23:12:53.969091,v0.7.0+
rp,/Volumes/Samsam/Public/USIdata/hs-dom/novum-rumia-bud-17-rumia/usi_rp_20351.json,2026-05-25T02:06:06.652328,2026-06-02T23:12:53.977703,v0.7.0+
rp,/Volumes/Samsam/Public/USIdata/hs-dom/novum-rumia-etap-v-wejherowski-rumia/usi_rp_12817.json,2026-05-25T02:06:06.666458,2026-06-02T23:12:54.008924,v0.7.0+
oto,/Volumes/Samsam/Public/USIdata/hs-dom/novum-rumia-ul-kosynierow-hs-dom-deweloper/usi_oto_4Bj2K.json,2026-05-25T02:06:06.672439,2026-05-25T02:06:06.672441,v0.7.0+
oto,/Volumes/Samsam/Public/USIdata/hs-dom/novum-rumia-ul-kosynierow-hs-dom-deweloper/usi_oto_67996686.json,2026-05-25T02:06:06.672439,2026-06-02T11:04:36.595208,v0.7.0+
oto,/Volumes/Samsam/Public/USIdata/hs-nieruchomosci-sp-z-o-o/osiedle-stara-cegielnia/usi_oto_4ie7V.json,2026-05-25T02:06:06.614220,2026-05-25T02:06:06.614222,v0.7.0+
rp,/Volumes/Samsam/Public/USIdata/hs-nieruchomosci-sp-z-oo/osiedle-stara-cegielnia-etap-iv-gliwice/usi_rp_14683.json,2026-05-25T02:06:06.602882,2026-06-02T23:12:53.775535,v0.7.0+
rp,/Volumes/Samsam/Public/USIdata/hs-nieruchomosci-sp-z-oo/osiedle-stara-cegielnia-etap-vii-gliwice/usi_rp_17061.json,2026-05-25T02:06:06.608074,2026-06-02T23:12:53.786412,v0.7.0+
oto,/Volumes/Samsam/Public/USIdata/hsd-inwestycje/bagry-lipska-siemienowicza/usi_oto_4e9j3.json,2026-05-25T02:06:06.558791,2026-05-25T02:06:06.558792,v0.7.0+
rp,/Volumes/Samsam/Public/USIdata/hsd-inwestycje/bagry-ul-lipskasiemienowicza-krakow-podgorze/usi_rp_12776.json,2026-05-25T02:06:06.562826,2026-06-02T23:12:53.529163,v0.7.0+
oto,/Volumes/Samsam/Public/USIdata/hsd-inwestycje/federowicza-ruczaj-park/usi_oto_4nZll.json,2026-05-25T02:06:06.565819,2026-05-25T02:06:06.565821,v0.7.0+
oto,/Volumes/Samsam/Public/USIdata/hsd-inwestycje/gemini-g-7/usi_oto_4stYh.json,2026-05-25T02:06:06.573184,2026-05-25T02:06:06.573187,v0.7.0+
rp,/Volumes/Samsam/Public/USIdata/hsd-inwestycje/gemini-g-7-kielce/usi_rp_17710.json,2026-05-25T02:06:06.576658,2026-06-02T23:12:53.723173,v0.7.0+
oto,/Volumes/Samsam/Public/USIdata/hsd-inwestycje/gemini-g7/usi_oto_4ynDg.json,2026-05-25T02:06:06.579668,2026-05-25T02:06:06.579669,v0.7.0+
oto,/Volumes/Samsam/Public/USIdata/hsd-inwestycje/lagiewniki-ul-sowia/usi_oto_4x5XB.json,2026-05-25T02:06:06.582973,2026-05-25T02:06:06.582974,v0.7.0+
rp,/Volumes/Samsam/Public/USIdata/hsd-inwestycje/nowy-stok-bud-3-kielce/usi_rp_15787.json,2026-05-25T02:06:06.586301,2026-06-02T23:12:53.732156,v0.7.0+
rp,/Volumes/Samsam/Public/USIdata/hsd-inwestycje/parkowe-wzgorze-bocianek-etap-ii-kielce/usi_rp_15348.json,2026-05-25T02:06:06.588893,2026-06-02T23:12:53.739826,v0.7.0+
oto,/Volumes/Samsam/Public/USIdata/hsd-inwestycje/podgorki-tynieckie/usi_oto_4xTwt.json,2026-05-25T02:06:06.591949,2026-05-25T02:06:06.591951,v0.7.0+
to,/Volumes/Samsam/Public/USIdata/hsdinwestycje/gemini-g-7-gorna-7-kielce-centrum-mieszkania-na-sprzedaz/usi_to_8960618.json,2026-05-25T02:04:59.601438,2026-05-25T02:04:59.601441,v0.7.0+
rp,/Volumes/Samsam/Public/USIdata/hunger-development-sp-z-oo/dworcowa-67-bydgoszcz/usi_rp_10408.json,2026-05-25T02:06:06.554092,2026-06-02T23:12:53.522044,v0.7.0+
oto,/Volumes/Samsam/Public/USIdata/hus-development/nowe-ogrody/usi_oto_4zeRw.json,2026-05-25T02:06:06.550660,2026-05-25T02:06:06.550661,v0.7.0+
rp,/Volumes/Samsam/Public/USIdata/hvile-park-sp-z-oo-sk/revita-21-lublin/usi_rp_16211.json,2026-05-25T02:06:06.546934,2026-06-02T23:12:53.513404,v0.7.0+
rp,/Volumes/Samsam/Public/USIdata/hvilepark-pawlowscy/naleczowska-177-by-hvile-park-lublin/usi_rp_14197.json,2026-05-25T02:06:06.543163,2026-06-02T23:12:53.505097,v0.7.0+
oto,/Volumes/Samsam/Public/USIdata/hvilepark-pawlowscy-spolka-komandytowa/nowe-historie/usi_oto_4zgvA.json,2026-05-25T02:06:06.534636,2026-05-25T02:06:06.534638,v0.7.0+
oto,/Volumes/Samsam/Public/USIdata/hvilepark-pawlowscy-spolka-komandytowa/revita-21/usi_oto_4oXGE.json,2026-05-25T02:06:06.539329,2026-05-25T02:06:06.539332,v0.7.0+
oto,/Volumes/Samsam/Public/USIdata/hydropol/nowoczesne-mieszkania-bezczynszowe-z-ogrodkami-kobylka-ul-syrokomli/usi_oto_4yCYP.json,2026-05-25T02:06:06.529724,2026-05-25T02:06:06.529725,v0.7.0+
rp,/Volumes/Samsam/Public/USIdata/i-confisio-sp-z-oo-sp-k/dom-na-zielonym-uroczysku-krakow-debniki/usi_rp_17028.json,2026-05-25T02:06:06.521389,2026-06-02T23:12:53.493155,v0.7.0+
rp,/Volumes/Samsam/Public/USIdata/i-confisio-sp-z-oo-sp-k/osiedle-skotniki-unruga-krakow-debniki/usi_rp_13942.json,2026-05-25T02:06:06.525645,2026-06-02T23:12:53.499115,v0.7.0+
oto,/Volumes/Samsam/Public/USIdata/i2-development-s-a/armii-krajowej-7/usi_oto_42yNB.json,2026-05-25T02:06:06.495059,2026-05-25T02:06:06.495061,v0.7.0+
oto,/Volumes/Samsam/Public/USIdata/i2-development-s-a/artefakt-wielka-27-lokale-biurowe/usi_oto_4v78g.json,2026-05-25T02:06:06.499422,2026-05-25T02:06:06.499424,v0.7.0+
oto,/Volumes/Samsam/Public/USIdata/i2-development-s-a/grabiszynska-apartamenty-lokale-uslugowe-wroclaw/usi_oto_4AfSl.json,2026-05-25T02:06:06.503209,2026-05-25T02:06:06.503211,v0.7.0+
oto,/Volumes/Samsam/Public/USIdata/i2-development-s-a/ksiecia-witolda-46/usi_oto_44Nwc.json,2026-05-25T02:06:06.506135,2026-05-25T02:06:06.506137,v0.7.0+
oto,/Volumes/Samsam/Public/USIdata/i2-development-s-a/ogrody-grabiszynskie-ii-etap/usi_oto_4dLwP.json,2026-05-25T02:06:06.509022,2026-05-25T02:06:06.509023,v0.7.0+
oto,/Volumes/Samsam/Public/USIdata/i2-development-s-a/stalova/usi_oto_4mxiw.json,2026-05-25T02:06:06.511943,2026-05-25T02:06:06.511944,v0.7.0+
oto,/Volumes/Samsam/Public/USIdata/i2-development-s-a/stawowa/usi_oto_4wYjO.json,2026-05-25T02:06:06.514779,2026-05-25T02:06:06.514780,v0.7.0+
oto,/Volumes/Samsam/Public/USIdata/i2-development-s-a/zegiestowska/usi_oto_4qDpH.json,2026-05-25T02:06:06.517570,2026-05-25T02:06:06.517571,v0.7.0+
rp,/Volumes/Samsam/Public/USIdata/i2-development-sa/mikroapartamenty-ogrody-grabiszynskie-etap-ii-wroclaw-fabryczna-grabiszyn-grabiszynek/usi_rp_13491.json,2026-05-25T02:06:06.406167,2026-06-02T23:12:53.296468,v0.7.0+
rp,/Volumes/Samsam/Public/USIdata/i2-development-sa/osiedle-zodiak-wroclaw-krzyki-wojszyce/usi_rp_3089.json,2026-05-25T02:06:06.434581,2026-06-02T23:12:53.360690,v0.7.0+
rp,/Volumes/Samsam/Public/USIdata/i2-development-sa/ostoja-oporow-wroclaw-krzyki-klecina/usi_rp_7319.json,2026-05-25T02:06:06.437145,2026-06-02T23:12:53.366687,v0.7.0+
rp,/Volumes/Samsam/Public/USIdata/i2-development-sa/pomorska-44-wroclaw-srodmiescie-nadodrze/usi_rp_5040.json,2026-05-25T02:06:06.445640,2026-06-02T23:12:53.385754,v0.7.0+
rp,/Volumes/Samsam/Public/USIdata/i2-development-sa/raclawicka-park-etap-i-wroclaw-fabryczna-grabiszyn-grabiszynek/usi_rp_481.json,2026-05-25T02:06:06.458733,2026-06-02T23:12:53.413786,v0.7.0+
rp,/Volumes/Samsam/Public/USIdata/i2-development-sa/raclawicka-park-etap-ii-wroclaw-fabryczna-grabiszyn-grabiszynek/usi_rp_482.json,2026-05-25T02:06:06.462679,2026-06-02T23:12:53.419315,v0.7.0+
rp,/Volumes/Samsam/Public/USIdata/i2-development-sa/rezydencja-aretuza-wroclaw-srodmiescie-zalesie/usi_rp_2338.json,2026-05-25T02:06:06.466324,2026-06-02T23:12:53.427069,v0.7.0+
rp,/Volumes/Samsam/Public/USIdata/i2-development-sa/willa-staromiejska-wroclaw-stare-miasto/usi_rp_8942.json,2026-05-25T02:06:06.490285,2026-06-02T23:12:53.486936,v0.7.0+
oto,/Volumes/Samsam/Public/USIdata/ibd-liberty-park-sp-z-o-o-sp-komandytowa/apartamenty-nad-odra/usi_oto_4cbUE.json,2026-05-25T02:06:06.349716,2026-05-25T02:06:06.349717,v0.7.0+
oto,/Volumes/Samsam/Public/USIdata/ibd-liberty-park-sp-z-o-o-sp-komandytowa/piwowarska-4/usi_oto_4pbuK.json,2026-05-25T02:06:06.355116,2026-05-25T02:06:06.355118,v0.7.0+
oto,/Volumes/Samsam/Public/USIdata/ibd-liberty-park-sp-z-o-o-sp-komandytowa/starobrzeska-osada/usi_oto_4mYYS.json,2026-05-25T02:06:06.359234,2026-05-25T02:06:06.359235,v0.7.0+
oto,/Volumes/Samsam/Public/USIdata/ibp-development-sp-z-o-o/osiedle-nowy-niebrow-97-200-tomaszow-mazowiecki/usi_oto_4eL84.json,2026-05-25T02:06:06.340905,2026-05-25T02:06:06.340908,v0.7.0+
oto,/Volumes/Samsam/Public/USIdata/ibp-development-sp-z-o-o/pow-7/usi_oto_4yHSS.json,2026-05-25T02:06:06.346393,2026-05-25T02:06:06.346395,v0.7.0+
rp,/Volumes/Samsam/Public/USIdata/idea-invest/osiedle-jutrzenki-lublin/usi_rp_15444.json,2026-05-25T02:06:06.335996,2026-06-02T23:12:53.204947,v0.7.0+
rp,/Volumes/Samsam/Public/USIdata/ignerhome/park-zawiszow-3-swidnicki-swidnica/usi_rp_10679.json,2026-05-25T02:06:06.295986,2026-06-02T23:12:52.988105,v0.7.0+
rp,/Volumes/Samsam/Public/USIdata/ignerhome/park-zawiszow-swidnicki-swidnica/usi_rp_7444.json,2026-05-25T02:06:06.299742,2026-06-02T23:12:53.127762,v0.7.0+
oto,/Volumes/Samsam/Public/USIdata/ignerhome/przystan-droga-polna/usi_oto_48P5o.json,2026-05-25T02:06:06.305038,2026-05-25T02:06:06.305040,v0.7.0+
oto,/Volumes/Samsam/Public/USIdata/ignerhome/vivant-home-odbierz-klucze-juz-w-i-q-2025/usi_oto_48OQ5.json,2026-05-25T02:06:06.329324,2026-05-25T02:06:06.329325,v0.7.0+
rp,/Volumes/Samsam/Public/USIdata/ilawskie-przedsiebiorstwo-budowlane-ipb-sp-z-oo/esperanto-park-olsztyn/usi_rp_16934.json,2026-05-25T02:06:06.253112,2026-06-02T23:12:52.824396,v0.7.0+
rp,/Volumes/Samsam/Public/USIdata/ilawskie-przedsiebiorstwo-budowlane-ipb-sp-z-oo/harmonia-bud-m2-olsztyn/usi_rp_16017.json,2026-05-25T02:06:06.256281,2026-06-02T23:12:52.832202,v0.7.0+
rp,/Volumes/Samsam/Public/USIdata/ilawskie-przedsiebiorstwo-budowlane-ipb-sp-z-oo/harmonia-olsztyn/usi_rp_14052.json,2026-05-25T02:06:06.259681,2026-06-02T23:12:52.840710,v0.7.0+
rp,/Volumes/Samsam/Public/USIdata/ilawskie-przedsiebiorstwo-budowlane-ipb-sp-z-oo/kaskada-park-elblag/usi_rp_17742.json,2026-05-25T02:06:06.263734,2026-06-02T23:12:52.852917,v0.7.0+
rp,/Volumes/Samsam/Public/USIdata/ilawskie-przedsiebiorstwo-budowlane-ipb-sp-z-oo/osiedle-foresto-grudziadz/usi_rp_18387.json,2026-05-25T02:06:06.269750,2026-06-02T23:12:52.868746,v0.7.0+
rp,/Volumes/Samsam/Public/USIdata/ilawskie-przedsiebiorstwo-budowlane-ipb-sp-z-oo/osiedle-natura-etap-ii-ilawa/usi_rp_15602.json,2026-05-25T02:06:06.272796,2026-06-02T23:12:52.875273,v0.7.0+
rp,/Volumes/Samsam/Public/USIdata/ilawskie-przedsiebiorstwo-budowlane-ipb-sp-z-oo/osiedle-odnowa-k4-kwidzyn/usi_rp_17059.json,2026-05-25T02:06:06.275459,2026-06-02T23:12:52.881573,v0.7.0+
rp,/Volumes/Samsam/Public/USIdata/ilawskie-przedsiebiorstwo-budowlane-ipb-sp-z-oo/osiedle-odnowa-k5-kwidzyn/usi_rp_19249.json,2026-05-25T02:06:06.278268,2026-06-02T23:12:52.890514,v0.7.0+
rp,/Volumes/Samsam/Public/USIdata/ilawskie-przedsiebiorstwo-budowlane-ipb-sp-z-oo/osiedle-odnowa-kwidzyn/usi_rp_14522.json,2026-05-25T02:06:06.280908,2026-06-02T23:12:52.897022,v0.7.0+
rp,/Volumes/Samsam/Public/USIdata/ilawskie-przedsiebiorstwo-budowlane-ipb-sp-z-oo/osiedle-sady-malbork/usi_rp_14594.json,2026-05-25T02:06:06.286576,2026-06-02T23:12:52.966111,v0.7.0+
rp,/Volumes/Samsam/Public/USIdata/ilawskie-przedsiebiorstwo-budowlane-ipb-sp-z-oo/rezydencja-vintage-budynek-g6-olsztyn/usi_rp_14243.json,2026-05-25T02:06:06.290359,2026-06-02T23:12:52.974033,v0.7.0+
rp,/Volumes/Samsam/Public/USIdata/ilawskie-przedsiebiorstwo-budowlane-ipb-sp-z-oo/villa-kosciuszki-9a-ilawa/usi_rp_15603.json,2026-05-25T02:06:06.293374,2026-06-02T23:12:52.979529,v0.7.0+
oto,/Volumes/Samsam/Public/USIdata/im-investments-sp-z-o-o/okrzei-17a/usi_oto_4yKiT.json,2026-05-25T02:06:06.244794,2026-05-25T02:06:06.244795,v0.7.0+
oto,/Volumes/Samsam/Public/USIdata/immobart/osiedle-kwiatow/usi_oto_4lNrh.json,2026-05-25T02:06:06.241372,2026-05-25T02:06:06.241373,v0.7.0+
rp,/Volumes/Samsam/Public/USIdata/immobart-sp-z-oo-sp-k/osiedle-bajka-piaseczynski-nowa-wola/usi_rp_13717.json,2026-05-25T02:06:06.234745,2026-06-02T23:12:52.801296,v0.7.0+
rp,/Volumes/Samsam/Public/USIdata/immobart-sp-z-oo-sp-k/osiedle-kwiatow-etap-iii-piaseczynski-nowa-wola/usi_rp_17783.json,2026-05-25T02:06:06.238397,2026-06-02T23:12:52.808369,v0.7.0+
rp,/Volumes/Samsam/Public/USIdata/immobilia-polska/kameralny-slawin-etap-vi-lublin/usi_rp_16330.json,2026-05-25T02:06:06.226432,2026-06-02T23:12:52.785250,v0.7.0+
rp,/Volumes/Samsam/Public/USIdata/immobilia-polska/nowy-czechow-lublin/usi_rp_14467.json,2026-05-25T02:06:06.231185,2026-06-02T23:12:52.792489,v0.7.0+
oto,/Volumes/Samsam/Public/USIdata/immondis-sp-z-o-o/kiepury-33/usi_oto_4neHu.json,2026-05-25T02:06:06.216954,2026-05-25T02:06:06.216955,v0.7.0+
oto,/Volumes/Samsam/Public/USIdata/immondis-sp-z-o-o/oko-karkonoszy-apartamenty-rakownica/usi_oto_4g3Fh.json,2026-05-25T02:06:06.221452,2026-05-25T02:06:06.221454,v0.7.0+
rp,/Volumes/Samsam/Public/USIdata/immoplus-krakow-sp-z-oo/ogrody-balzaka-wroclaw-oporow/usi_rp_15807.json,2026-05-25T02:06:06.212668,2026-06-02T23:12:52.777148,v0.7.0+
oto,/Volumes/Samsam/Public/USIdata/imperial-capital/cascada-house/usi_oto_4x3Aq.json,2026-05-25T02:06:06.163913,2026-05-25T02:06:06.163914,v0.7.0+
oto,/Volumes/Samsam/Public/USIdata/imperial-capital/cystersow-19-lokale-inwestycyjne/usi_oto_4B93k.json,2026-05-25T02:06:06.169357,2026-05-25T02:06:06.169359,v0.7.0+
oto,/Volumes/Samsam/Public/USIdata/imperial-capital/cystersow-19-lokale-inwestycyjne/usi_oto_67958282.json,2026-05-25T02:06:06.169357,2026-06-02T11:04:57.798895,v0.7.0+
oto,/Volumes/Samsam/Public/USIdata/imperial-capital/green-park-villa-iii/usi_oto_4dzpm.json,2026-05-25T02:06:06.174825,2026-05-25T02:06:06.174827,v0.7.0+
oto,/Volumes/Samsam/Public/USIdata/imperial-capital/imperial-quadra/usi_oto_4zwZS.json,2026-05-25T02:06:06.181235,2026-05-25T02:06:06.181237,v0.7.0+
oto,/Volumes/Samsam/Public/USIdata/imperial-capital/kobi-house/usi_oto_4l1vV.json,2026-05-25T02:06:06.191511,2026-05-25T02:06:06.191512,v0.7.0+
oto,/Volumes/Samsam/Public/USIdata/imperial-capital/la-vie-house/usi_oto_4rDCz.json,2026-05-25T02:06:06.194534,2026-05-25T02:06:06.194535,v0.7.0+
to,/Volumes/Samsam/Public/USIdata/imperial-capital/la-vie-house-lagiewnicka-krakow-podgorze-mieszkania-na-sprzedaz/usi_to_8935962.json,2026-05-25T02:04:59.579255,2026-05-25T02:04:59.579259,v0.7.0+
oto,/Volumes/Samsam/Public/USIdata/imperial-capital/look-up-house/usi_oto_4t7Ut.json,2026-05-25T02:06:06.197663,2026-05-25T02:06:06.197664,v0.7.0+
oto,/Volumes/Samsam/Public/USIdata/imperial-capital/river-park/usi_oto_4ze9V.json,2026-05-25T02:06:06.202361,2026-05-25T02:06:06.202362,v0.7.0+
oto,/Volumes/Samsam/Public/USIdata/imperial-capital/silo/usi_oto_4AS9f.json,2026-05-25T02:06:06.206225,2026-05-25T02:06:06.206226,v0.7.0+
oto,/Volumes/Samsam/Public/USIdata/imperial-capital/silo/usi_oto_67893301.json,2026-05-25T02:06:06.206225,2026-06-02T11:05:23.322073,v0.7.0+
oto,/Volumes/Samsam/Public/USIdata/imperial-capital/stawowa-residence-v/usi_oto_4nsu6.json,2026-05-25T02:06:06.209681,2026-05-25T02:06:06.209682,v0.7.0+
rp,/Volumes/Samsam/Public/USIdata/imperial-capital-sp-z-oo-green-park-i-sp-k/cystersow-19-lokale-inwestycyjne-krakow-grzegorzki/usi_rp_17526.json,2026-05-25T02:06:06.062339,2026-06-02T23:12:52.675707,v0.7.0+
rp,/Volumes/Samsam/Public/USIdata/imperial-capital-sp-z-oo-green-park-i-sp-k/stawowa-residence-etap-v-krakow-pradnik-bialy/usi_rp_16728.json,2026-05-25T02:06:06.154586,2026-06-02T23:12:52.758715,v0.7.0+
oto,/Volumes/Samsam/Public/USIdata/ims-budownictwo/krakowskie-tarasy-v/usi_oto_4hGu9.json,2026-05-25T02:06:06.035769,2026-05-25T02:06:06.035770,v0.7.0+
oto,/Volumes/Samsam/Public/USIdata/ims-budownictwo/rondo-ceglana-ii/usi_oto_4pp8o.json,2026-05-25T02:06:06.045154,2026-05-25T02:06:06.045155,v0.7.0+
oto,/Volumes/Samsam/Public/USIdata/ims-budownictwo/rondo-ceglana-ii-apartamenty-inwestycyjne/usi_oto_4pp8D.json,2026-05-25T02:06:06.048224,2026-05-25T02:06:06.048225,v0.7.0+
oto,/Volumes/Samsam/Public/USIdata/in-tech-development-sp-z-o-o/miejski-las-kolobrzeg/usi_oto_4g59X.json,2026-05-25T02:06:06.027903,2026-05-25T02:06:06.027904,v0.7.0+
rp,/Volumes/Samsam/Public/USIdata/in-tech-industrial-service-sp-z-oo/miejski-las-kolobrzeg/usi_rp_15316.json,2026-05-25T02:06:06.023140,2026-06-02T23:12:52.468167,v0.7.0+
oto,/Volumes/Samsam/Public/USIdata/inbud-bielsko-sp-z-o-o-browar-sp-k/stary-browar-apartamenty-etap-1-i-2/usi_oto_4hrvm.json,2026-05-25T02:06:06.012867,2026-05-25T02:06:06.012869,v0.7.0+
oto,/Volumes/Samsam/Public/USIdata/inbud-bielsko-sp-z-o-o-browar-sp-k/stary-browar-apartamenty-lokale-uslugowe/usi_oto_4jKOO.json,2026-05-25T02:06:06.019227,2026-05-25T02:06:06.019229,v0.7.0+
oto,/Volumes/Samsam/Public/USIdata/inbud-bielsko-sp-z-o-o-kopernika-sp-k/apartamenty-kopernika/usi_oto_4tjk9.json,2026-05-25T02:06:06.008924,2026-05-25T02:06:06.008925,v0.7.0+
oto,/Volumes/Samsam/Public/USIdata/inbud-inwestycje-sp-z-o-o-zacisze-sp-k/apartamenty-zacisze/usi_oto_4lQgN.json,2026-05-25T02:06:06.005080,2026-05-25T02:06:06.005082,v0.7.0+
to,/Volumes/Samsam/Public/USIdata/incepti/incepti-gaj-2-zegiestowska-5-wroclaw-gaj-krzyki-mieszkania-na-sprzedaz/usi_to_9180798.json,2026-05-25T02:04:59.554019,2026-05-25T02:04:59.554021,v0.7.0+
oto,/Volumes/Samsam/Public/USIdata/incepti-sp-z-o-o-gaj-s-k/incepti-gaj/usi_oto_4rFxu.json,2026-05-25T02:06:05.997609,2026-05-25T02:06:05.997611,v0.7.0+
oto,/Volumes/Samsam/Public/USIdata/indelit-olimpijczykow-sp-z-o-o/osiedle-olimpijczykow-etap-ii/usi_oto_4jTwQ.json,2026-05-25T02:06:05.989814,2026-05-25T02:06:05.989816,v0.7.0+
to,/Volumes/Samsam/Public/USIdata/inhome/osiedle-artpark-wolowa-4a-lodz-polesie-mieszkania-na-sprzedaz/usi_to_8985892.json,2026-05-25T02:04:59.534043,2026-05-25T02:04:59.534049,v0.7.0+
oto,/Volumes/Samsam/Public/USIdata/inkom/osiedle-metr-kwadrat/usi_oto_4za7N.json,2026-05-25T02:06:05.980780,2026-05-25T02:06:05.980783,v0.7.0+
oto,/Volumes/Samsam/Public/USIdata/inopa-investment-centaurus-spolka-z-ograniczona-odpowiedzialnoscia/centaurus/usi_oto_4BhvJ.json,2026-05-25T02:06:05.959867,2026-05-25T02:06:05.959869,v0.7.0+
oto,/Volumes/Samsam/Public/USIdata/inopa-investment-centaurus-spolka-z-ograniczona-odpowiedzialnoscia/centaurus/usi_oto_67990857.json,2026-05-25T02:06:05.959867,2026-06-02T11:04:39.951845,v0.7.0+
oto,/Volumes/Samsam/Public/USIdata/inovahome-development-sp-z-o-o/lapczyca-pod-bochnia/usi_oto_4sffR.json,2026-05-25T02:06:05.955908,2026-05-25T02:06:05.955910,v0.7.0+
oto,/Volumes/Samsam/Public/USIdata/inpro/atut/usi_oto_4Aqrn.json,2026-05-25T02:06:05.932749,2026-05-25T02:06:05.932751,v0.7.0+
oto,/Volumes/Samsam/Public/USIdata/inpro/city-park/usi_oto_4y6dm.json,2026-05-25T02:06:05.937745,2026-05-25T02:06:05.937747,v0.7.0+
oto,/Volumes/Samsam/Public/USIdata/inpro/forma/usi_oto_4xsQ8.json,2026-05-25T02:06:05.942215,2026-05-25T02:06:05.942217,v0.7.0+
oto,/Volumes/Samsam/Public/USIdata/inpro/koncept/usi_oto_4dsVR.json,2026-05-25T02:06:05.945335,2026-05-25T02:06:05.945336,v0.7.0+
oto,/Volumes/Samsam/Public/USIdata/inpro/optima/usi_oto_4dtgt.json,2026-05-25T02:06:05.948884,2026-05-25T02:06:05.948886,v0.7.0+
oto,/Volumes/Samsam/Public/USIdata/inpro/rumia-centralna/usi_oto_4xsUL.json,2026-05-25T02:06:05.952919,2026-05-25T02:06:05.952921,v0.7.0+
rp,/Volumes/Samsam/Public/USIdata/inpro-sa/azymut-gdynia-maly-kack/usi_rp_7603.json,2026-05-25T02:06:05.831243,2026-06-02T23:12:52.180616,v0.7.0+
rp,/Volumes/Samsam/Public/USIdata/inpro-sa/debiut-gdanski-pruszcz-gdanski/usi_rp_8658.json,2026-05-25T02:06:05.851651,2026-06-02T23:12:52.223883,v0.7.0+
rp,/Volumes/Samsam/Public/USIdata/inpro-sa/golf-park-kartuski-tuchom/usi_rp_3770.json,2026-05-25T02:06:05.857093,2026-06-02T23:12:52.238954,v0.7.0+
rp,/Volumes/Samsam/Public/USIdata/inpro-sa/harmonia-oliwska-gdansk-oliwa/usi_rp_7610.json,2026-05-25T02:06:05.860625,2026-06-02T23:12:52.246269,v0.7.0+
rp,/Volumes/Samsam/Public/USIdata/inpro-sa/kwartal-uniwersytecki-gdansk-przymorze-male/usi_rp_7607.json,2026-05-25T02:06:05.867009,2026-06-02T23:12:52.261047,v0.7.0+
rp,/Volumes/Samsam/Public/USIdata/inpro-sa/mikolajki-apartamenty-mikolajki/usi_rp_15586.json,2026-05-25T02:06:05.869531,2026-06-02T23:12:52.267105,v0.7.0+
rp,/Volumes/Samsam/Public/USIdata/inpro-sa/optima-vi-gdansk-jasien/usi_rp_17610.json,2026-05-25T02:06:05.875791,2026-06-02T23:12:52.281446,v0.7.0+
rp,/Volumes/Samsam/Public/USIdata/inpro-sa/optima-vii-gdansk-jasien/usi_rp_16327.json,2026-05-25T02:06:05.878627,2026-06-02T23:12:52.290280,v0.7.0+
rp,/Volumes/Samsam/Public/USIdata/inpro-sa/optima-viii-gdansk-jasien/usi_rp_16328.json,2026-05-25T02:06:05.882568,2026-06-02T23:12:52.296723,v0.7.0+
rp,/Volumes/Samsam/Public/USIdata/inpro-sa/osiedle-brawo-2-pruszcz-gdanski/usi_rp_14538.json,2026-05-25T02:06:05.885889,2026-06-02T23:12:52.304149,v0.7.0+
rp,/Volumes/Samsam/Public/USIdata/inpro-sa/osiedle-koncept-gdansk-ujescisko-lostowice/usi_rp_14537.json,2026-05-25T02:06:05.892406,2026-06-02T23:12:52.316437,v0.7.0+
rp,/Volumes/Samsam/Public/USIdata/inpro-sa/osiedle-koncept-iii-gdansk-ujescisko-lostowice/usi_rp_16332.json,2026-05-25T02:06:05.896701,2026-06-02T23:12:52.323806,v0.7.0+
rp,/Volumes/Samsam/Public/USIdata/inpro-sa/osiedle-start-gdansk-kokoszki/usi_rp_11270.json,2026-05-25T02:06:05.905192,2026-06-02T23:12:52.337702,v0.7.0+
rp,/Volumes/Samsam/Public/USIdata/inpro-sa/ostoja-wejherowski-rumia/usi_rp_11884.json,2026-05-25T02:06:05.909228,2026-06-02T23:12:52.346742,v0.7.0+
rp,/Volumes/Samsam/Public/USIdata/inpro-sa/prolog-olsztyn/usi_rp_15588.json,2026-05-25T02:06:05.912979,2026-06-02T23:12:52.352992,v0.7.0+
rp,/Volumes/Samsam/Public/USIdata/inpro-sa/rumia-centralna-reda/usi_rp_16679.json,2026-05-25T02:06:05.916781,2026-06-02T23:12:52.364040,v0.7.0+
rp,/Volumes/Samsam/Public/USIdata/inpro-sa/rytm-gdansk-matarnia/usi_rp_14480.json,2026-05-25T02:06:05.919880,2026-06-02T23:12:52.373159,v0.7.0+
oto,/Volumes/Samsam/Public/USIdata/instal-krakow/nowe-zabrze/usi_oto_4qUDv.json,2026-05-25T02:06:05.816491,2026-05-25T02:06:05.816493,v0.7.0+
rp,/Volumes/Samsam/Public/USIdata/instal-krakow-sa/mierzeja-wislana-etap-ii-krakow-podgorze/usi_rp_15859.json,2026-05-25T02:06:05.803314,2026-06-02T23:12:52.130118,v0.7.0+
rp,/Volumes/Samsam/Public/USIdata/instal-krakow-sa/mierzeja-wislana-etap-iv-krakow-podgorze/usi_rp_19229.json,2026-05-25T02:06:05.810214,2026-06-02T23:12:52.148582,v0.7.0+
oto,/Volumes/Samsam/Public/USIdata/instalgaz-arkadiusz-kedra/rzeszowskie-katy/usi_oto_4tYFI.json,2026-05-25T02:06:05.799011,2026-05-25T02:06:05.799013,v0.7.0+
oto,/Volumes/Samsam/Public/USIdata/integral-capital-spolka-z-ograniczona-odpowiedzialnoscia/villa-verneda/usi_oto_4oQl2.json,2026-05-25T02:06:05.794131,2026-05-25T02:06:05.794132,v0.7.0+
oto,/Volumes/Samsam/Public/USIdata/inter-bud-developer/bunscha-residence/usi_oto_4u0St.json,2026-05-25T02:06:05.773632,2026-05-25T02:06:05.773634,v0.7.0+
oto,/Volumes/Samsam/Public/USIdata/inter-bud-developer/parkowe-kliny/usi_oto_4tyP6.json,2026-05-25T02:06:05.777923,2026-05-25T02:06:05.777925,v0.7.0+
oto,/Volumes/Samsam/Public/USIdata/inter-bud-developer/piasta-towers/usi_oto_4lfYC.json,2026-05-25T02:06:05.781332,2026-05-25T02:06:05.781336,v0.7.0+
oto,/Volumes/Samsam/Public/USIdata/inter-bud-developer/wislane-tarasy-2-0/usi_oto_4lfZn.json,2026-05-25T02:06:05.786383,2026-05-25T02:06:05.786384,v0.7.0+
oto,/Volumes/Samsam/Public/USIdata/inter-bud-developer/wislane-tarasy-2-0-bud-c/usi_oto_4u40S.json,2026-05-25T02:06:05.790608,2026-05-25T02:06:05.790610,v0.7.0+
rp,/Volumes/Samsam/Public/USIdata/inter-bud-developer-sp-z-oo/wislane-tarasy-20-budynek-b-krakow-grzegorzki/usi_rp_20232.json,2026-05-25T02:06:05.762362,2026-06-02T23:12:52.112136,v0.7.0+
rp,/Volumes/Samsam/Public/USIdata/inter-bud-developer-sp-z-oo/wislane-tarasy-20-budynek-c-krakow-grzegorzki/usi_rp_18957.json,2026-05-25T02:06:05.769401,2026-06-02T23:12:52.121385,v0.7.0+
rp,/Volumes/Samsam/Public/USIdata/inter-bud-developer-sp-z-oo-spk/nove-skotniki-krakow-debniki/usi_rp_9339.json,2026-05-25T02:06:05.676160,2026-06-02T23:12:51.936390,v0.7.0+
rp,/Volumes/Samsam/Public/USIdata/inter-bud-developer-sp-z-oo-spk/osiedle-bobrzynskiego-przemiarki-krakow-debniki/usi_rp_9077.json,2026-05-25T02:06:05.694553,2026-06-02T23:12:51.979435,v0.7.0+
rp,/Volumes/Samsam/Public/USIdata/inter-bud-developer-sp-z-oo-spk/willa-wego-krakow-bronowice/usi_rp_4336.json,2026-05-25T02:06:05.734922,2026-06-02T23:12:52.062213,v0.7.0+
oto,/Volumes/Samsam/Public/USIdata/inter-dos-sp-z-o-o/wille-miejskie-wawer-osiedle-czarnuszki/usi_oto_4rUX5.json,2026-05-25T02:06:05.633789,2026-05-25T02:06:05.633791,v0.7.0+
oto,/Volumes/Samsam/Public/USIdata/inter-es-deweloper/osiedle-opolska/usi_oto_4yXgE.json,2026-05-25T02:06:05.626809,2026-05-25T02:06:05.626811,v0.7.0+
oto,/Volumes/Samsam/Public/USIdata/interbud-construction-s-a/osiedle-lotnikow-etap-iii/usi_oto_4ntYU.json,2026-05-25T02:06:05.619781,2026-05-25T02:06:05.619783,v0.7.0+
oto,/Volumes/Samsam/Public/USIdata/interbud-construction-s-a/zielony-felin/usi_oto_4vUjz.json,2026-05-25T02:06:05.623693,2026-05-25T02:06:05.623695,v0.7.0+
rp,/Volumes/Samsam/Public/USIdata/interium-investment-sp-z-oo-sp-k/kobieli-park-gdansk-brzezno/usi_rp_13228.json,2026-05-25T02:06:05.609968,2026-06-02T23:12:51.692448,v0.7.0+
rp,/Volumes/Samsam/Public/USIdata/interium-investment-sp-z-oo-sp-k/zielona-park-etap-3-gdansk-ujescisko-lostowice/usi_rp_16536.json,2026-05-25T02:06:05.617092,2026-06-02T23:12:51.706589,v0.7.0+
oto,/Volumes/Samsam/Public/USIdata/invemio-bis-sp-zo-o/eko-sucharskiego/usi_oto_4xYCi.json,2026-05-25T02:06:05.605963,2026-05-25T02:06:05.605964,v0.7.0+
rp,/Volumes/Samsam/Public/USIdata/invest-complex/dominowo-wielkopolskie-sredzki-dominowo/usi_rp_15997.json,2026-05-25T02:06:05.539590,2026-06-02T23:12:51.401203,v0.7.0+
oto,/Volumes/Samsam/Public/USIdata/invest-complex/fuelda/usi_oto_4uzqz.json,2026-05-25T02:06:05.544868,2026-05-25T02:06:05.544870,v0.7.0+
rp,/Volumes/Samsam/Public/USIdata/invest-complex/fuelda-poznan-umultowo/usi_rp_17044.json,2026-05-25T02:06:05.549237,2026-06-02T23:12:51.531328,v0.7.0+
rp,/Volumes/Samsam/Public/USIdata/invest-complex/gwiazdowo-etap-7-kostrzyn/usi_rp_17299.json,2026-05-25T02:06:05.553153,2026-06-02T23:12:51.556529,v0.7.0+
oto,/Volumes/Samsam/Public/USIdata/invest-complex/gwiazdowo-ii/usi_oto_4AB09.json,2026-05-25T02:06:05.558708,2026-05-25T02:06:05.558709,v0.7.0+
oto,/Volumes/Samsam/Public/USIdata/invest-complex/gwiazdowo-ii/usi_oto_67827389.json,2026-05-25T02:06:05.558708,2026-06-02T11:05:52.446791,v0.7.0+
rp,/Volumes/Samsam/Public/USIdata/invest-complex/nowoczesna-villa-skorzewo-ii-poznanski-skorzewo/usi_rp_14457.json,2026-05-25T02:06:05.568000,2026-06-02T23:12:51.582133,v0.7.0+
rp,/Volumes/Samsam/Public/USIdata/invest-complex/osiedle-gwiazdowo-etap-4b-kostrzyn/usi_rp_17040.json,2026-05-25T02:06:05.573837,2026-06-02T23:12:51.648608,v0.7.0+
rp,/Volumes/Samsam/Public/USIdata/invest-complex/osiedle-gwiazdowo-etap-5-poznanski-gwiazdowo/usi_rp_16223.json,2026-05-25T02:06:05.576966,2026-06-02T23:12:51.656048,v0.7.0+
rp,/Volumes/Samsam/Public/USIdata/invest-complex/osiedle-gwiazdowo-etap-6b-poznanski-gwiazdowo/usi_rp_18038.json,2026-05-25T02:06:05.580221,2026-06-02T23:12:51.664120,v0.7.0+
rp,/Volumes/Samsam/Public/USIdata/invest-complex/osiedle-gwiazdowo-etap-8-poznanski-gwiazdowo/usi_rp_17301.json,2026-05-25T02:06:05.583368,2026-06-02T23:12:51.670750,v0.7.0+
rp,/Volumes/Samsam/Public/USIdata/invest-complex/osiedle-gwiazdowo-etap-9-poznanski-skalowo/usi_rp_18298.json,2026-05-25T02:06:05.599496,2026-06-02T23:12:51.679621,v0.7.0+
to,/Volumes/Samsam/Public/USIdata/invest-complex/osiedle-gwiazdowo-ii-gwiazdowo-polwiejska-kostrzyn-mieszkania-na-sprzedaz/usi_to_8680313.json,2026-05-25T02:04:59.511980,2026-05-25T02:04:59.511983,v0.7.0+
rp,/Volumes/Samsam/Public/USIdata/invest-complex/osiedle-gwiazdowo-kostrzyn/usi_rp_15740.json,2026-05-25T02:06:05.603061,2026-06-02T23:12:51.686862,v0.7.0+
oto,/Volumes/Samsam/Public/USIdata/invest-gram/nowa-panorama/usi_oto_4p5Iw.json,2026-05-25T02:06:05.536358,2026-05-25T02:06:05.536360,v0.7.0+
oto,/Volumes/Samsam/Public/USIdata/invest-house/moja-igolomska/usi_oto_4BdIJ.json,2026-05-25T02:06:05.524461,2026-05-25T02:06:05.524462,v0.7.0+
oto,/Volumes/Samsam/Public/USIdata/invest-house/moja-igolomska/usi_oto_67976225.json,2026-05-25T02:06:05.524461,2026-06-02T11:04:47.353476,v0.7.0+
oto,/Volumes/Samsam/Public/USIdata/invest-house/nowe-branice-ii/usi_oto_4ACLz.json,2026-05-25T02:06:05.529036,2026-05-25T02:06:05.529037,v0.7.0+
oto,/Volumes/Samsam/Public/USIdata/invest-house/nowe-branice-ii/usi_oto_67834173.json,2026-05-25T02:06:05.529036,2026-06-02T11:05:49.876997,v0.7.0+
oto,/Volumes/Samsam/Public/USIdata/invest-house/nowe-mieszkania-od-31m2-do-45m2-nowa-huta/usi_oto_4rUGJ.json,2026-05-25T02:06:05.533125,2026-05-25T02:06:05.533127,v0.7.0+
oto,/Volumes/Samsam/Public/USIdata/invest-komfort/gdanska/usi_oto_4kLoH.json,2026-05-25T02:06:05.478823,2026-05-25T02:06:05.478825,v0.7.0+
oto,/Volumes/Samsam/Public/USIdata/invest-komfort/legionow121/usi_oto_4xBI2.json,2026-05-25T02:06:05.484366,2026-05-25T02:06:05.484371,v0.7.0+
oto,/Volumes/Samsam/Public/USIdata/invest-komfort/miasto-gdy/usi_oto_4xBHL.json,2026-05-25T02:06:05.490926,2026-05-25T02:06:05.490928,v0.7.0+
oto,/Volumes/Samsam/Public/USIdata/invest-komfort/nadmorski-dwor/usi_oto_4xBHV.json,2026-05-25T02:06:05.496793,2026-05-25T02:06:05.496795,v0.7.0+
oto,/Volumes/Samsam/Public/USIdata/invest-komfort/off-miasto/usi_oto_4ynKG.json,2026-05-25T02:06:05.502209,2026-05-25T02:06:05.502211,v0.7.0+
oto,/Volumes/Samsam/Public/USIdata/invest-komfort/smolna/usi_oto_4osj2.json,2026-05-25T02:06:05.508113,2026-05-25T02:06:05.508115,v0.7.0+
oto,/Volumes/Samsam/Public/USIdata/invest-komfort/ukryte/usi_oto_4ynKI.json,2026-05-25T02:06:05.512911,2026-05-25T02:06:05.512913,v0.7.0+
oto,/Volumes/Samsam/Public/USIdata/invest-komfort/wita-77/usi_oto_4qhYc.json,2026-05-25T02:06:05.517299,2026-05-25T02:06:05.517301,v0.7.0+
rp,/Volumes/Samsam/Public/USIdata/invest-komfort-spolka-akcyjna-spk/nowe-kolibki-etap-4-gdynia-orlowo/usi_rp_16401.json,2026-05-25T02:06:05.445293,2026-06-02T23:12:51.322048,v0.7.0+
rp,/Volumes/Samsam/Public/USIdata/invest-komfort-spolka-akcyjna-spk/nowe-orlowo-gdynia-orlowo/usi_rp_2229.json,2026-05-25T02:06:05.452697,2026-06-02T23:12:51.339224,v0.7.0+
rp,/Volumes/Samsam/Public/USIdata/invest-komfort-spolka-akcyjna-spk/okrzei-etap-ii-sopot-karlikowo/usi_rp_11998.json,2026-05-25T02:06:05.455987,2026-06-02T23:12:51.346133,v0.7.0+
rp,/Volumes/Samsam/Public/USIdata/invest-komfort-spolka-akcyjna-spk/portova-gdynia-srodmiescie/usi_rp_9368.json,2026-05-25T02:06:05.466524,2026-06-02T23:12:51.366956,v0.7.0+
rp,/Volumes/Samsam/Public/USIdata/invest-komfort-spolka-akcyjna-spk/silva-etap-ii-gdynia-dzialki-lesne/usi_rp_9281.json,2026-05-25T02:06:05.469446,2026-06-02T23:12:51.372933,v0.7.0+
rp,/Volumes/Samsam/Public/USIdata/invest-komfort-spolka-akcyjna-spk/smolna-sopot/usi_rp_14479.json,2026-05-25T02:06:05.472264,2026-06-02T23:12:51.381047,v0.7.0+
rp,/Volumes/Samsam/Public/USIdata/invest-pel-sp-z-oo-sp-k/gdanskie-tarasy-iv-gdansk-jasien/usi_rp_11771.json,2026-05-25T02:06:05.411300,2026-06-02T23:12:51.247327,v0.7.0+
rp,/Volumes/Samsam/Public/USIdata/invest-pel-sp-z-oo-sp-k/villa-park-gdansk-etap-iii-gdansk-jasien/usi_rp_18183.json,2026-05-25T02:06:05.415120,2026-06-02T23:12:51.256686,v0.7.0+
rp,/Volumes/Samsam/Public/USIdata/invest-pel-sp-z-oo-sp-k/villa-park-gdansk-gdansk/usi_rp_13221.json,2026-05-25T02:06:05.418091,2026-06-02T23:12:51.264745,v0.7.0+
rp,/Volumes/Samsam/Public/USIdata/invest-pel-sp-z-oo-sp-k/villa-park-gdansk-gdansk-jasien/usi_rp_13222.json,2026-05-25T02:06:05.420597,2026-06-02T23:12:51.270953,v0.7.0+
to,/Volumes/Samsam/Public/USIdata/investhouse/nowe-branice-etap-ii-szymanskiego-krakow-nowa-huta-branice-mieszkania-na-sprzedaz/usi_to_9235051.json,2026-06-02T10:53:53.212848,2026-06-02T10:53:53.607992,v0.7.0+
oto,/Volumes/Samsam/Public/USIdata/investify/osiedle-pod-gwiazdami/usi_oto_4vTmO.json,2026-05-25T02:06:05.407152,2026-05-25T02:06:05.407153,v0.7.0+
oto,/Volumes/Samsam/Public/USIdata/investor-property-deweloper-opole/investor-property-opole-osada-forestia-zawada/usi_oto_4ywCg.json,2026-05-25T02:06:05.397830,2026-05-25T02:06:05.397833,v0.7.0+
oto,/Volumes/Samsam/Public/USIdata/investor-property-deweloper-opole/investor-property-opole-osiedle-ledziny/usi_oto_4lHn0.json,2026-05-25T02:06:05.402580,2026-05-25T02:06:05.402582,v0.7.0+
oto,/Volumes/Samsam/Public/USIdata/inwestgrupa/piwna-21/usi_oto_4vJ4Q.json,2026-05-25T02:06:05.364646,2026-05-25T02:06:05.364648,v0.7.0+
rp,/Volumes/Samsam/Public/USIdata/inwestor-dom/osiedle-mala-dziesiata-etap-ii-lublin/usi_rp_18945.json,2026-05-25T02:06:05.359581,2026-06-02T23:12:51.037371,v0.7.0+
oto,/Volumes/Samsam/Public/USIdata/inwestpiast-kolodziej-sp-j/osiedle-zielony-zakatek/usi_oto_4B3Vj.json,2026-05-25T02:06:05.354379,2026-05-25T02:06:05.354382,v0.7.0+
oto,/Volumes/Samsam/Public/USIdata/inwestpiast-kolodziej-sp-j/osiedle-zielony-zakatek/usi_oto_67938627.json,2026-05-25T02:06:05.354379,2026-06-02T11:05:09.276173,v0.7.0+
to,/Volumes/Samsam/Public/USIdata/inwestycje-bobruk/zielona-marina-koscielna-56-mielno-apartamenty-inwestycyjne-na-sprzedaz/usi_to_9232471.json,2026-05-25T02:04:59.484514,2026-05-25T02:04:59.484516,v0.7.0+
oto,/Volumes/Samsam/Public/USIdata/inwestycje-cl/bytkowska-70b-c/usi_oto_4gHE6.json,2026-05-25T02:06:05.334666,2026-05-25T02:06:05.334667,v0.7.0+
oto,/Volumes/Samsam/Public/USIdata/inwestycje-cl/osiedle-kochanowskiego-gliwice/usi_oto_4pmUu.json,2026-05-25T02:06:05.339225,2026-05-25T02:06:05.339227,v0.7.0+
oto,/Volumes/Samsam/Public/USIdata/inwestycje-cl/osiedle-poezji/usi_oto_4oBmU.json,2026-05-25T02:06:05.343189,2026-05-25T02:06:05.343191,v0.7.0+
oto,/Volumes/Samsam/Public/USIdata/inwestycje-cl/osiedle-sielanka/usi_oto_4rM81.json,2026-05-25T02:06:05.346842,2026-05-25T02:06:05.346844,v0.7.0+
oto,/Volumes/Samsam/Public/USIdata/inwestycje-cl/ostrawska-1/usi_oto_4fGKc.json,2026-05-25T02:06:05.350054,2026-05-25T02:06:05.350055,v0.7.0+
rp,/Volumes/Samsam/Public/USIdata/inwestycje-empio-sp-z-oo/dworcowa-28-bydgoszcz/usi_rp_18226.json,2026-05-25T02:06:05.329505,2026-06-02T23:12:51.026039,v0.7.0+
oto,/Volumes/Samsam/Public/USIdata/inwestycje-poludnie-biedron-cichon-jambor-marszolek-sp-k/4-katy-na-szkolnej/usi_oto_4lplM.json,2026-05-25T02:06:05.320661,2026-05-25T02:06:05.320663,v0.7.0+
oto,/Volumes/Samsam/Public/USIdata/inwestycje-poludnie-biedron-cichon-jambor-marszolek-sp-k/chryzantemovo/usi_oto_4wEn7.json,2026-05-25T02:06:05.325466,2026-05-25T02:06:05.325469,v0.7.0+
rp,/Volumes/Samsam/Public/USIdata/inwestycje-poludnie-sc/4-katy-na-szkolnej-zabrze/usi_rp_17096.json,2026-05-25T02:06:05.317078,2026-06-02T23:12:51.016573,v0.7.0+
rp,/Volumes/Samsam/Public/USIdata/inwestycje-renata-bobruk/ustronnie-residence-kolobrzeski-ustronie-morskie/usi_rp_14617.json,2026-05-25T02:06:05.302526,2026-06-02T23:12:50.849532,v0.7.0+
rp,/Volumes/Samsam/Public/USIdata/inwestycje-renata-bobruk/zielona-marina-apartamenty-inwestycyjne-mielno/usi_rp_19277.json,2026-05-25T02:06:05.308080,2026-06-02T23:12:50.991659,v0.7.0+
oto,/Volumes/Samsam/Public/USIdata/inwestycje-renata-bobruk/zielona-marina-apartamenty-inwestycyjne-w-mielnie/usi_oto_4vVcU.json,2026-05-25T02:06:05.312876,2026-05-25T02:06:05.312877,v0.7.0+
oto,/Volumes/Samsam/Public/USIdata/inwestycje-wielkopolski/plac-wolnosci-6-miniaprtamenty-biura-lokale/usi_oto_4k7nx.json,2026-05-25T02:06:05.298465,2026-05-25T02:06:05.298467,v0.7.0+
oto,/Volumes/Samsam/Public/USIdata/ippon-group/osiedle-slow/usi_oto_4ptXt.json,2026-05-25T02:06:05.289933,2026-05-25T02:06:05.289934,v0.7.0+
oto,/Volumes/Samsam/Public/USIdata/ippon-group/osiedle-tempo/usi_oto_4zjvX.json,2026-05-25T02:06:05.294875,2026-05-25T02:06:05.294876,v0.7.0+
oto,/Volumes/Samsam/Public/USIdata/ippon-group-sp-z-o-o/osiedle-synergia/usi_oto_4sfsk.json,2026-05-25T02:06:05.284973,2026-05-25T02:06:05.284975,v0.7.0+
rp,/Volumes/Samsam/Public/USIdata/ippon-group-sp-z-oo/osiedle-aurora-etap-iv-olsztyn/usi_rp_14185.json,2026-05-25T02:06:05.271204,2026-06-02T23:12:50.824110,v0.7.0+
rp,/Volumes/Samsam/Public/USIdata/ippon-group-sp-z-oo/slow-olsztyn/usi_rp_17365.json,2026-05-25T02:06:05.275896,2026-06-02T23:12:50.834533,v0.7.0+
rp,/Volumes/Samsam/Public/USIdata/ippon-group-sp-z-oo/synergia-olsztyn/usi_rp_17658.json,2026-05-25T02:06:05.280098,2026-06-02T23:12:50.841874,v0.7.0+
oto,/Volumes/Samsam/Public/USIdata/iq-development/garden-villa/usi_oto_4s6Eu.json,2026-05-25T02:06:05.247785,2026-05-25T02:06:05.247786,v0.7.0+
rp,/Volumes/Samsam/Public/USIdata/iq-development/gardenvilla-bydgoski-niemcz/usi_rp_14747.json,2026-05-25T02:06:05.251903,2026-06-02T23:12:50.662122,v0.7.0+
rp,/Volumes/Samsam/Public/USIdata/iq-development/kamienica-antczaka-46-torun/usi_rp_15216.json,2026-05-25T02:06:05.255311,2026-06-02T23:12:50.789661,v0.7.0+
oto,/Volumes/Samsam/Public/USIdata/iq-development/palladium-paderewskiego-25/usi_oto_4s6DY.json,2026-05-25T02:06:05.259460,2026-05-25T02:06:05.259462,v0.7.0+
oto,/Volumes/Samsam/Public/USIdata/iq-development/uniq-pomorska-4-8/usi_oto_4nsNA.json,2026-05-25T02:06:05.263969,2026-05-25T02:06:05.263971,v0.7.0+
rp,/Volumes/Samsam/Public/USIdata/iq-development/uniq-pomorska-4-8-bydgoszcz/usi_rp_16380.json,2026-05-25T02:06:05.267764,2026-06-02T23:12:50.814205,v0.7.0+
oto,/Volumes/Samsam/Public/USIdata/isbud-development/kamienica-rybitew-3/usi_oto_4z5hI.json,2026-05-25T02:06:05.219019,2026-05-25T02:06:05.219021,v0.7.0+
oto,/Volumes/Samsam/Public/USIdata/isbud-development/osiedle-idea-park-xiii/usi_oto_4Bk2J.json,2026-05-25T02:06:05.224916,2026-05-25T02:06:05.224918,v0.7.0+
oto,/Volumes/Samsam/Public/USIdata/isbud-development/osiedle-idea-park-xiii/usi_oto_68000529.json,2026-05-25T02:06:05.224916,2026-06-02T11:04:34.388784,v0.7.0+
oto,/Volumes/Samsam/Public/USIdata/isbud-development/osiedle-premium-xii/usi_oto_4vILd.json,2026-05-25T02:06:05.230092,2026-05-25T02:06:05.230095,v0.7.0+
oto,/Volumes/Samsam/Public/USIdata/isbud-development/osiedle-premium-xiii/usi_oto_4Be16.json,2026-05-25T02:06:05.235890,2026-05-25T02:06:05.235892,v0.7.0+
oto,/Volumes/Samsam/Public/USIdata/isbud-development/osiedle-premium-xiii/usi_oto_67977364.json,2026-05-25T02:06:05.235890,2026-06-02T11:04:46.275071,v0.7.0+
oto,/Volumes/Samsam/Public/USIdata/isbud-development/osiedle-przy-azalii-2/usi_oto_4AabP.json,2026-05-25T02:06:05.240549,2026-05-25T02:06:05.240551,v0.7.0+
rp,/Volumes/Samsam/Public/USIdata/itw-sp-z-oo/zielone-zalesie-krakowski-zalesie/usi_rp_14139.json,2026-05-25T02:06:05.214764,2026-06-02T23:12:50.645077,v0.7.0+
rp,/Volumes/Samsam/Public/USIdata/izerski-bulwar/bulwar-izerski-swieradow-zdroj/usi_rp_19381.json,2026-05-25T02:06:05.210128,2026-06-02T23:12:50.638598,v0.7.0+
oto,/Volumes/Samsam/Public/USIdata/j-j-investment/sycylijska/usi_oto_4pius.json,2026-05-25T02:06:05.205139,2026-05-25T02:06:05.205141,v0.7.0+
oto,/Volumes/Samsam/Public/USIdata/j-king-sp-z-o-o/nowa-lesnica-ii-etap/usi_oto_4yQkr.json,2026-05-25T02:06:05.199973,2026-05-25T02:06:05.199975,v0.7.0+
oto,/Volumes/Samsam/Public/USIdata/j-m-inwest-sp-z-o-o/osiedle-tawulkowa-ii/usi_oto_4ofBK.json,2026-05-25T02:06:05.194447,2026-05-25T02:06:05.194450,v0.7.0+
oto,/Volumes/Samsam/Public/USIdata/j-property-bis-m-jedrzejewski-i-stepniewski-spolka-jawna/osiedle-nowa-radzymin/usi_oto_4BkR3.json,2026-05-21T19:13:34.902610,2026-05-24T17:36:51.063447,v0.7.0+
oto,/Volumes/Samsam/Public/USIdata/j-property-marcin-jedrzejewski-i-wspolnicy-spolka-komandytowa/osiedle-nowa-radzymin/usi_oto_4BkR3.json,2026-05-25T02:06:05.186005,2026-05-25T02:06:05.186007,v0.7.0+
oto,/Volumes/Samsam/Public/USIdata/j-property-marcin-jedrzejewski-i-wspolnicy-spolka-komandytowa/osiedle-nowa-radzymin/usi_oto_68003649.json,2026-05-25T02:06:05.186005,2026-06-02T11:04:32.271941,v0.7.0+
oto,/Volumes/Samsam/Public/USIdata/j-property-marcin-jedrzejewski-i-wspolnicy-spolka-komandytowa/zakatek-rembertow/usi_oto_4fPDl.json,2026-05-25T02:06:05.190260,2026-05-25T02:06:05.190262,v0.7.0+
oto,/Volumes/Samsam/Public/USIdata/j-w-construction-holding/eco-berensona/usi_oto_4yID2.json,2026-05-25T02:06:05.181947,2026-05-25T02:06:05.181949,v0.7.0+
oto,/Volumes/Samsam/Public/USIdata/jack-bud-polska-sp-z-o-o-sp-k/nowy-wagrowiec-fotowoltaika-windy-balkony/usi_oto_4qhOF.json,2026-05-25T02:06:05.171249,2026-05-25T02:06:05.171251,v0.7.0+
oto,/Volumes/Samsam/Public/USIdata/jack-bud-polska-sp-z-o-o-sp-k/osiedle-lesne-rogozno-fotowoltaika-pompy-ciepla/usi_oto_4grMA.json,2026-05-25T02:06:05.175319,2026-05-25T02:06:05.175320,v0.7.0+
oto,/Volumes/Samsam/Public/USIdata/jack-bud-polska-sp-z-o-o-sp-k/osiedle-wierzbowe-w-budzyniu/usi_oto_4pIrI.json,2026-05-25T02:06:05.178670,2026-05-25T02:06:05.178672,v0.7.0+
oto,/Volumes/Samsam/Public/USIdata/jakon/kornicka-iv/usi_oto_4pvWa.json,2026-05-25T02:06:05.141399,2026-05-25T02:06:05.141401,v0.7.0+
to,/Volumes/Samsam/Public/USIdata/jakon/merano-park-ii-klonowa-3-wolsztyn-mieszkania-na-sprzedaz/usi_to_8895596.json,2026-05-25T02:04:59.466036,2026-05-25T02:04:59.466039,v0.7.0+
oto,/Volumes/Samsam/Public/USIdata/jakon/myslovia/usi_oto_4ynXf.json,2026-05-25T02:06:05.146637,2026-05-25T02:06:05.146639,v0.7.0+
oto,/Volumes/Samsam/Public/USIdata/jakon/nowa-czernica/usi_oto_4yUFg.json,2026-05-25T02:06:05.149972,2026-05-25T02:06:05.149974,v0.7.0+
oto,/Volumes/Samsam/Public/USIdata/jakon/nowe-tarnowo/usi_oto_4vPHY.json,2026-05-25T02:06:05.153513,2026-05-25T02:06:05.153515,v0.7.0+
oto,/Volumes/Samsam/Public/USIdata/jakon/osiedle-konopnickiej/usi_oto_4sxlV.json,2026-05-25T02:06:05.157312,2026-05-25T02:06:05.157314,v0.7.0+
oto,/Volumes/Samsam/Public/USIdata/jakon/sielskie-podolany/usi_oto_4umtu.json,2026-05-25T02:06:05.160472,2026-05-25T02:06:05.160474,v0.7.0+
to,/Volumes/Samsam/Public/USIdata/jakon/sielskie-podolany-jasielska-9-poznan-podolany-mieszkania-na-sprzedaz/usi_to_8864522.json,2026-05-25T02:04:59.473725,2026-05-25T02:04:59.473728,v0.7.0+
oto,/Volumes/Samsam/Public/USIdata/jakon/strzeszynska-77/usi_oto_4yZD5.json,2026-05-25T02:06:05.164313,2026-05-25T02:06:05.164320,v0.7.0+
oto,/Volumes/Samsam/Public/USIdata/jakon/wieruszowska-2/usi_oto_4umth.json,2026-05-25T02:06:05.168154,2026-05-25T02:06:05.168156,v0.7.0+
oto,/Volumes/Samsam/Public/USIdata/jakon-inwest/merano-park-2/usi_oto_4ssOq.json,2026-05-25T02:06:05.130667,2026-05-25T02:06:05.130668,v0.7.0+
oto,/Volumes/Samsam/Public/USIdata/jakon-inwest/nowe-tarnowo/usi_oto_4oXng.json,2026-05-25T02:06:05.134652,2026-05-25T02:06:05.134654,v0.7.0+
oto,/Volumes/Samsam/Public/USIdata/jakon-inwest/nowy-wyszogrod-nowoczesne-mieszkania-nad-wisla/usi_oto_4f0cU.json,2026-05-25T02:06:05.138254,2026-05-25T02:06:05.138256,v0.7.0+
rp,/Volumes/Samsam/Public/USIdata/jakon-sp-z-oo/apartamenty-jasna-kamienski-miedzywodzie/usi_rp_17259.json,2026-05-25T02:06:04.797414,2026-06-02T23:12:50.249773,v0.7.0+
rp,/Volumes/Samsam/Public/USIdata/jakon-sp-z-oo/ellada-park-poznan-jezyce-strzeszyn/usi_rp_10204.json,2026-05-25T02:06:04.828252,2026-06-02T23:12:50.294304,v0.7.0+
rp,/Volumes/Samsam/Public/USIdata/jakon-sp-z-oo/gombrowicza-33-gniezno/usi_rp_15905.json,2026-05-25T02:06:04.839498,2026-06-02T23:12:50.306737,v0.7.0+
rp,/Volumes/Samsam/Public/USIdata/jakon-sp-z-oo/jachtowa-swinoujscie/usi_rp_15793.json,2026-05-25T02:06:04.919566,2026-06-02T23:12:50.322370,v0.7.0+
rp,/Volumes/Samsam/Public/USIdata/jakon-sp-z-oo/jeleniogorska-poznan-grunwald-junikowo/usi_rp_11798.json,2026-05-25T02:06:04.929896,2026-06-02T23:12:50.327534,v0.7.0+
rp,/Volumes/Samsam/Public/USIdata/jakon-sp-z-oo/kornicka-poznan-nowe-miasto-rataje/usi_rp_9170.json,2026-05-25T02:06:04.978157,2026-06-02T23:12:50.357991,v0.7.0+
rp,/Volumes/Samsam/Public/USIdata/jakon-sp-z-oo/lwowska-2-poznan-nowe-miasto-rataje/usi_rp_10206.json,2026-05-25T02:06:04.991499,2026-06-02T23:12:50.376742,v0.7.0+
rp,/Volumes/Samsam/Public/USIdata/jakon-sp-z-oo/merano-park-wolsztynski-karpicko/usi_rp_17253.json,2026-05-25T02:06:04.995597,2026-06-02T23:12:50.382481,v0.7.0+
rp,/Volumes/Samsam/Public/USIdata/jakon-sp-z-oo/mosina-park-mosina/usi_rp_17707.json,2026-05-25T02:06:05.003472,2026-06-02T23:12:50.396345,v0.7.0+
rp,/Volumes/Samsam/Public/USIdata/jakon-sp-z-oo/nowe-tarnowo-zabudowa-szeregowa-poznanski-tarnowo-podgorne/usi_rp_17258.json,2026-05-25T02:06:05.021017,2026-06-02T23:12:50.440355,v0.7.0+
rp,/Volumes/Samsam/Public/USIdata/jakon-sp-z-oo/nowy-wyszogrod-bydgoszcz/usi_rp_14284.json,2026-05-25T02:06:05.024538,2026-06-02T23:12:50.447390,v0.7.0+
rp,/Volumes/Samsam/Public/USIdata/jakon-sp-z-oo/nowy-wyszogrod-etap-ii-bydgoszcz/usi_rp_16367.json,2026-05-25T02:06:05.027873,2026-06-02T23:12:50.456285,v0.7.0+
rp,/Volumes/Samsam/Public/USIdata/jakon-sp-z-oo/osada-zlotnicka-wroclaw-fabryczna-zlotniki/usi_rp_7551.json,2026-05-25T02:06:05.033691,2026-06-02T23:12:50.467516,v0.7.0+
rp,/Volumes/Samsam/Public/USIdata/jakon-sp-z-oo/osiedle-marianowskie-poznanski-tarnowo-podgorne/usi_rp_16428.json,2026-05-25T02:06:05.063036,2026-06-02T23:12:50.493120,v0.7.0+
rp,/Volumes/Samsam/Public/USIdata/jakon-sp-z-oo/osiedle-pod-skarpa-bydgoszcz/usi_rp_3364.json,2026-05-25T02:06:05.068593,2026-06-02T23:12:50.506660,v0.7.0+
rp,/Volumes/Samsam/Public/USIdata/jakon-sp-z-oo/przy-dworku-poznanski-wielka-wies/usi_rp_10205.json,2026-05-25T02:06:05.076618,2026-06-02T23:12:50.529931,v0.7.0+
rp,/Volumes/Samsam/Public/USIdata/jakon-sp-z-oo/rogozno-centrum-rogozno/usi_rp_16282.json,2026-05-25T02:06:05.081932,2026-06-02T23:12:50.543309,v0.7.0+
rp,/Volumes/Samsam/Public/USIdata/jakon-sp-z-oo/strzeszyn-2-poznan-jezyce-strzeszyn/usi_rp_11280.json,2026-05-25T02:06:05.095472,2026-06-02T23:12:50.569741,v0.7.0+
rp,/Volumes/Samsam/Public/USIdata/jakon-sp-z-oo/waniliowa-park-wroclaw-psie-pole-lipa-piotrowska/usi_rp_13048.json,2026-05-25T02:06:05.104638,2026-06-02T23:12:50.590639,v0.7.0+
rp,/Volumes/Samsam/Public/USIdata/jakon-sp-z-oo/wieruszowska-2-etap-2-poznan-junikowo/usi_rp_15702.json,2026-05-25T02:06:05.111422,2026-06-02T23:12:50.602258,v0.7.0+
rp,/Volumes/Samsam/Public/USIdata/jakon-sp-z-oo/wieruszowska-2-poznan-junikowo/usi_rp_14111.json,2026-05-25T02:06:05.114980,2026-06-02T23:12:50.609268,v0.7.0+
rp,/Volumes/Samsam/Public/USIdata/jakon-sp-z-oo/zamkowa-opalenica/usi_rp_14998.json,2026-05-25T02:06:05.127117,2026-06-02T23:12:50.630999,v0.7.0+
oto,/Volumes/Samsam/Public/USIdata/jandach-deweloper/ostatnie-domy-willowa-dzielnica-ogrodek/usi_oto_4tnSV.json,2026-05-25T02:06:04.792301,2026-05-25T02:06:04.792304,v0.7.0+
rp,/Volumes/Samsam/Public/USIdata/janex-sp-z-oo-spk/michalowice-park-ii-krakowski-michalowice/usi_rp_17310.json,2026-05-25T02:06:04.774182,2026-06-02T23:12:50.227193,v0.7.0+
rp,/Volumes/Samsam/Public/USIdata/janex-sp-z-oo-spk/michalowice-park-krakowski-michalowice/usi_rp_13443.json,2026-05-25T02:06:04.780125,2026-06-02T23:12:50.234853,v0.7.0+
rp,/Volumes/Samsam/Public/USIdata/janex-sp-z-oo-spk/pychowicka-27-krakow-debniki/usi_rp_14364.json,2026-05-25T02:06:04.785898,2026-06-02T23:12:50.242588,v0.7.0+
oto,/Volumes/Samsam/Public/USIdata/jankowiak/jantar-mlynska-apartamenty-nad-morzem/usi_oto_4qX8i.json,2026-05-25T02:06:04.767315,2026-05-25T02:06:04.767317,v0.7.0+
oto,/Volumes/Samsam/Public/USIdata/janow-park-sp-z-o-o/janow-park-rezerwuj-dzis-zaplac-z-kredytunastart/usi_oto_47nYP.json,2026-05-25T02:06:04.761158,2026-05-25T02:06:04.761161,v0.7.0+
oto,/Volumes/Samsam/Public/USIdata/janpul-developer/eko-osiedle-dobka-nowe-mieszkania-smart-home-bialoleka-brzeziny/usi_oto_4xzny.json,2026-05-25T02:06:04.734568,2026-05-25T02:06:04.734571,v0.7.0+
oto,/Volumes/Samsam/Public/USIdata/janpul-sp-z-o-o/eko-osiedla-dobka-nowe-mieszkania-smart-home/usi_oto_68051482.json,2026-06-02T11:03:55.455782,2026-06-02T11:03:55.841601,v0.7.0+
oto,/Volumes/Samsam/Public/USIdata/janpul-sp-z-o-o/eko-osiedla-dobka-nowe-mieszkania-smart-home-bialoleka-brzeziny/usi_oto_4BicF.json,2026-05-25T02:06:04.729162,2026-05-25T02:06:04.729168,v0.7.0+
oto,/Volumes/Samsam/Public/USIdata/jantar-investment/nowy-sikornik/usi_oto_4dNdK.json,2026-05-25T02:04:59.451048,2026-05-25T02:04:59.451050,v0.7.0+
oto,/Volumes/Samsam/Public/USIdata/janvest-commerce-2-sp-z-o-o/apartamenty-przy-zatoce/usi_oto_4AAMS.json,2026-05-25T02:06:04.722714,2026-05-25T02:06:04.722717,v0.7.0+
oto,/Volumes/Samsam/Public/USIdata/janvest-commerce-2-sp-z-o-o/apartamenty-przy-zatoce/usi_oto_67826566.json,2026-05-25T02:06:04.722714,2026-06-02T11:05:53.022151,v0.7.0+
oto,/Volumes/Samsam/Public/USIdata/jaworzynska-piotr-turski-i-wspolnicy-spolka-komandytowa/osiedle-centrum-park/usi_oto_4zb5Y.json,2026-05-25T02:06:04.716653,2026-05-25T02:06:04.716656,v0.7.0+
rp,/Volumes/Samsam/Public/USIdata/jaz-bud-sp-z-oo/osiedle-nowe-bojary-budynek-d-bialystok/usi_rp_3001.json,2026-05-25T02:06:04.700504,2026-06-02T23:12:50.162058,v0.7.0+
rp,/Volumes/Samsam/Public/USIdata/jaz-bud-sp-z-oo/osiedle-nowe-bojary-budynek-h-bialystok/usi_rp_15556.json,2026-05-25T02:06:04.703780,2026-06-02T23:12:50.170594,v0.7.0+
rp,/Volumes/Samsam/Public/USIdata/jaz-bud-sp-z-oo/rzemieslnicza-bialystok/usi_rp_15557.json,2026-05-25T02:06:04.708985,2026-06-02T23:12:50.175580,v0.7.0+
rp,/Volumes/Samsam/Public/USIdata/jaz-bud-sp-z-oo/wierzbowa-park-bialystok/usi_rp_11738.json,2026-05-25T02:06:04.713185,2026-06-02T23:12:50.181025,v0.7.0+
oto,/Volumes/Samsam/Public/USIdata/jb-atlantic-sp-z-o-o-sp-komandytowa/apartamenty-zorska/usi_oto_4sJIr.json,2026-05-25T02:06:04.696295,2026-05-25T02:06:04.696297,v0.7.0+
oto,/Volumes/Samsam/Public/USIdata/jdk-invest-sp-z-o-o/aleja-lipowa/usi_oto_4omeq.json,2026-05-25T02:06:04.672863,2026-05-25T02:06:04.672865,v0.7.0+
oto,/Volumes/Samsam/Public/USIdata/jdk-invest-sp-z-o-o/eleganckie-osiedle-domow-gdansk-klukowo/usi_oto_4yShn.json,2026-05-25T02:06:04.678802,2026-05-25T02:06:04.678803,v0.7.0+
oto,/Volumes/Samsam/Public/USIdata/jdk-invest-sp-z-o-o/osiedle-pod-sosnami-komfort-i-spokoj/usi_oto_4yShz.json,2026-05-25T02:06:04.682970,2026-05-25T02:06:04.682971,v0.7.0+
oto,/Volumes/Samsam/Public/USIdata/jdk-invest-sp-z-o-o/pod-brzozami/usi_oto_4q5NE.json,2026-05-25T02:06:04.686825,2026-05-25T02:06:04.686827,v0.7.0+
oto,/Volumes/Samsam/Public/USIdata/jdk-invest-sp-z-o-o/pod-sosnami/usi_oto_4xSsV.json,2026-05-25T02:06:04.690975,2026-05-25T02:06:04.690977,v0.7.0+
oto,/Volumes/Samsam/Public/USIdata/jdm-deweloper/bliskie-blonie/usi_oto_4zO2l.json,2026-05-25T02:06:04.644875,2026-05-25T02:06:04.644877,v0.7.0+
to,/Volumes/Samsam/Public/USIdata/jdm-deweloper/bliskie-blonie-nadrzeczna-blonie-mieszkania-na-sprzedaz/usi_to_9202136.json,2026-05-25T02:04:59.437340,2026-05-25T02:04:59.437342,v0.7.0+
oto,/Volumes/Samsam/Public/USIdata/jdm-deweloper/chojnow-park-ii/usi_oto_4mlQR.json,2026-05-25T02:06:04.650629,2026-05-25T02:06:04.650632,v0.7.0+
oto,/Volumes/Samsam/Public/USIdata/jdm-deweloper/hej-baniocha/usi_oto_4svMB.json,2026-05-25T02:06:04.654757,2026-05-25T02:06:04.654759,v0.7.0+
oto,/Volumes/Samsam/Public/USIdata/jdm-deweloper/hej-baniocha-domy/usi_oto_4svMY.json,2026-05-25T02:06:04.659080,2026-05-25T02:06:04.659082,v0.7.0+
to,/Volumes/Samsam/Public/USIdata/jdm-deweloper/hej-baniocha-zadanie-k-wjazd-od-spokojnej-baniocha-mieszkania-na-sprzedaz/usi_to_9217516.json,2026-05-25T02:04:59.442107,2026-05-25T02:04:59.442108,v0.7.0+
oto,/Volumes/Samsam/Public/USIdata/jdm-deweloper/iconic-house/usi_oto_4s5KL.json,2026-05-25T02:06:04.662726,2026-05-25T02:06:04.662728,v0.7.0+
oto,/Volumes/Samsam/Public/USIdata/jdm-deweloper/nove-piaseczno-2/usi_oto_4sZOI.json,2026-05-25T02:06:04.665736,2026-05-25T02:06:04.665738,v0.7.0+
oto,/Volumes/Samsam/Public/USIdata/jdm-deweloper/nove-piaseczno-2-domy/usi_oto_4sZOt.json,2026-05-25T02:06:04.668491,2026-05-25T02:06:04.668492,v0.7.0+
to,/Volumes/Samsam/Public/USIdata/jdm-deweloper/nove-piaseczno-2-zadanie-h-trzeciakowskich-chylice-polko-mieszkania-na-sprzedaz/usi_to_9217525.json,2026-05-25T02:04:59.446020,2026-05-25T02:04:59.446021,v0.7.0+
oto,/Volumes/Samsam/Public/USIdata/jednopietrowa-warszawa-sp-z-o-o/mieszkania-z-widokiem-na-panorame-warszawy/usi_oto_4reaA.json,2026-05-25T02:06:04.629813,2026-05-25T02:06:04.629815,v0.7.0+
oto,/Volumes/Samsam/Public/USIdata/jednopietrowa-warszawa-sp-z-o-o/mieszkanie-w-starej-iwicznej-osiedle-stara-bawaria/usi_oto_4pcG2.json,2026-05-25T02:06:04.634867,2026-05-25T02:06:04.634869,v0.7.0+
oto,/Volumes/Samsam/Public/USIdata/jednopietrowa-warszawa-sp-z-o-o/polowka-blizniaka-kolo-piaseczna/usi_oto_4pcyF.json,2026-05-25T02:06:04.641499,2026-05-25T02:06:04.641501,v0.7.0+
oto,/Volumes/Samsam/Public/USIdata/jedrzejczyk-group/konarskiego-park/usi_oto_4AGef.json,2026-05-21T19:17:53.674039,2026-05-24T17:36:52.030438,v0.7.0+
oto,/Volumes/Samsam/Public/USIdata/jens-sp-z-o-o/osiedle-pod-debina-w-krzyszkowicach/usi_oto_4u6xq.json,2026-05-25T02:06:04.625420,2026-05-25T02:06:04.625421,v0.7.0+
oto,/Volumes/Samsam/Public/USIdata/jezioraj-sp-z-o-o/jezioraj/usi_oto_4z5Gc.json,2026-05-25T02:06:04.620066,2026-05-25T02:06:04.620068,v0.7.0+
rp,/Volumes/Samsam/Public/USIdata/jezioraj-spz-oo/jezioraj-olsztyn/usi_rp_17153.json,2026-05-25T02:06:04.616040,2026-06-02T23:12:50.154513,v0.7.0+
oto,/Volumes/Samsam/Public/USIdata/jeziorowa-house/jeziorowa-house/usi_oto_4sVTH.json,2026-05-25T02:06:04.608909,2026-05-25T02:06:04.608911,v0.7.0+
oto,/Volumes/Samsam/Public/USIdata/jeziorowa-house/nova-jeziorowa-2/usi_oto_4ybGv.json,2026-05-25T02:06:04.613217,2026-05-25T02:06:04.613219,v0.7.0+
rp,/Volumes/Samsam/Public/USIdata/jeziorowa-house-sp-z-oo/nova-jeziorowa-warszawa-zerzen/usi_rp_17799.json,2026-05-25T02:06:04.604929,2026-06-02T23:12:50.147205,v0.7.0+
oto,/Volumes/Samsam/Public/USIdata/jeziorowa-house-sp-zo-o/nova-jeziorowa-2/usi_oto_4AqqY.json,2026-05-25T02:06:04.597500,2026-05-25T02:06:04.597501,v0.7.0+
oto,/Volumes/Samsam/Public/USIdata/jhm-development/apartamenty-widok/usi_oto_4yLy2.json,2026-05-25T02:06:04.589897,2026-05-25T02:06:04.589899,v0.7.0+
oto,/Volumes/Samsam/Public/USIdata/jhm-development/helenow-park/usi_oto_4szbQ.json,2026-05-25T02:06:04.593448,2026-05-25T02:06:04.593450,v0.7.0+
oto,/Volumes/Samsam/Public/USIdata/jhm-development-s-a/apartamenty-zakopianskie-gotowe-do-odbioru/usi_oto_4aQA6.json,2026-05-25T02:06:04.577184,2026-05-25T02:06:04.577185,v0.7.0+
oto,/Volumes/Samsam/Public/USIdata/jhm-development-s-a/aura-towers-gotowe-do-odbioru-widok-na-brde/usi_oto_49Pa5.json,2026-05-25T02:06:04.580846,2026-05-25T02:06:04.580847,v0.7.0+
oto,/Volumes/Samsam/Public/USIdata/jhm-development-s-a/nowe-wyzyny-apartamenty-w-bydgoszczy-gotowe/usi_oto_4dczL.json,2026-05-25T02:06:04.583889,2026-05-25T02:06:04.583891,v0.7.0+
oto,/Volumes/Samsam/Public/USIdata/jhm-development-s-a/osiedle-skandinavia-gotowe-do-odbioru/usi_oto_49Fx6.json,2026-05-25T02:06:04.587163,2026-05-25T02:06:04.587164,v0.7.0+
rp,/Volumes/Samsam/Public/USIdata/jhm-development-sa/apartamenty-mikusinskiego-katowice-zespol-dzielnic-polnocnych/usi_rp_14724.json,2026-05-25T02:06:04.534954,2026-06-02T23:12:49.984920,v0.7.0+
rp,/Volumes/Samsam/Public/USIdata/jhm-development-sa/apartamenty-widok-skierniewice/usi_rp_15197.json,2026-05-25T02:06:04.539116,2026-06-02T23:12:49.991859,v0.7.0+
rp,/Volumes/Samsam/Public/USIdata/jhm-development-sa/apartamenty-zakopianska-tatrzanski-zakopane/usi_rp_13513.json,2026-05-25T02:06:04.542423,2026-06-02T23:12:49.999822,v0.7.0+
rp,/Volumes/Samsam/Public/USIdata/jhm-development-sa/aura-towers-bydgoszcz/usi_rp_12148.json,2026-05-25T02:06:04.545668,2026-06-02T23:12:50.006594,v0.7.0+
rp,/Volumes/Samsam/Public/USIdata/jhm-development-sa/nova-dworcowa-mszczonow/usi_rp_17810.json,2026-05-25T02:06:04.552944,2026-06-02T23:12:50.023930,v0.7.0+
rp,/Volumes/Samsam/Public/USIdata/jhm-development-sa/nowa-strefa-zyrardowski-zyrardow/usi_rp_11184.json,2026-05-25T02:06:04.558592,2026-06-02T23:12:50.038284,v0.7.0+
rp,/Volumes/Samsam/Public/USIdata/jhm-development-sa/nowe-wyzyny-apartamenty-bydgoszcz/usi_rp_13911.json,2026-05-25T02:06:04.561645,2026-06-02T23:12:50.046621,v0.7.0+
rp,/Volumes/Samsam/Public/USIdata/jhm-development-sa/osiedle-artystyczne-zyrardow/usi_rp_14701.json,2026-05-25T02:06:04.564410,2026-06-02T23:12:50.053136,v0.7.0+
rp,/Volumes/Samsam/Public/USIdata/jhm-development-sa/osiedle-diamentowe-etap-ii-konin/usi_rp_14281.json,2026-05-25T02:06:04.567332,2026-06-02T23:12:50.062561,v0.7.0+
rp,/Volumes/Samsam/Public/USIdata/jhm-development-sa/osiedle-lesne-lodz-nowosolna/usi_rp_10832.json,2026-05-25T02:06:04.570661,2026-06-02T23:12:50.124250,v0.7.0+
rp,/Volumes/Samsam/Public/USIdata/jhm-development-sa/twoja-dolina-etap-ii-katowice-zespol-dzielnic-srodmiejskich/usi_rp_7210.json,2026-05-25T02:06:04.574166,2026-06-02T23:12:50.130972,v0.7.0+
to,/Volumes/Samsam/Public/USIdata/jhmdevelopment/apartamenty-sobieskiego-jana-iii-sobieskiego-5a-skierniewice-mieszkania-na-sprzedaz/usi_to_9196804.json,2026-05-25T02:04:59.405538,2026-05-25T02:04:59.405540,v0.7.0+
to,/Volumes/Samsam/Public/USIdata/jhmdevelopment/apartamenty-widok-etap-ii-armii-krajowej-63-skierniewice-widok-mieszkania-na-sprzedaz/usi_to_9018803.json,2026-05-25T02:04:59.411149,2026-05-25T02:04:59.411151,v0.7.0+
to,/Volumes/Samsam/Public/USIdata/jhmdevelopment/apartamenty-zakopianskie-szymony-17e-zakopane-mieszkania-na-sprzedaz/usi_to_6921925.json,2026-05-25T02:04:59.414187,2026-05-25T02:04:59.414189,v0.7.0+
to,/Volumes/Samsam/Public/USIdata/jhmdevelopment/aura-towers-w-bydgoszczy-mieszkania-z-widokiem-na-brde-fordonska-4-bydgoszcz-bartodzieje-mieszkania-na-sprzedaz/usi_to_8297324.json,2026-05-25T02:04:59.417145,2026-05-25T02:04:59.417147,v0.7.0+
to,/Volumes/Samsam/Public/USIdata/jhmdevelopment/nove-diamentowe-topazowa-28-konin-osiedle-wladyslawa-sikorskiego-mieszkania-na-sprzedaz/usi_to_9161058.json,2026-05-25T02:04:59.421743,2026-05-25T02:04:59.421751,v0.7.0+
to,/Volumes/Samsam/Public/USIdata/jhmdevelopment/wyspianski-apartamenty-wyspianskiego-8-zyrardow-mieszkania-na-sprzedaz/usi_to_9196614.json,2026-05-25T02:04:59.428583,2026-05-25T02:04:59.428587,v0.7.0+
rp,/Volumes/Samsam/Public/USIdata/jjg-investments-sp-z-oo/apartamenty-podchorazych-100-lodz-zlotno/usi_rp_17327.json,2026-05-25T02:06:04.528877,2026-06-02T23:12:49.960755,v0.7.0+
oto,/Volumes/Samsam/Public/USIdata/jk-deweloper/nowa-lesnica-ii-etap/usi_oto_4r1Jz.json,2026-05-25T02:06:04.523142,2026-05-25T02:06:04.523145,v0.7.0+
oto,/Volumes/Samsam/Public/USIdata/jkj-inwestycje-spolka-z-o-o/kamienica-benislawskiego/usi_oto_4AR6p.json,2026-05-25T02:06:04.516838,2026-05-25T02:06:04.516839,v0.7.0+
oto,/Volumes/Samsam/Public/USIdata/jkj-inwestycje-spolka-z-o-o/kamienica-benislawskiego/usi_oto_67889281.json,2026-05-25T02:06:04.516838,2026-06-02T11:05:24.936548,v0.7.0+
oto,/Volumes/Samsam/Public/USIdata/jmc-sp-z-o-o/forest-residence/usi_oto_4s5vE.json,2026-05-25T02:06:04.508005,2026-05-25T02:06:04.508007,v0.7.0+
oto,/Volumes/Samsam/Public/USIdata/jmw-projekt-sp-z-o-o/kameralna-kamienica-stalowa-16-pruszkow-winda-i-garaz-podziemny/usi_oto_4AO7u.json,2026-05-25T02:06:04.501734,2026-05-25T02:06:04.501737,v0.7.0+
oto,/Volumes/Samsam/Public/USIdata/jmw-projekt-sp-z-o-o/kameralna-kamienica-stalowa-16-pruszkow-winda-i-garaz-podziemny/usi_oto_67877816.json,2026-05-25T02:06:04.501734,2026-06-02T11:05:29.038920,v0.7.0+
oto,/Volumes/Samsam/Public/USIdata/jn-192/jn-190-etap-ii/usi_oto_4vMQE.json,2026-05-25T02:06:04.486194,2026-05-25T02:06:04.486195,v0.7.0+
oto,/Volumes/Samsam/Public/USIdata/jn-192/jn190/usi_oto_4fylu.json,2026-05-25T02:06:04.496478,2026-05-25T02:06:04.496482,v0.7.0+
rp,/Volumes/Samsam/Public/USIdata/jot-be-nieruchomosci-sp-z-oo/osiedle-bazantowa-wroclawski-jeszkowice/usi_rp_16565.json,2026-05-25T02:06:04.471734,2026-06-02T23:12:49.775677,v0.7.0+
rp,/Volumes/Samsam/Public/USIdata/jot-be-nieruchomosci-sp-z-oo/pod-zielonym-adresem-wroclawski-wojnowice/usi_rp_17210.json,2026-05-25T02:06:04.476241,2026-06-02T23:12:49.788965,v0.7.0+
rp,/Volumes/Samsam/Public/USIdata/jot-be-nieruchomosci-sp-z-oo/spacerowe-zacisze-katy-wroclawskie/usi_rp_17127.json,2026-05-25T02:06:04.479365,2026-06-02T23:12:49.797762,v0.7.0+
rp,/Volumes/Samsam/Public/USIdata/jot-be-nieruchomosci-sp-z-oo/wille-golfowe-trzebnicki/usi_rp_16208.json,2026-05-25T02:06:04.482953,2026-06-02T23:12:49.805472,v0.7.0+
rp,/Volumes/Samsam/Public/USIdata/jpa-budownictwo/nova-daliova-lublin/usi_rp_17409.json,2026-05-25T02:06:04.394512,2026-06-02T23:12:49.586180,v0.7.0+
oto,/Volumes/Samsam/Public/USIdata/jpa-budownictwo/osiedle-nova-daliova/usi_oto_4pWVe.json,2026-05-25T02:06:04.415350,2026-05-25T02:06:04.415356,v0.7.0+
rp,/Volumes/Samsam/Public/USIdata/jpd-sp-z-oo-spk/osiedle-panorama-rzadz-grudziadz/usi_rp_15498.json,2026-05-25T02:06:04.386518,2026-06-02T23:12:49.578416,v0.7.0+
oto,/Volumes/Samsam/Public/USIdata/jr-budownictwo-s-c/aleja-swietego-wojciecha/usi_oto_4AO2C.json,2026-05-25T02:06:04.381943,2026-05-25T02:06:04.381944,v0.7.0+
oto,/Volumes/Samsam/Public/USIdata/jr-budownictwo-s-c/aleja-swietego-wojciecha/usi_oto_67877514.json,2026-05-25T02:06:04.381943,2026-06-02T11:05:29.602361,v0.7.0+
oto,/Volumes/Samsam/Public/USIdata/jr-group/apartamenty-polesie/usi_oto_4p5XW.json,2026-05-25T02:06:04.368826,2026-05-25T02:06:04.368827,v0.7.0+
rp,/Volumes/Samsam/Public/USIdata/jr-group/apartamenty-polesie-lodz-zlotno/usi_rp_16156.json,2026-05-25T02:06:04.372528,2026-06-02T23:12:49.552830,v0.7.0+
rp,/Volumes/Samsam/Public/USIdata/jr-group/osiedle-beskidzkie-lodz-dolina-lodki/usi_rp_15321.json,2026-05-25T02:06:04.378286,2026-06-02T23:12:49.568931,v0.7.0+
oto,/Volumes/Samsam/Public/USIdata/jt-legnica-sp-z-o-o/nowa-legnica/usi_oto_4xobP.json,2026-05-25T02:06:04.364023,2026-05-25T02:06:04.364025,v0.7.0+
oto,/Volumes/Samsam/Public/USIdata/juranda-village-sp-zo-o/juranda-village/usi_oto_4y9NN.json,2026-05-25T02:06:04.354102,2026-05-25T02:06:04.354104,v0.7.0+
oto,/Volumes/Samsam/Public/USIdata/jurata-adamczak-sobolewski-i-wspolnicy-spolka-komandytowa/willa-jrat/usi_oto_4nLry.json,2026-05-25T02:06:04.350189,2026-05-25T02:06:04.350190,v0.7.0+
rp,/Volumes/Samsam/Public/USIdata/jw-construction-holding-sa/eco-berensona-warszawa-grodzisk/usi_rp_16410.json,2026-05-25T02:06:04.278286,2026-06-02T23:12:49.390044,v0.7.0+
rp,/Volumes/Samsam/Public/USIdata/jw-construction-holding-sa/hanza-tower-szczecin/usi_rp_13397.json,2026-05-25T02:06:04.283942,2026-06-02T23:12:49.406269,v0.7.0+
rp,/Volumes/Samsam/Public/USIdata/jw-construction-holding-sa/jerozolimskie-invest-warszawa/usi_rp_13383.json,2026-05-25T02:06:04.286729,2026-06-02T23:12:49.413823,v0.7.0+
rp,/Volumes/Samsam/Public/USIdata/jw-construction-holding-sa/osiedle-kosciuszki-chorzow/usi_rp_13656.json,2026-05-25T02:06:04.314199,2026-06-02T23:12:49.451516,v0.7.0+
rp,/Volumes/Samsam/Public/USIdata/jw-construction-holding-sa/osiedle-kosciuszki-etap-ii-chorzow/usi_rp_16426.json,2026-05-25T02:06:04.318033,2026-06-02T23:12:49.459929,v0.7.0+
oto,/Volumes/Samsam/Public/USIdata/jw-jacek-budownictwo-sp-z-o-o/prima-opacz/usi_oto_4yBJ6.json,2026-05-25T02:06:04.267648,2026-05-25T02:06:04.267649,v0.7.0+
to,/Volumes/Samsam/Public/USIdata/jwconstructionholding/nad-odra-3-celna-4-szczecin-srodmiescie-lasztownia-mieszkania-na-sprzedaz/usi_to_9188982.json,2026-05-25T02:04:59.388409,2026-05-25T02:04:59.388412,v0.7.0+
to,/Volumes/Samsam/Public/USIdata/jwconstructionholding/nad-odra-celna-4-szczecin-srodmiescie-lasztownia-mieszkania-na-sprzedaz/usi_to_9063451.json,2026-05-25T02:04:59.395130,2026-05-25T02:04:59.395132,v0.7.0+
rp,/Volumes/Samsam/Public/USIdata/k2-residential-sp-z-oo-sp-k/bruzdowa-125-warszawa-wilanow-zawady/usi_rp_12816.json,2026-05-25T02:06:04.249252,2026-06-02T23:12:49.339013,v0.7.0+
oto,/Volumes/Samsam/Public/USIdata/k3-development-sp-z-o-o/inwestycja-szkolna/usi_oto_4sDqt.json,2026-05-25T02:06:04.241029,2026-05-25T02:06:04.241030,v0.7.0+
oto,/Volumes/Samsam/Public/USIdata/k3-development-sp-z-o-o/inwestycja-zytnia/usi_oto_4rizi.json,2026-05-25T02:06:04.245258,2026-05-25T02:06:04.245260,v0.7.0+
rp,/Volumes/Samsam/Public/USIdata/k4-inwestycje-sp-z-o-o/wedrowna-lublin/usi_rp_17762.json,2026-05-25T02:06:04.237948,2026-06-02T23:12:49.328480,v0.7.0+
rp,/Volumes/Samsam/Public/USIdata/ka-nieruchomosci-sp-z-oo/konopnickiej-12-pabianice/usi_rp_17757.json,2026-05-25T02:06:04.234937,2026-06-02T23:12:49.320950,v0.7.0+
rp,/Volumes/Samsam/Public/USIdata/kalter-nieruchomosci-sp-z-oo/na-fali-stej-lodz-retkinia-zachod-smulsko/usi_rp_14121.json,2026-05-25T02:06:04.223885,2026-06-02T23:12:49.283720,v0.7.0+
rp,/Volumes/Samsam/Public/USIdata/kalter-nieruchomosci-sp-z-oo/ogrody-andersena-zabki/usi_rp_19095.json,2026-05-25T02:06:04.232376,2026-06-02T23:12:49.311870,v0.7.0+
rp,/Volumes/Samsam/Public/USIdata/kambud-inwestycje-sp-z-oo-sp-k/osiedle-eko-grota-mlawa/usi_rp_14786.json,2026-05-25T02:06:04.213935,2026-06-02T23:12:49.267254,v0.7.0+
rp,/Volumes/Samsam/Public/USIdata/kameralne-tarasy/kameralne-tarasy-reda/usi_rp_13849.json,2026-05-25T02:06:04.201824,2026-06-02T23:12:49.245197,v0.7.0+
oto,/Volumes/Samsam/Public/USIdata/kameralnie/narutowicza-22/usi_oto_4tcMl.json,2026-05-25T02:06:04.198379,2026-05-25T02:06:04.198381,v0.7.0+
oto,/Volumes/Samsam/Public/USIdata/kamila-pawliszyn/nowa-leknica/usi_oto_4mw7r.json,2026-05-25T02:06:04.194611,2026-05-25T02:06:04.194613,v0.7.0+
oto,/Volumes/Samsam/Public/USIdata/kamta/apartamenty-chelmonskiego/usi_oto_4jGaI.json,2026-05-25T02:06:04.191185,2026-05-25T02:06:04.191186,v0.7.0+
rp,/Volumes/Samsam/Public/USIdata/kapital-nieruchomosci/lipowe-zacisze-klodzko/usi_rp_14357.json,2026-05-25T02:06:04.180620,2026-06-02T23:12:49.222241,v0.7.0+
rp,/Volumes/Samsam/Public/USIdata/kapital-nieruchomosci/sloneczna-polana-etap-iv-kudowa-zdroj/usi_rp_17615.json,2026-05-25T02:06:04.184148,2026-06-02T23:12:49.229597,v0.7.0+
rp,/Volumes/Samsam/Public/USIdata/kapital-nieruchomosci/sloneczna-polana-klodzki-kudowa-zdroj/usi_rp_10187.json,2026-05-25T02:06:04.187458,2026-06-02T23:12:49.238276,v0.7.0+
rp,/Volumes/Samsam/Public/USIdata/karolina-gajos-nieruchomosci/warszawskie-wzgorze-kielce/usi_rp_19519.json,2026-05-25T02:06:04.175024,2026-06-02T23:12:49.213528,v0.7.0+
oto,/Volumes/Samsam/Public/USIdata/kasbud-development/osiedle-idea-etap-i-etap-ii-ul-szkolna-w-markach/usi_oto_4ybdB.json,2026-05-25T02:06:04.169268,2026-05-25T02:06:04.169270,v0.7.0+
oto,/Volumes/Samsam/Public/USIdata/kasbud-development/osiedle-idea-etap-i-i-etap-ii-ul-szkolna-w-markach/usi_oto_4ybdB.json,2026-05-25T02:04:59.378594,2026-05-25T02:04:59.378597,v0.7.0+
rp,/Volumes/Samsam/Public/USIdata/kasbud-development-sp-z-oo/imaginarium-kazun-nowy-bud-b-mazowieckie-nowodworski-kazun-nowy/usi_rp_19260.json,2026-05-25T02:06:04.157098,2026-06-02T23:12:49.179684,v0.7.0+
rp,/Volumes/Samsam/Public/USIdata/kasbud-development-sp-z-oo/osiedle-idea-etap-ii-marki/usi_rp_19195.json,2026-05-25T02:06:04.163491,2026-06-02T23:12:49.197393,v0.7.0+
rp,/Volumes/Samsam/Public/USIdata/kasbud-development-sp-z-oo/osiedle-idea-marki/usi_rp_19193.json,2026-05-25T02:06:04.166429,2026-06-02T23:12:49.205625,v0.7.0+
rp,/Volumes/Samsam/Public/USIdata/kasinski-investment-sp-z-oo/apartamenty-na-sandomierskiej-165-bud-d-i-e-kielce/usi_rp_18117.json,2026-05-25T02:06:04.150631,2026-06-02T23:12:49.164221,v0.7.0+
rp,/Volumes/Samsam/Public/USIdata/kasinski-investment-sp-z-oo/apartamenty-na-sandomierskiej-165-kielce/usi_rp_15442.json,2026-05-25T02:06:04.154543,2026-06-02T23:12:49.172067,v0.7.0+
oto,/Volumes/Samsam/Public/USIdata/kater-investment-sp-z-o-o/kater-pallas/usi_oto_4ABdQ.json,2026-05-25T02:06:04.146418,2026-05-25T02:06:04.146420,v0.7.0+
oto,/Volumes/Samsam/Public/USIdata/kater-investment-sp-z-o-o/kater-pallas/usi_oto_67828238.json,2026-05-25T02:06:04.146418,2026-06-02T11:05:51.118673,v0.7.0+
rp,/Volumes/Samsam/Public/USIdata/kavu-sp-z-oo/grojeckie-ogrody-grojec/usi_rp_19066.json,2026-05-25T02:06:04.142801,2026-06-02T23:12:49.156366,v0.7.0+
oto,/Volumes/Samsam/Public/USIdata/kd-developer-sp-z-o-o/fokus-bielany/usi_oto_4xSs0.json,2026-05-25T02:06:04.139453,2026-05-25T02:06:04.139455,v0.7.0+
oto,/Volumes/Samsam/Public/USIdata/kdp3-sp-z-o-o-sp-k/apartamentowiec-brda/usi_oto_4mW1E.json,2026-05-25T02:06:04.131051,2026-05-25T02:06:04.131053,v0.7.0+
oto,/Volumes/Samsam/Public/USIdata/kenomi-development-sp-z-o-o/osiedle-dzika-roza/usi_oto_4qVey.json,2026-05-25T02:06:04.123840,2026-05-25T02:06:04.123841,v0.7.0+
oto,/Volumes/Samsam/Public/USIdata/kenomi-development-sp-z-o-o/osiedle-dzika-roza-budynek-d/usi_oto_4yFmt.json,2026-05-25T02:06:04.127863,2026-05-25T02:06:04.127864,v0.7.0+
oto,/Volumes/Samsam/Public/USIdata/key-house-sp-z-o-o/apartamenty-akacjowa/usi_oto_4sYvt.json,2026-05-25T02:06:04.116573,2026-05-25T02:06:04.116575,v0.7.0+
oto,/Volumes/Samsam/Public/USIdata/kg-group/osiedle-floriana/usi_oto_4rYMd.json,2026-05-25T02:06:04.090277,2026-05-25T02:06:04.090278,v0.7.0+
oto,/Volumes/Samsam/Public/USIdata/kg-group/osiedle-mozaika/usi_oto_4suUR.json,2026-05-25T02:06:04.093940,2026-05-25T02:06:04.093941,v0.7.0+
oto,/Volumes/Samsam/Public/USIdata/kg-group/osiedle-piltza-x/usi_oto_4hgGK.json,2026-05-25T02:06:04.098578,2026-05-25T02:06:04.098580,v0.7.0+
oto,/Volumes/Samsam/Public/USIdata/kg-group/osiedle-piltza-xi/usi_oto_68068574.json,2026-06-02T11:03:36.618338,2026-06-02T11:03:37.040813,v0.7.0+
oto,/Volumes/Samsam/Public/USIdata/kg-group/osiedle-rycerskie/usi_oto_4ugyR.json,2026-05-25T02:06:04.102880,2026-05-25T02:06:04.102882,v0.7.0+
oto,/Volumes/Samsam/Public/USIdata/kg-group/osiedle-sfera-ii/usi_oto_4sfp8.json,2026-05-25T02:06:04.107560,2026-05-25T02:06:04.107562,v0.7.0+
oto,/Volumes/Samsam/Public/USIdata/kg-group/osiedle-solne-ii/usi_oto_4vN5Z.json,2026-05-25T02:06:04.110294,2026-05-25T02:06:04.110295,v0.7.0+
oto,/Volumes/Samsam/Public/USIdata/kg-group/osiedle-telimeny-iii/usi_oto_4vLTn.json,2026-05-25T02:06:04.113562,2026-05-25T02:06:04.113564,v0.7.0+
rp,/Volumes/Samsam/Public/USIdata/kg-group-sp-z-oo/osiedle-mozaika-krakow-pradnik-bialy/usi_rp_17776.json,2026-05-25T02:06:04.071588,2026-06-02T23:12:49.088114,v0.7.0+
rp,/Volumes/Samsam/Public/USIdata/kg-group-sp-z-oo/osiedle-piltza-etap-ii-krakow-debniki/usi_rp_5381.json,2026-05-25T02:06:04.075418,2026-06-02T23:12:49.096575,v0.7.0+
rp,/Volumes/Samsam/Public/USIdata/kg-group-sp-z-oo/osiedle-piltza-viii-i-x-krakow-debniki/usi_rp_15050.json,2026-05-25T02:06:04.078382,2026-06-02T23:12:49.105743,v0.7.0+
rp,/Volumes/Samsam/Public/USIdata/kg-group-sp-z-oo/osiedle-sfera-etap-ii-pruszkowski-dawidy-bankowe/usi_rp_17792.json,2026-05-25T02:06:04.081184,2026-06-02T23:12:49.114785,v0.7.0+
rp,/Volumes/Samsam/Public/USIdata/kg-group-sp-z-oo/osiedle-sfera-pruszkowski-dawidy-bankowe/usi_rp_13391.json,2026-05-25T02:06:04.083998,2026-06-02T23:12:49.121768,v0.7.0+
rp,/Volumes/Samsam/Public/USIdata/kiljanczyk-development-sp-z-oo/mikolajki-family-homes-etap-ii-mragowski-prawdowo/usi_rp_17728.json,2026-05-25T02:06:04.064538,2026-06-02T23:12:49.072605,v0.7.0+
rp,/Volumes/Samsam/Public/USIdata/kkmk-developer/apartamenty-wsrod-pisarzy-pulawy/usi_rp_15464.json,2026-05-25T02:06:04.052561,2026-06-02T23:12:49.044241,v0.7.0+
oto,/Volumes/Samsam/Public/USIdata/km-building/rodzinny-zakatek-domy-szeregowe-z-ogrodem-kominek/usi_oto_P0.json,2026-05-25T02:06:04.047898,2026-05-25T02:06:04.047900,v0.7.0+
rp,/Volumes/Samsam/Public/USIdata/km-investment-sp-z-oo/riverside-residences-bydgoszcz/usi_rp_15497.json,2026-05-25T02:06:04.044620,2026-06-02T23:12:49.037198,v0.7.0+
oto,/Volumes/Samsam/Public/USIdata/kmj-deweloper-spolka-z-ograniczona-odpowiedzialnoscia/naramowicka-100/usi_oto_4sK2Z.json,2026-05-25T02:06:04.037700,2026-05-25T02:06:04.037702,v0.7.0+
oto,/Volumes/Samsam/Public/USIdata/kmj-deweloper-spolka-z-ograniczona-odpowiedzialnoscia/parkowa-nova/usi_oto_4qihP.json,2026-05-25T02:06:04.041164,2026-05-25T02:06:04.041165,v0.7.0+
rp,/Volumes/Samsam/Public/USIdata/kocham-gory-sp-z-oo/hotel-bellevue-jelenia-gora/usi_rp_19409.json,2026-05-25T02:06:04.033744,2026-06-02T23:12:49.026376,v0.7.0+
oto,/Volumes/Samsam/Public/USIdata/kolaczkowskiego-sp-z-o-o/osiedle-kolaczkowskiego/usi_oto_4ARqV.json,2026-05-25T02:06:04.028862,2026-05-25T02:06:04.028864,v0.7.0+
oto,/Volumes/Samsam/Public/USIdata/kolaczkowskiego-sp-z-o-o/osiedle-kolaczkowskiego/usi_oto_67890554.json,2026-05-25T02:06:04.028862,2026-06-02T11:05:23.879308,v0.7.0+
oto,/Volumes/Samsam/Public/USIdata/kolektorska-58-spolka-z-ograniczona-odpowiedzialnoscia/kolektorska-58/usi_oto_4qNSq.json,2026-05-25T02:06:04.023741,2026-05-25T02:06:04.023744,v0.7.0+
oto,/Volumes/Samsam/Public/USIdata/kom-green-deweloper/osiedle-kwiatowa/usi_oto_4xlNm.json,2026-05-25T02:06:04.018722,2026-05-25T02:06:04.018724,v0.7.0+
oto,/Volumes/Samsam/Public/USIdata/komb-constructions-sp-z-o-o/bielany-park/usi_oto_4fXIS.json,2026-05-25T02:06:04.009185,2026-05-25T02:06:04.009187,v0.7.0+
oto,/Volumes/Samsam/Public/USIdata/komb-constructions-sp-z-o-o/zielone-widoki-nowe-mieszkania-deweloperskie/usi_oto_433Mr.json,2026-05-25T02:06:04.014379,2026-05-25T02:06:04.014381,v0.7.0+
rp,/Volumes/Samsam/Public/USIdata/kombi-invest-sp-z-oo/laguna-beskidow-zywiecki-zarzecze/usi_rp_13694.json,2026-05-25T02:06:04.005384,2026-06-02T23:12:49.006446,v0.7.0+
oto,/Volumes/Samsam/Public/USIdata/kombinat-budowlany-hydrobud-sp-z-o-o-sp-j/wild-pearl/usi_oto_4tibi.json,2026-05-25T02:06:04.001492,2026-05-25T02:06:04.001493,v0.7.0+
oto,/Volumes/Samsam/Public/USIdata/komfort-development/panorama-miasta/usi_oto_4u0qY.json,2026-05-25T02:06:03.997403,2026-05-25T02:06:03.997404,v0.7.0+
rp,/Volumes/Samsam/Public/USIdata/komfort-development-sp-z-oo/panorama-miasta-ostrodzki-szafranki/usi_rp_15609.json,2026-05-25T02:06:03.993766,2026-06-02T23:12:48.981085,v0.7.0+
oto,/Volumes/Samsam/Public/USIdata/komforta/kartuska-66/usi_oto_4niTv.json,2026-05-25T02:06:03.989720,2026-05-25T02:06:03.989722,v0.7.0+
oto,/Volumes/Samsam/Public/USIdata/kompania-domowa/plastyczna-kamienica-przy-sympatycznej/usi_oto_4Ac6x.json,2026-05-25T02:06:03.981087,2026-05-25T02:06:03.981089,v0.7.0+
oto,/Volumes/Samsam/Public/USIdata/kompania-domowa/wola-ksiecia-janusza/usi_oto_4Ac5R.json,2026-05-25T02:06:03.986250,2026-05-25T02:06:03.986252,v0.7.0+
rp,/Volumes/Samsam/Public/USIdata/kompania-domowa-sp-z-oo/bialy-dom-warszawa-tarchomin/usi_rp_10320.json,2026-05-25T02:06:03.957651,2026-06-02T23:12:48.924305,v0.7.0+
rp,/Volumes/Samsam/Public/USIdata/kompania-domowa-sp-z-oo/kompas-targowek-warszawa-targowek-targowek-mieszkaniowy/usi_rp_9439.json,2026-05-25T02:06:03.962383,2026-06-02T23:12:48.932893,v0.7.0+
rp,/Volumes/Samsam/Public/USIdata/kompania-domowa-sp-z-oo/korona-legionowa-legionowo/usi_rp_15134.json,2026-05-25T02:06:03.966635,2026-06-02T23:12:48.941480,v0.7.0+
rp,/Volumes/Samsam/Public/USIdata/kompania-domowa-sp-z-oo/strefa-bielany-warszawa-bielany-wawrzyszew/usi_rp_11753.json,2026-05-25T02:06:03.972389,2026-06-02T23:12:48.958413,v0.7.0+
rp,/Volumes/Samsam/Public/USIdata/kompania-domowa-sp-z-oo/wolska-kamienica-warszawa-wola-czyste/usi_rp_8385.json,2026-05-25T02:06:03.978039,2026-06-02T23:12:48.972352,v0.7.0+
rp,/Volumes/Samsam/Public/USIdata/komplexbud/dzielnica-kielczanka-etap-iii-kielce/usi_rp_19309.json,2026-05-25T02:06:03.945182,2026-06-02T23:12:48.900907,v0.7.0+
rp,/Volumes/Samsam/Public/USIdata/komplexbud/przystan-klonowa-kielce/usi_rp_13633.json,2026-05-25T02:06:03.949751,2026-06-02T23:12:48.909181,v0.7.0+
rp,/Volumes/Samsam/Public/USIdata/komplexbud/przystan-na-klifie-pucki-jastrzebia-gora/usi_rp_19304.json,2026-05-25T02:06:03.953197,2026-06-02T23:12:48.916851,v0.7.0+
oto,/Volumes/Samsam/Public/USIdata/komplexbud-inwestycje/przystan-na-klifie/usi_oto_4xrDp.json,2026-05-25T02:06:03.939569,2026-05-25T02:06:03.939571,v0.7.0+
rp,/Volumes/Samsam/Public/USIdata/komplexbud-inwestycje-sp-z-oo/dzielnica-kielczanka-kielce/usi_rp_15371.json,2026-05-25T02:06:03.935594,2026-06-02T23:12:48.891097,v0.7.0+
oto,/Volumes/Samsam/Public/USIdata/konceptbud-development/nova-pomorska/usi_oto_4q5X0.json,2026-05-25T02:06:03.927571,2026-05-25T02:06:03.927573,v0.7.0+
oto,/Volumes/Samsam/Public/USIdata/konceptbud-development/osiedle-przy-lesie-wasilkow/usi_oto_4yAuc.json,2026-05-25T02:06:03.931523,2026-05-25T02:06:03.931525,v0.7.0+
oto,/Volumes/Samsam/Public/USIdata/konimpex-invest/sw-michala-etap-2/usi_oto_4xQgB.json,2026-05-25T02:06:03.916593,2026-05-25T02:06:03.916595,v0.7.0+
rp,/Volumes/Samsam/Public/USIdata/konimpex-invest/swietego-michala-poznan-ostrow-tumski-srodka-zawady-komandoria/usi_rp_14464.json,2026-05-25T02:06:03.920528,2026-06-02T23:12:48.720279,v0.7.0+
oto,/Volumes/Samsam/Public/USIdata/konimpex-invest-sp-z-o-o/wilda-story/usi_oto_4oOMN.json,2026-05-25T02:06:03.912415,2026-05-25T02:06:03.912417,v0.7.0+
oto,/Volumes/Samsam/Public/USIdata/kosimmo-sp-z-o-o/nowa-inwestycja-orla-3-centrum-jezioro/usi_oto_4t0xq.json,2026-05-25T02:06:03.891838,2026-05-25T02:06:03.891840,v0.7.0+
oto,/Volumes/Samsam/Public/USIdata/kosimmo-sp-z-o-o/nowa-inwestycja-orla-3-centrum-widok-na-jezioro-zamkowe/usi_oto_4t0xq.json,2026-05-25T02:04:59.362566,2026-05-25T02:04:59.362569,v0.7.0+
oto,/Volumes/Samsam/Public/USIdata/kosimmo-sp-z-o-o/nowa-inwestycja-osiedle-na-lesnej-zlotow/usi_oto_4rYkC.json,2026-05-25T02:06:03.897180,2026-05-25T02:06:03.897181,v0.7.0+
oto,/Volumes/Samsam/Public/USIdata/kosimmo-sp-z-o-o/nowa-inwestycja-towarowa-5-centrum-miasta/usi_oto_4zslP.json,2026-05-25T02:06:03.902810,2026-05-25T02:06:03.902811,v0.7.0+
oto,/Volumes/Samsam/Public/USIdata/kosimmo-sp-z-o-o/unikalna-lokalizacja-z-widokiem-na-jezioro-zamkowe/usi_oto_4mowK.json,2026-05-25T02:06:03.907222,2026-05-25T02:06:03.907224,v0.7.0+
rp,/Volumes/Samsam/Public/USIdata/kowary-sp-z-oo/kamienica-62-kowary/usi_rp_19134.json,2026-05-25T02:06:03.888619,2026-06-02T23:12:48.711044,v0.7.0+
rp,/Volumes/Samsam/Public/USIdata/kozielska-sp-z-oo/osiedle-wizawi-gliwice/usi_rp_17964.json,2026-05-25T02:06:03.885396,2026-06-02T23:12:48.697972,v0.7.0+
oto,/Volumes/Samsam/Public/USIdata/krak-estate/5cubes/usi_oto_4lGha.json,2026-05-25T02:06:03.878871,2026-05-25T02:06:03.878873,v0.7.0+
oto,/Volumes/Samsam/Public/USIdata/krak-estate/glogera-bricks/usi_oto_4tXFP.json,2026-05-25T02:06:03.882464,2026-05-25T02:06:03.882466,v0.7.0+
rp,/Volumes/Samsam/Public/USIdata/krak-estates/bardosa-krakow-nowa-huta/usi_rp_14798.json,2026-05-25T02:06:03.871417,2026-06-02T23:12:48.679576,v0.7.0+
rp,/Volumes/Samsam/Public/USIdata/krak-estates/glogera-bricks-krakow-pradnik-bialy/usi_rp_18181.json,2026-05-25T02:06:03.876047,2026-06-02T23:12:48.686649,v0.7.0+
oto,/Volumes/Samsam/Public/USIdata/krakow-romanowicza-sp-z-o-o/krakow-romanowicza/usi_oto_4xVQM.json,2026-05-25T02:06:03.857699,2026-05-25T02:06:03.857701,v0.7.0+
oto,/Volumes/Samsam/Public/USIdata/krakowska-grupa-deweloperska/apartamenty-pod-stokiem/usi_oto_4ADJl.json,2026-05-25T02:06:03.835995,2026-05-25T02:06:03.835996,v0.7.0+
oto,/Volumes/Samsam/Public/USIdata/krakowska-grupa-deweloperska/apartamenty-pod-stokiem/usi_oto_67837879.json,2026-05-25T02:06:03.835995,2026-06-02T11:05:47.964155,v0.7.0+
oto,/Volumes/Samsam/Public/USIdata/krakowska-grupa-deweloperska/morelife-apartments/usi_oto_4AEd3.json,2026-05-25T02:06:03.842233,2026-05-25T02:06:03.842234,v0.7.0+
oto,/Volumes/Samsam/Public/USIdata/krakowska-grupa-deweloperska/morelife-apartments/usi_oto_67839721.json,2026-05-25T02:06:03.842233,2026-06-02T11:05:45.208091,v0.7.0+
oto,/Volumes/Samsam/Public/USIdata/krakowska-grupa-deweloperska/residence-krolowej-jadwigi-ii/usi_oto_4ADJN.json,2026-05-25T02:06:03.847009,2026-05-25T02:06:03.847011,v0.7.0+
oto,/Volumes/Samsam/Public/USIdata/krakowska-grupa-deweloperska/residence-krolowej-jadwigi-ii/usi_oto_67837907.json,2026-05-25T02:06:03.847009,2026-06-02T11:05:47.425884,v0.7.0+
oto,/Volumes/Samsam/Public/USIdata/krakowska-grupa-deweloperska/rudava-park/usi_oto_4AEdU.json,2026-05-25T02:06:03.850409,2026-05-25T02:06:03.850411,v0.7.0+
oto,/Volumes/Samsam/Public/USIdata/krakowska-grupa-deweloperska/rudava-park/usi_oto_67839774.json,2026-05-25T02:06:03.850409,2026-06-02T11:05:44.594417,v0.7.0+
oto,/Volumes/Samsam/Public/USIdata/krakowska-grupa-deweloperska/the-emaus/usi_oto_4AEcY.json,2026-05-25T02:06:03.854010,2026-05-25T02:06:03.854011,v0.7.0+
oto,/Volumes/Samsam/Public/USIdata/krakowska-grupa-deweloperska/the-emaus/usi_oto_67839716.json,2026-05-25T02:06:03.854010,2026-06-02T11:05:45.668851,v0.7.0+
oto,/Volumes/Samsam/Public/USIdata/krakusa-development/malborska-151/usi_oto_4yTvT.json,2026-05-25T02:06:03.831287,2026-05-25T02:06:03.831289,v0.7.0+
oto,/Volumes/Samsam/Public/USIdata/kras-dom/vista-by-kras-dom-boleslawiec/usi_oto_4hrHn.json,2026-05-25T02:06:03.827630,2026-05-25T02:06:03.827632,v0.7.0+
oto,/Volumes/Samsam/Public/USIdata/krokus-sp-z-o-o/osiedle-krokus/usi_oto_4tlLJ.json,2026-05-25T02:06:03.815925,2026-05-25T02:06:03.815927,v0.7.0+
rp,/Volumes/Samsam/Public/USIdata/krzysztof-w-kurkowski/osiedle-morelowa-ii-legionowski-jozefow/usi_rp_17954.json,2026-05-25T02:06:03.812249,2026-06-02T23:12:48.639226,v0.7.0+
oto,/Volumes/Samsam/Public/USIdata/ksh-development/nowa-abisynia/usi_oto_4zSVh.json,2026-05-25T02:06:03.808341,2026-05-25T02:06:03.808342,v0.7.0+
rp,/Volumes/Samsam/Public/USIdata/ksm-przylesie/osiedle-przylesie-vi-c-budynek-nr-8-koszalin/usi_rp_14878.json,2026-05-25T02:06:03.804153,2026-06-02T23:12:48.630054,v0.7.0+
oto,/Volumes/Samsam/Public/USIdata/kubat-investments/bufalo-park/usi_oto_4yTIc.json,2026-05-25T02:06:03.794844,2026-05-25T02:06:03.794847,v0.7.0+
oto,/Volumes/Samsam/Public/USIdata/kubat-investments-spolka-z-ograniczona-odpowiedzialnoscia/osiedle-kawie-wzgorza/usi_oto_4jugB.json,2026-05-25T02:06:03.782819,2026-05-25T02:06:03.782821,v0.7.0+
oto,/Volumes/Samsam/Public/USIdata/kubat-investments-spolka-z-ograniczona-odpowiedzialnoscia/osiedle-loretanska/usi_oto_4mxXT.json,2026-05-25T02:06:03.789847,2026-05-25T02:06:03.789850,v0.7.0+
oto,/Volumes/Samsam/Public/USIdata/kudlinscy-developer/topolowa/usi_oto_4jvr2.json,2026-05-25T02:06:03.764635,2026-05-25T02:06:03.764636,v0.7.0+
oto,/Volumes/Samsam/Public/USIdata/kudlinscy-developer/wloclawska-1-torun/usi_oto_4pB52.json,2026-05-25T02:06:03.768272,2026-05-25T02:06:03.768273,v0.7.0+
rp,/Volumes/Samsam/Public/USIdata/kudowa-property-investment-sp-z-oo/osiedle-sloneczna-polana-kudowa-zdroj/usi_rp_19007.json,2026-05-25T02:06:03.761133,2026-06-02T23:12:48.611873,v0.7.0+
oto,/Volumes/Samsam/Public/USIdata/kup-i-mieszkaj-sp-z-o-o/flora-srodmiescie/usi_oto_4yoml.json,2026-05-25T02:06:03.757719,2026-05-25T02:06:03.757721,v0.7.0+
oto,/Volumes/Samsam/Public/USIdata/kwiatowa-oaza-sp-z-o-o/kwiatowa-oaza/usi_oto_4xSw8.json,2026-05-25T02:06:03.750525,2026-05-25T02:06:03.750527,v0.7.0+
oto,/Volumes/Samsam/Public/USIdata/l-m-development-s-c/osiedle-kolejowa-olesnica/usi_oto_4dJsQ.json,2026-05-25T02:06:03.746004,2026-05-25T02:06:03.746008,v0.7.0+
oto,/Volumes/Samsam/Public/USIdata/lalak-development-sp-z-o-o/chodzki-residence-2/usi_oto_4AnjI.json,2026-05-25T02:06:03.724182,2026-05-25T02:06:03.724183,v0.7.0+
oto,/Volumes/Samsam/Public/USIdata/lalak-development-sp-z-o-o/felin-park-2/usi_oto_4puBg.json,2026-05-25T02:06:03.728971,2026-05-25T02:06:03.728972,v0.7.0+
oto,/Volumes/Samsam/Public/USIdata/lalak-development-sp-z-o-o/jemioluszki-park/usi_oto_4rwry.json,2026-05-25T02:06:03.732513,2026-05-25T02:06:03.732515,v0.7.0+
oto,/Volumes/Samsam/Public/USIdata/lalak-development-sp-z-o-o/koncertowe-wzgorze/usi_oto_4mkos.json,2026-05-25T02:06:03.735773,2026-05-25T02:06:03.735774,v0.7.0+
oto,/Volumes/Samsam/Public/USIdata/lalak-development-sp-z-o-o/koncertowe-wzgorze-etap-ii/usi_oto_4xPyp.json,2026-05-25T02:06:03.738730,2026-05-25T02:06:03.738731,v0.7.0+
oto,/Volumes/Samsam/Public/USIdata/landmark/brick/usi_oto_4A2IF.json,2026-05-25T02:06:03.718986,2026-05-25T02:06:03.718988,v0.7.0+
oto,/Volumes/Samsam/Public/USIdata/landmark/dom-uniwersalny/usi_oto_4rZwb.json,2026-05-25T02:06:03.721517,2026-05-25T02:06:03.721518,v0.7.0+
rp,/Volumes/Samsam/Public/USIdata/lawinowa-sp-z-oo/osiedle-lavinova-lodz/usi_rp_13820.json,2026-05-25T02:04:59.339881,2026-06-02T23:12:48.572446,v0.7.0+
oto,/Volumes/Samsam/Public/USIdata/ldz/ostoja-park/usi_oto_4yvpN.json,2026-05-25T02:06:03.699994,2026-05-25T02:06:03.699997,v0.7.0+
rp,/Volumes/Samsam/Public/USIdata/leach-lang/domy-przyszlosci-krakowski-libertow/usi_rp_11591.json,2026-05-25T02:06:03.693228,2026-06-02T23:12:48.548282,v0.7.0+
rp,/Volumes/Samsam/Public/USIdata/leach-lang/proste-katy-krakow-pradnik-bialy/usi_rp_17088.json,2026-05-25T02:06:03.696261,2026-06-02T23:12:48.556010,v0.7.0+
to,/Volumes/Samsam/Public/USIdata/lech-pol-invest/nyska-residence-nyska-57-wroclaw-tarnogaj-krzyki-apartamenty-na-sprzedaz/usi_to_9195044.json,2026-05-25T02:04:59.333386,2026-05-25T02:04:59.333389,v0.7.0+
oto,/Volumes/Samsam/Public/USIdata/lechbud-koszalin-sp-z-o-o-sp-k/osiedle-holenderskie/usi_oto_4nGC7.json,2026-05-25T02:06:03.685656,2026-05-25T02:06:03.685657,v0.7.0+
oto,/Volumes/Samsam/Public/USIdata/leebedevelopment/apartamenty-poludniowa/usi_oto_4AAdL.json,2026-05-25T02:06:03.681235,2026-05-25T02:06:03.681237,v0.7.0+
oto,/Volumes/Samsam/Public/USIdata/leebedevelopment/apartamenty-poludniowa/usi_oto_67824389.json,2026-05-25T02:06:03.681235,2026-06-02T11:05:54.304010,v0.7.0+
to,/Volumes/Samsam/Public/USIdata/lem-bud/osiedle-aura-zolkiewskiego-35-torun-jakubskie-przedmiescie-mieszkania-na-sprzedaz/usi_to_9203607.json,2026-05-25T02:04:59.326584,2026-05-25T02:04:59.326586,v0.7.0+
oto,/Volumes/Samsam/Public/USIdata/lem-bud/osiedle-harmonia/usi_oto_4dtkB.json,2026-05-25T02:06:03.662894,2026-05-25T02:06:03.662900,v0.7.0+
oto,/Volumes/Samsam/Public/USIdata/lem-bud/osiedle-nobilis/usi_oto_4nfTY.json,2026-05-25T02:06:03.667987,2026-05-25T02:06:03.667990,v0.7.0+
oto,/Volumes/Samsam/Public/USIdata/lem-bud/panorama-wislana-nowe-mieszkania-nad-wisla/usi_oto_4dIis.json,2026-05-25T02:06:03.672347,2026-05-25T02:06:03.672349,v0.7.0+
oto,/Volumes/Samsam/Public/USIdata/lesna-sopot/lesna-sopot/usi_oto_4Aqf1.json,2026-05-25T02:06:03.654160,2026-05-25T02:06:03.654168,v0.7.0+
rp,/Volumes/Samsam/Public/USIdata/lets-sea-baltic-resort/lets-sea-baltic-park-ii-koszalinski-gaski/usi_rp_14028.json,2026-05-25T02:06:03.648039,2026-06-02T23:12:48.513304,v0.7.0+
to,/Volumes/Samsam/Public/USIdata/leved/koncept-h8-hodowlana-8-warszawa-targowek-targowek-mieszkaniowy-mieszkania-na-sprzedaz/usi_to_9235906.json,2026-05-25T02:04:59.321476,2026-05-25T02:04:59.321478,v0.7.0+
rp,/Volumes/Samsam/Public/USIdata/lewiarz-development/osiedle-lagody-lomza/usi_rp_15580.json,2026-05-25T02:06:03.633457,2026-06-02T23:12:48.420175,v0.7.0+
oto,/Volumes/Samsam/Public/USIdata/lewiarz-development-sp-z-o-o/osiedle-lagody/usi_oto_48vYm.json,2026-05-25T02:06:03.622940,2026-05-25T02:06:03.622945,v0.7.0+
oto,/Volumes/Samsam/Public/USIdata/lewiarz-development-sp-z-o-o/osiedle-przy-wiejskiej-ostrow-mazowiecka/usi_oto_4oHZz.json,2026-05-25T02:06:03.628955,2026-05-25T02:06:03.628958,v0.7.0+
oto,/Volumes/Samsam/Public/USIdata/libbud-plus-zieba-spolka-jawna/janowskiego-park/usi_oto_4oLKP.json,2026-05-25T02:06:03.617861,2026-05-25T02:06:03.617864,v0.7.0+
oto,/Volumes/Samsam/Public/USIdata/life-spot-management-sp-z-o-o/krakow-podole/usi_oto_4ttye.json,2026-05-25T02:06:03.573137,2026-05-25T02:06:03.573143,v0.7.0+
oto,/Volumes/Samsam/Public/USIdata/life-spot-management-sp-z-o-o/lifespot-gdynia/usi_oto_4ksLV.json,2026-05-25T02:06:03.578771,2026-05-25T02:06:03.578773,v0.7.0+
oto,/Volumes/Samsam/Public/USIdata/life-spot-management-sp-z-o-o/lifespot-katowice/usi_oto_4qWR1.json,2026-05-25T02:06:03.584200,2026-05-25T02:06:03.584203,v0.7.0+
oto,/Volumes/Samsam/Public/USIdata/life-spot-management-sp-z-o-o/lifespot-krakow-lipska/usi_oto_4zaDU.json,2026-05-25T02:06:03.588978,2026-05-25T02:06:03.588983,v0.7.0+
oto,/Volumes/Samsam/Public/USIdata/life-spot-management-sp-z-o-o/lifespot-warszawa/usi_oto_4kw5D.json,2026-05-25T02:06:03.594858,2026-05-25T02:06:03.594864,v0.7.0+
oto,/Volumes/Samsam/Public/USIdata/life-spot-management-sp-z-o-o/lifespot-warszawa-ostrobramska/usi_oto_4A8xc.json,2026-05-25T02:06:03.600707,2026-05-25T02:06:03.600714,v0.7.0+
oto,/Volumes/Samsam/Public/USIdata/life-spot-management-sp-z-o-o/lifespot-warszawa-postepu/usi_oto_4xnq9.json,2026-05-25T02:06:03.606865,2026-05-25T02:06:03.606870,v0.7.0+
oto,/Volumes/Samsam/Public/USIdata/life-spot-management-sp-z-o-o/lifespot-wroclaw/usi_oto_4jt20.json,2026-05-25T02:06:03.613317,2026-05-25T02:06:03.613322,v0.7.0+
oto,/Volumes/Samsam/Public/USIdata/liga-development-sp-z-o-o/nowa-dania/usi_oto_4yuGk.json,2026-05-25T02:06:03.567688,2026-05-25T02:06:03.567692,v0.7.0+
oto,/Volumes/Samsam/Public/USIdata/linden-property/wiazana-residence/usi_oto_4u8R0.json,2026-05-25T02:06:03.556286,2026-05-25T02:06:03.556288,v0.7.0+
oto,/Volumes/Samsam/Public/USIdata/linden-property-obsluga-inwestycji-deweloperskich/wiazana-residence/usi_oto_4ApkD.json,2026-05-25T02:06:03.549873,2026-05-25T02:06:03.549876,v0.7.0+
oto,/Volumes/Samsam/Public/USIdata/linea/forte/usi_oto_4zJDY.json,2026-05-25T02:06:03.544358,2026-05-25T02:06:03.544360,v0.7.0+
oto,/Volumes/Samsam/Public/USIdata/linea-deweloper/murowana-goslina-osiedle-pogodna-osiedle-stolarska/usi_oto_4aU3X.json,2026-05-25T02:06:03.537548,2026-05-25T02:06:03.537550,v0.7.0+
oto,/Volumes/Samsam/Public/USIdata/linea-deweloper/osiedle-linea-w-buku/usi_oto_4hkGu.json,2026-05-25T02:06:03.541415,2026-05-25T02:06:03.541416,v0.7.0+
rp,/Volumes/Samsam/Public/USIdata/linea-spolka-z-oo/os-dabrowka-lesna-polana-poznanski-dopiewiec/usi_rp_16001.json,2026-05-25T02:06:03.528943,2026-06-02T23:12:48.261789,v0.7.0+
rp,/Volumes/Samsam/Public/USIdata/linea-spolka-z-oo/os-linea-w-buku-poznanski/usi_rp_16002.json,2026-05-25T02:06:03.532292,2026-06-02T23:12:48.270214,v0.7.0+
rp,/Volumes/Samsam/Public/USIdata/linea-spolka-z-oo/os-stolarska-poznanski/usi_rp_16000.json,2026-05-25T02:06:03.534882,2026-06-02T23:12:48.276910,v0.7.0+
oto,/Volumes/Samsam/Public/USIdata/link-bunscha-megapolis-sp-z-o-o-sp-k/link-bunscha/usi_oto_4xP87.json,2026-05-25T02:06:03.524607,2026-05-25T02:06:03.524609,v0.7.0+
oto,/Volumes/Samsam/Public/USIdata/lions-estate-development/alder-park/usi_oto_4mv0m.json,2026-05-25T02:06:03.516492,2026-05-25T02:06:03.516493,v0.7.0+
oto,/Volumes/Samsam/Public/USIdata/lions-estate-development/ecoliving-gassy/usi_oto_4r9Ot.json,2026-05-25T02:06:03.520915,2026-05-25T02:06:03.520916,v0.7.0+
oto,/Volumes/Samsam/Public/USIdata/lipinski-ppuh/osiedle-kurczaki/usi_oto_4y5SA.json,2026-05-25T02:06:03.512393,2026-05-25T02:06:03.512394,v0.7.0+
rp,/Volumes/Samsam/Public/USIdata/lipinski-ppuh-mariusz-lipinski/osiedle-kurczaki-lodz-chojny/usi_rp_18436.json,2026-05-25T02:06:03.509718,2026-06-02T23:12:48.254480,v0.7.0+
rp,/Volumes/Samsam/Public/USIdata/litus-invest-sp-z-oo/novo-30-gdansk-jasien/usi_rp_17664.json,2026-05-25T02:06:03.501701,2026-06-02T23:12:48.237423,v0.7.0+
oto,/Volumes/Samsam/Public/USIdata/livup/jagiellonska-36/usi_oto_47HXb.json,2026-05-25T02:06:03.490577,2026-05-25T02:06:03.490579,v0.7.0+
oto,/Volumes/Samsam/Public/USIdata/livup/pulawska-186/usi_oto_4fwhZ.json,2026-05-25T02:06:03.494812,2026-05-25T02:06:03.494814,v0.7.0+
oto,/Volumes/Samsam/Public/USIdata/locus-home/bukszpanowa/usi_oto_4zfYp.json,2026-05-25T02:06:03.476470,2026-05-25T02:06:03.476472,v0.7.0+
oto,/Volumes/Samsam/Public/USIdata/locus-home/panewnicka/usi_oto_4zjzg.json,2026-05-25T02:06:03.481621,2026-05-25T02:06:03.481625,v0.7.0+
oto,/Volumes/Samsam/Public/USIdata/lofty-primo/apartamenty-krolewskiej-huty/usi_oto_4sW4v.json,2026-05-25T02:06:03.471129,2026-05-25T02:06:03.471131,v0.7.0+
oto,/Volumes/Samsam/Public/USIdata/lofty-primo-sp-z-o-o/krolewskie-apartamenty-chorzow-katowice/usi_oto_4vfyS.json,2026-05-25T02:06:03.467108,2026-05-25T02:06:03.467110,v0.7.0+
to,/Volumes/Samsam/Public/USIdata/loker/vela-park-budynek-6-jeczmienna-rumia-biala-rzeka-mieszkania-na-sprzedaz/usi_to_9206836.json,2026-05-25T02:04:59.310800,2026-05-25T02:04:59.310804,v0.7.0+
rp,/Volumes/Samsam/Public/USIdata/loker-sp-z-oo/vela-park-wejherowski-rumia/usi_rp_11976.json,2026-05-25T02:06:03.463411,2026-06-02T23:12:48.211317,v0.7.0+
oto,/Volumes/Samsam/Public/USIdata/lokum/osiedle-pod-topolami/usi_oto_3XWK4.json,2026-05-25T02:06:03.450574,2026-05-25T02:06:03.450577,v0.7.0+
rp,/Volumes/Samsam/Public/USIdata/lokum-deweloper/lokum-da-vinci-wroclaw-fabryczna-gadow-maly/usi_rp_1933.json,2026-05-25T02:06:03.367120,2026-06-02T23:12:47.887455,v0.7.0+
oto,/Volumes/Samsam/Public/USIdata/lokum-deweloper/lokum-la-vida/usi_oto_4n8HN.json,2026-05-25T02:06:03.377304,2026-05-25T02:06:03.377305,v0.7.0+
oto,/Volumes/Samsam/Public/USIdata/lokum-deweloper/lokum-monte-gotowe-mieszkania/usi_oto_4cT3a.json,2026-05-25T02:06:03.384366,2026-05-25T02:06:03.384367,v0.7.0+
oto,/Volumes/Samsam/Public/USIdata/lokum-deweloper/lokum-porto/usi_oto_4cSYO.json,2026-05-25T02:06:03.391027,2026-05-25T02:06:03.391028,v0.7.0+
rp,/Volumes/Samsam/Public/USIdata/lokum-deweloper/lokum-verde-etap-ii-wroclaw-psie-pole-zakrzow/usi_rp_13524.json,2026-05-25T02:06:03.420740,2026-06-02T23:12:48.133955,v0.7.0+
oto,/Volumes/Samsam/Public/USIdata/lokum-deweloper/lokum-verde-gotowe-mieszkania/usi_oto_4cSVg.json,2026-05-25T02:06:03.426041,2026-05-25T02:06:03.426043,v0.7.0+
rp,/Volumes/Samsam/Public/USIdata/lokum-deweloper/lokum-villa-nova-wroclaw-psie-pole-kowale/usi_rp_10596.json,2026-05-25T02:06:03.432594,2026-06-02T23:12:48.157283,v0.7.0+
rp,/Volumes/Samsam/Public/USIdata/lokum-deweloper/lokum-viva-wroclaw-stare-miasto-szczepin/usi_rp_3789.json,2026-05-25T02:06:03.447453,2026-06-02T23:12:48.188996,v0.7.0+
rp,/Volumes/Samsam/Public/USIdata/lotowe-osiedle/lotowe-osiedle-leborski-sarbsk/usi_rp_18049.json,2026-05-25T02:06:03.357812,2026-06-02T23:12:47.864676,v0.7.0+
oto,/Volumes/Samsam/Public/USIdata/lowiccy-grupa-deweloperska/nowa-murowana-3/usi_oto_4hsly.json,2026-05-25T02:06:03.354021,2026-05-25T02:06:03.354022,v0.7.0+
oto,/Volumes/Samsam/Public/USIdata/lp-invest-s-p-z-o-o/partyzantow-6-a-f/usi_oto_4rmCt.json,2026-05-25T02:06:03.349964,2026-05-25T02:06:03.349966,v0.7.0+
oto,/Volumes/Samsam/Public/USIdata/ltp-development-sp-z-o-o/osiedle-lente/usi_oto_4sC2d.json,2026-05-25T02:06:03.345746,2026-05-25T02:06:03.345748,v0.7.0+
rp,/Volumes/Samsam/Public/USIdata/lubawskie-przedsiebiorstwo-budowlane-wierzbowski/apartamenty-spichlerz-ilawa-ilawa/usi_rp_15195.json,2026-05-25T02:06:03.338761,2026-06-02T23:12:47.848567,v0.7.0+
rp,/Volumes/Samsam/Public/USIdata/lubawskie-przedsiebiorstwo-budowlane-wierzbowski/lubawa-ulwolskiego-23-lubawa/usi_rp_15596.json,2026-05-25T02:06:03.342826,2026-06-02T23:12:47.856258,v0.7.0+
rp,/Volumes/Samsam/Public/USIdata/lubelska-osada/lubelska-osada-b6-lublin/usi_rp_19231.json,2026-05-25T02:06:03.332249,2026-06-02T23:12:47.835186,v0.7.0+
rp,/Volumes/Samsam/Public/USIdata/lubelska-osada/lubelska-osada-vi-etap-bud-b5-lublin/usi_rp_19230.json,2026-05-25T02:06:03.335593,2026-06-02T23:12:47.841564,v0.7.0+
oto,/Volumes/Samsam/Public/USIdata/lucas-dom/sarenki-4-warszawa-wesola/usi_oto_4BsYi.json,2026-05-25T02:06:03.327688,2026-05-25T02:06:03.327692,v0.7.0+
oto,/Volumes/Samsam/Public/USIdata/lucas-dom/sarenki-4-warszawa-wesola/usi_oto_68034850.json,2026-05-25T02:06:03.327688,2026-06-02T11:04:10.615212,v0.7.0+
rp,/Volumes/Samsam/Public/USIdata/lugra/vita-zabki-zabki/usi_rp_17275.json,2026-05-25T02:06:03.322908,2026-06-02T23:12:47.827258,v0.7.0+
oto,/Volumes/Samsam/Public/USIdata/lugra-sp-z-o-o/jordanowska-18/usi_oto_4yRfn.json,2026-05-25T02:06:03.308532,2026-05-25T02:06:03.308534,v0.7.0+
oto,/Volumes/Samsam/Public/USIdata/luk-jacek-wysokinski-i-wspolnicy-sp-k/choiny-3/usi_oto_4lNgT.json,2026-05-25T02:06:03.301317,2026-05-25T02:06:03.301319,v0.7.0+
oto,/Volumes/Samsam/Public/USIdata/luk-jacek-wysokinski-i-wspolnicy-sp-k/polnocna-31/usi_oto_4u40y.json,2026-05-25T02:06:03.305321,2026-05-25T02:06:03.305323,v0.7.0+
rp,/Volumes/Samsam/Public/USIdata/luk-sp-z-oo-ska/choiny-3-bud-b3-lublin/usi_rp_18428.json,2026-05-25T02:06:03.296699,2026-06-02T23:12:47.792125,v0.7.0+
rp,/Volumes/Samsam/Public/USIdata/lupkowa-park-sp-z-oo/lupkowa-park-2-lodz-julianow-marysin-rogi/usi_rp_16262.json,2026-05-25T02:06:03.293222,2026-06-02T23:12:47.782080,v0.7.0+
oto,/Volumes/Samsam/Public/USIdata/lux-home/osiedle-kwitnace-iii-etap/usi_oto_4xNLP.json,2026-05-25T02:06:03.285066,2026-05-25T02:06:03.285068,v0.7.0+
oto,/Volumes/Samsam/Public/USIdata/lux-home/osiedle-sokola-5/usi_oto_4xKuj.json,2026-05-25T02:06:03.289917,2026-05-25T02:06:03.289918,v0.7.0+
oto,/Volumes/Samsam/Public/USIdata/lux-residence-spolka-z-ograniczona-odpowiedzialnoscia/apartamenty-stacja-radosc/usi_oto_4Au44.json,2026-05-25T02:06:03.279136,2026-05-25T02:06:03.279139,v0.7.0+
oto,/Volumes/Samsam/Public/USIdata/luxury-apartments-sp-z-o-o/luxury-point/usi_oto_4yIAk.json,2026-05-25T02:06:03.275036,2026-05-25T02:06:03.275038,v0.7.0+
rp,/Volumes/Samsam/Public/USIdata/luxury-apartments-sp-z-oo/luxury-point-kielce/usi_rp_17736.json,2026-05-25T02:06:03.270710,2026-06-02T23:12:47.772341,v0.7.0+
rp,/Volumes/Samsam/Public/USIdata/lv-development/apartamenty-zlota-katowice-zespol-dzielnic-polnocnych/usi_rp_14451.json,2026-05-25T02:06:03.259331,2026-06-02T23:12:47.745646,v0.7.0+
oto,/Volumes/Samsam/Public/USIdata/lv-development/tarasy-slaskie/usi_oto_4vw4L.json,2026-05-25T02:04:59.296645,2026-05-25T02:04:59.296648,v0.7.0+
oto,/Volumes/Samsam/Public/USIdata/lv-development/zlota-apartamenty/usi_oto_4zqVH.json,2026-05-25T02:06:03.264950,2026-05-25T02:06:03.264952,v0.7.0+
oto,/Volumes/Samsam/Public/USIdata/lv-development-chorzow-sp-z-o-o/tarasy-slaskie/usi_oto_4BpOU.json,2026-05-25T02:06:03.250489,2026-05-25T02:06:03.250492,v0.7.0+
oto,/Volumes/Samsam/Public/USIdata/lv-development-chorzow-sp-z-o-o/tarasy-slaskie/usi_oto_68022736.json,2026-05-25T02:06:03.250489,2026-06-02T11:04:19.645282,v0.7.0+
oto,/Volumes/Samsam/Public/USIdata/m-development-skowronski-spolka-jawna-spolka-komandytowa/berberys-ii/usi_oto_4nXp5.json,2026-05-25T02:06:03.212604,2026-05-25T02:06:03.212605,v0.7.0+
oto,/Volumes/Samsam/Public/USIdata/m-development-skowronski-spolka-jawna-spolka-komandytowa/berberys-iii/usi_oto_4qtc2.json,2026-05-25T02:06:03.216425,2026-05-25T02:06:03.216426,v0.7.0+
oto,/Volumes/Samsam/Public/USIdata/m-development-skowronski-spolka-jawna-spolka-komandytowa/kalaminta-ii/usi_oto_4zoW1.json,2026-05-25T02:06:03.219355,2026-05-25T02:06:03.219357,v0.7.0+
oto,/Volumes/Samsam/Public/USIdata/m-development-skowronski-spolka-jawna-spolka-komandytowa/mahonia-premium/usi_oto_4sk01.json,2026-05-25T02:06:03.222625,2026-05-25T02:06:03.222627,v0.7.0+
oto,/Volumes/Samsam/Public/USIdata/m-development-skowronski-spolka-jawna-spolka-komandytowa/ubocze/usi_oto_4BlhR.json,2026-05-25T02:06:03.226132,2026-05-25T02:06:03.226136,v0.7.0+
oto,/Volumes/Samsam/Public/USIdata/m-development-skowronski-spolka-jawna-spolka-komandytowa/ubocze/usi_oto_68005311.json,2026-05-25T02:06:03.226132,2026-06-02T11:04:29.597863,v0.7.0+
oto,/Volumes/Samsam/Public/USIdata/m1-invest/zygmuntowska-10/usi_oto_4gHtz.json,2026-05-25T02:06:03.208573,2026-05-25T02:06:03.208574,v0.7.0+
rp,/Volumes/Samsam/Public/USIdata/m2-studio-development-sp-z-oo-sp-k/osiedle-pod-brzozami-etap-ii-minsk-mazowiecki/usi_rp_19050.json,2026-05-25T02:06:03.185359,2026-06-02T23:12:47.530210,v0.7.0+
rp,/Volumes/Samsam/Public/USIdata/m2-studio-development-sp-z-oo-sp-k/osiedle-spokojna-minski-stojadla/usi_rp_15242.json,2026-05-25T02:06:03.201923,2026-06-02T23:12:47.539020,v0.7.0+
rp,/Volumes/Samsam/Public/USIdata/m2-studio-development-sp-z-oo-sp-k/osiedle-urocza-minski/usi_rp_18280.json,2026-05-25T02:06:03.205619,2026-06-02T23:12:47.547572,v0.7.0+
oto,/Volumes/Samsam/Public/USIdata/m3-budownictwo/osiedle-lesny-zakatek/usi_oto_4uNt8.json,2026-05-25T02:06:03.181266,2026-05-25T02:06:03.181268,v0.7.0+
rp,/Volumes/Samsam/Public/USIdata/m3-invest/przy-lesie-ville-slow-life-wroclaw-jerzmanowo/usi_rp_16378.json,2026-05-25T02:06:03.165420,2026-06-02T23:12:47.498334,v0.7.0+
rp,/Volumes/Samsam/Public/USIdata/m3-invest/zaciszny-oltaszyn-ii-wroclaw-oltaszyn/usi_rp_16313.json,2026-05-25T02:06:03.169420,2026-06-02T23:12:47.505236,v0.7.0+
rp,/Volumes/Samsam/Public/USIdata/m3-invest/zaciszny-oltaszyn-iii-wroclaw-oltaszyn/usi_rp_18260.json,2026-05-25T02:06:03.174244,2026-06-02T23:12:47.513677,v0.7.0+
oto,/Volumes/Samsam/Public/USIdata/machowiczdom/rajskie-ogrody-2-zabki-mieszkania-dla-kazdego/usi_oto_4sfeE.json,2026-05-25T02:06:03.148909,2026-05-25T02:06:03.148913,v0.7.0+
oto,/Volumes/Samsam/Public/USIdata/madey-development-6-spolka-z-o-o/piekarska-park/usi_oto_4B61a.json,2026-05-25T02:06:03.144194,2026-05-25T02:06:03.144196,v0.7.0+
oto,/Volumes/Samsam/Public/USIdata/madey-development-6-spolka-z-o-o/piekarska-park/usi_oto_67946616.json,2026-05-25T02:06:03.144194,2026-06-02T11:05:03.319849,v0.7.0+
oto,/Volumes/Samsam/Public/USIdata/madey-development-sp-z-o-o-2-sp-k/apartamenty-nowe-miasto/usi_oto_4rDtb.json,2026-05-25T02:06:03.141067,2026-05-25T02:06:03.141068,v0.7.0+
oto,/Volumes/Samsam/Public/USIdata/madey-development-sp-z-o-o-4-sp-komandytowa/cascada/usi_oto_4B6sV.json,2026-05-25T02:06:03.137123,2026-05-25T02:06:03.137125,v0.7.0+
oto,/Volumes/Samsam/Public/USIdata/madey-development-sp-z-o-o-4-sp-komandytowa/cascada/usi_oto_67948338.json,2026-05-25T02:06:03.137123,2026-06-02T11:05:02.130185,v0.7.0+
rp,/Volumes/Samsam/Public/USIdata/madey-development-sp-z-oo-2-spk/apartamenty-nowe-miasto-zgierz/usi_rp_17195.json,2026-05-25T02:06:03.120308,2026-06-02T23:12:47.447867,v0.7.0+
rp,/Volumes/Samsam/Public/USIdata/madey-development-sp-z-oo-2-spk/bliski-olechow-lodz-widzew/usi_rp_14558.json,2026-05-25T02:06:03.128031,2026-06-02T23:12:47.456329,v0.7.0+
rp,/Volumes/Samsam/Public/USIdata/madey-development-sp-z-oo-4-spk/cascada-lodz-julianow-marysin-rogi/usi_rp_20336.json,2026-05-25T02:06:03.093229,2026-06-02T23:12:47.437795,v0.7.0+
to,/Volumes/Samsam/Public/USIdata/madeydevelopment/apartamenty-nowe-miasto-orla-12-zgierz-mieszkania-na-sprzedaz/usi_to_9186339.json,2026-05-25T02:04:59.284149,2026-05-25T02:04:59.284152,v0.7.0+
oto,/Volumes/Samsam/Public/USIdata/madison-development-sp-z-o-o/osiedle-krolaka-bezczynszowe-apartamenty-ludwikow/usi_oto_4pHJc.json,2026-05-25T02:06:03.051787,2026-05-25T02:06:03.051789,v0.7.0+
rp,/Volumes/Samsam/Public/USIdata/madura-deweloper/mierzyn-ul-dluga-policki-mierzyn/usi_rp_16828.json,2026-05-25T02:06:03.039616,2026-06-02T23:12:47.413303,v0.7.0+
rp,/Volumes/Samsam/Public/USIdata/madura-deweloper/rewal-ul-klifowa-22-gryficki-rewal/usi_rp_16114.json,2026-05-25T02:06:03.045987,2026-06-02T23:12:47.421780,v0.7.0+
rp,/Volumes/Samsam/Public/USIdata/madura-deweloper/rewal-ul-pelikana-gryficki-rewal/usi_rp_14389.json,2026-05-25T02:06:03.049090,2026-06-02T23:12:47.429369,v0.7.0+
oto,/Volumes/Samsam/Public/USIdata/madura-deweloper-sp-z-o-o/rewal-klifowa-22-apartamenty-z-widokiem-na-morze/usi_oto_4m7ZT.json,2026-05-25T02:06:03.035508,2026-05-25T02:06:03.035510,v0.7.0+
oto,/Volumes/Samsam/Public/USIdata/maesta-development/owocow-lesnych-domy/usi_oto_4jGhB.json,2026-05-25T02:06:03.030584,2026-05-25T02:06:03.030587,v0.7.0+
rp,/Volumes/Samsam/Public/USIdata/maestro-sa/domy-nad-niemnem-lodz-wzniesien-lodzkich/usi_rp_18529.json,2026-05-25T02:06:03.024166,2026-06-02T23:12:47.396282,v0.7.0+
rp,/Volumes/Samsam/Public/USIdata/maestro-sa/wrzosowe-wzgorze-lodz-dolina-lodki/usi_rp_16323.json,2026-05-25T02:06:03.027629,2026-06-02T23:12:47.403636,v0.7.0+
oto,/Volumes/Samsam/Public/USIdata/magenta-in/osiedle-magenta-stary-rembertow/usi_oto_4cPs1.json,2026-05-25T02:06:03.016526,2026-05-25T02:06:03.016528,v0.7.0+
oto,/Volumes/Samsam/Public/USIdata/magenta-in/szczyrk-sloneczna-polana/usi_oto_4sckx.json,2026-05-25T02:06:03.020960,2026-05-25T02:06:03.020961,v0.7.0+
oto,/Volumes/Samsam/Public/USIdata/magic-moments/magic-moments/usi_oto_4tKBC.json,2026-05-25T02:06:03.012066,2026-05-25T02:06:03.012068,v0.7.0+
rp,/Volumes/Samsam/Public/USIdata/maj-inwestycje-sp-z-oo/nowy-radzionkow-radzionkow/usi_rp_16021.json,2026-05-25T02:06:02.997328,2026-06-02T23:12:47.363415,v0.7.0+
rp,/Volumes/Samsam/Public/USIdata/maj-inwestycje-sp-z-oo/osiedle-majowe-20-etap-ii-gliwice/usi_rp_18400.json,2026-05-25T02:06:03.002147,2026-06-02T23:12:47.370869,v0.7.0+
rp,/Volumes/Samsam/Public/USIdata/majster-development/osiedle-lokietka-budynek-iii-plock/usi_rp_14802.json,2026-05-25T02:06:02.981655,2026-06-02T23:12:47.336030,v0.7.0+
rp,/Volumes/Samsam/Public/USIdata/majster-development/zielony-zakatek-bud-f-torun/usi_rp_16409.json,2026-05-25T02:06:02.985384,2026-06-02T23:12:47.343489,v0.7.0+
rp,/Volumes/Samsam/Public/USIdata/majster-development/zielony-zakatek-bud-g-torun/usi_rp_17269.json,2026-05-25T02:06:02.989889,2026-06-02T23:12:47.349421,v0.7.0+
rp,/Volumes/Samsam/Public/USIdata/majster-development/zielony-zakatek-torun/usi_rp_15488.json,2026-05-25T02:06:02.993549,2026-06-02T23:12:47.355751,v0.7.0+
rp,/Volumes/Samsam/Public/USIdata/mak-dom/golisza-6-szczecin-drzetowo-grabowo/usi_rp_14426.json,2026-05-25T02:06:02.954846,2026-06-02T23:12:47.282719,v0.7.0+
rp,/Volumes/Samsam/Public/USIdata/mak-dom/osiedle-na-skarpie-olsztyn/usi_rp_14410.json,2026-05-25T02:06:02.963339,2026-06-02T23:12:47.299117,v0.7.0+
rp,/Volumes/Samsam/Public/USIdata/mak-dom/park-hallera-8-otwock/usi_rp_15135.json,2026-05-25T02:06:02.966720,2026-06-02T23:12:47.306322,v0.7.0+
oto,/Volumes/Samsam/Public/USIdata/mak-dom-holding-s-a/kuropatwy-xii/usi_oto_4xEbh.json,2026-05-25T02:06:02.930629,2026-05-25T02:06:02.930631,v0.7.0+
oto,/Volumes/Samsam/Public/USIdata/mak-dom-holding-s-a/marina-v/usi_oto_4tjwu.json,2026-05-25T02:06:02.934678,2026-05-25T02:06:02.934679,v0.7.0+
oto,/Volumes/Samsam/Public/USIdata/mak-dom-holding-s-a/poniatowskiego-28/usi_oto_4tibk.json,2026-05-25T02:06:02.938025,2026-05-25T02:06:02.938027,v0.7.0+
oto,/Volumes/Samsam/Public/USIdata/mak-dom-holding-s-a/sloneczna-arakowa/usi_oto_4tNSd.json,2026-05-25T02:06:02.941713,2026-05-25T02:06:02.941715,v0.7.0+
oto,/Volumes/Samsam/Public/USIdata/mak-dom-holding-s-a/sosnowiecka-park/usi_oto_4yZPn.json,2026-05-25T02:06:02.946035,2026-05-25T02:06:02.946038,v0.7.0+
oto,/Volumes/Samsam/Public/USIdata/mak-dom-holding-s-a/zwolenska-trakt/usi_oto_4rvQf.json,2026-05-25T02:06:02.950010,2026-05-25T02:06:02.950013,v0.7.0+
rp,/Volumes/Samsam/Public/USIdata/makler-nieruchomosci-sc-justyna-i-jarek-jedryczka/cudne-chmielniki-bydgoski-pradocin/usi_rp_15511.json,2026-05-25T02:06:02.926771,2026-06-02T23:12:47.271120,v0.7.0+
rp,/Volumes/Samsam/Public/USIdata/maksimum-sp-z-oo-holding-ska/gwarek-park-tarnowskie-gory/usi_rp_15275.json,2026-05-25T02:06:02.916838,2026-06-02T23:12:47.257818,v0.7.0+
rp,/Volumes/Samsam/Public/USIdata/maksimum-sp-z-oo-holding-ska/ville-garden-katowice-ligota-panewniki/usi_rp_17459.json,2026-05-25T02:06:02.922245,2026-06-02T23:12:47.264054,v0.7.0+
oto,/Volumes/Samsam/Public/USIdata/makurat-invest/ostoja-nowy-swiat/usi_oto_4n3EB.json,2026-05-25T02:06:02.910081,2026-05-25T02:06:02.910083,v0.7.0+
oto,/Volumes/Samsam/Public/USIdata/makurat-invest/ostoja-nowy-swiat-ii/usi_oto_4svql.json,2026-05-25T02:06:02.913781,2026-05-25T02:06:02.913783,v0.7.0+
oto,/Volumes/Samsam/Public/USIdata/makurat-inwestycje-sp-z-o-o/moniuszki-30-nowoczesne-mieszkania-w-sercu-kaszub-koscierzyna/usi_oto_4BsxN.json,2026-05-25T02:06:02.898553,2026-05-25T02:06:02.898554,v0.7.0+
oto,/Volumes/Samsam/Public/USIdata/makurat-inwestycje-sp-z-o-o/moniuszki-30-nowoczesne-mieszkania-w-sercu-kaszub-koscierzyna/usi_oto_68033207.json,2026-05-25T02:06:02.898553,2026-06-02T11:04:11.858112,v0.7.0+
oto,/Volumes/Samsam/Public/USIdata/malaga-sylwester-pitula/pogodna/usi_oto_4ATMD.json,2026-05-25T02:06:02.894025,2026-05-25T02:06:02.894027,v0.7.0+
oto,/Volumes/Samsam/Public/USIdata/malaga-sylwester-pitula/pogodna/usi_oto_67899587.json,2026-05-25T02:06:02.894025,2026-06-02T11:05:21.261858,v0.7.0+
rp,/Volumes/Samsam/Public/USIdata/malik-development/nowe-sady-iii-wielun/usi_rp_15773.json,2026-05-25T02:06:02.887195,2026-06-02T23:12:47.226408,v0.7.0+
oto,/Volumes/Samsam/Public/USIdata/malta-ii-sp-z-o-o/accanto/usi_oto_4zZzX.json,2026-05-25T02:06:02.883188,2026-05-25T02:06:02.883190,v0.7.0+
oto,/Volumes/Samsam/Public/USIdata/mar-invest/zielony-borkow/usi_oto_4df97.json,2026-05-25T02:06:02.875367,2026-05-25T02:06:02.875368,v0.7.0+
oto,/Volumes/Samsam/Public/USIdata/maraf-development-sp-z-o-o/nova-staffa/usi_oto_4zdYl.json,2026-05-25T02:06:02.871649,2026-05-25T02:06:02.871650,v0.7.0+
oto,/Volumes/Samsam/Public/USIdata/marel-sp-z-o-o/moniuszki-13/usi_oto_4mtkm.json,2026-05-25T02:06:02.867788,2026-05-25T02:06:02.867790,v0.7.0+
rp,/Volumes/Samsam/Public/USIdata/margalski-grupa-deweloperska-sp-j/lesne-zacisze-etap-i-dzialdowski-komorniki/usi_rp_15130.json,2026-05-25T02:06:02.864091,2026-06-02T23:12:47.208201,v0.7.0+
rp,/Volumes/Samsam/Public/USIdata/marina-developer-sp-z-oo/apartamenty-101-warszewo-szczecin-polnoc-warszewo/usi_rp_10198.json,2026-05-25T02:06:02.857053,2026-06-02T23:12:47.192884,v0.7.0+
rp,/Volumes/Samsam/Public/USIdata/marina-developer-sp-z-oo/clubhouse-szczecin-prawobrzeze-dabie/usi_rp_12093.json,2026-05-25T02:06:02.861463,2026-06-02T23:12:47.201789,v0.7.0+
to,/Volumes/Samsam/Public/USIdata/marina-invest/aquamarina-3-gryfa-pomorskiego-80-b-miedzyzdroje-lokale-inwestycyjne-na-sprzedaz/usi_to_9178554.json,2026-05-25T02:06:02.852748,2026-05-25T02:06:02.852749,v0.7.0+
rp,/Volumes/Samsam/Public/USIdata/marina-invest-sp-z-oo/aquamarina-3-miedzyzdroje/usi_rp_19340.json,2026-05-25T02:06:02.846479,2026-06-02T23:12:47.183954,v0.7.0+
rp,/Volumes/Samsam/Public/USIdata/marka-invest-spolka-z-oo/stacja-krzywa-poznan-gorczyn/usi_rp_20375.json,2026-06-02T10:52:56.432795,2026-06-02T23:12:47.174967,v0.7.0+
oto,/Volumes/Samsam/Public/USIdata/marland-deweloper-p-marczydlo-deweloper-sp-k/aleja-mysliwska/usi_oto_4sC15.json,2026-05-25T02:06:02.837310,2026-05-25T02:06:02.837311,v0.7.0+
oto,/Volumes/Samsam/Public/USIdata/marland-deweloper-p-marczydlo-deweloper-sp-k/apartamenty-premium-zaczernie/usi_oto_4yzEI.json,2026-05-25T02:06:02.842462,2026-05-25T02:06:02.842463,v0.7.0+
rp,/Volumes/Samsam/Public/USIdata/marland-paj-marczydlo-spolka-jawna/aleja-mysliwska-rzeszow-pogwizdow-nowy/usi_rp_18145.json,2026-05-25T02:06:02.833145,2026-06-02T23:12:47.165869,v0.7.0+
rp,/Volumes/Samsam/Public/USIdata/marrow/bialy-port-torun/usi_rp_16414.json,2026-05-25T02:06:02.821850,2026-06-02T23:12:47.136524,v0.7.0+
rp,/Volumes/Samsam/Public/USIdata/marrow/wiazowa-torun/usi_rp_16415.json,2026-05-25T02:06:02.825093,2026-06-02T23:12:47.143670,v0.7.0+
rp,/Volumes/Samsam/Public/USIdata/marrow/zielone-stawki-budynek-b-torun/usi_rp_15772.json,2026-05-25T02:06:02.827580,2026-06-02T23:12:47.152525,v0.7.0+
rp,/Volumes/Samsam/Public/USIdata/marrow/zielone-stawki-torun/usi_rp_13714.json,2026-05-25T02:06:02.830102,2026-06-02T23:12:47.159081,v0.7.0+
oto,/Volumes/Samsam/Public/USIdata/marvipol/gardenia-lagom/usi_oto_4hh4J.json,2026-05-25T02:06:02.807800,2026-05-25T02:06:02.807802,v0.7.0+
oto,/Volumes/Samsam/Public/USIdata/marvipol/nowe-zerniki-to-kosmos/usi_oto_4sb3T.json,2026-05-25T02:06:02.813427,2026-05-25T02:06:02.813428,v0.7.0+
oto,/Volumes/Samsam/Public/USIdata/marvipol/osiedle-juu/usi_oto_4r0Ev.json,2026-05-25T02:06:02.816429,2026-05-25T02:06:02.816431,v0.7.0+
oto,/Volumes/Samsam/Public/USIdata/marvipol/trio-park/usi_oto_4r0Eu.json,2026-05-25T02:06:02.819210,2026-05-25T02:06:02.819211,v0.7.0+
oto,/Volumes/Samsam/Public/USIdata/marvipol-development/aleje-138/usi_oto_4BrC6.json,2026-05-25T02:06:02.691563,2026-05-25T02:06:02.691566,v0.7.0+
oto,/Volumes/Samsam/Public/USIdata/marvipol-development/aleje-138/usi_oto_68029630.json,2026-05-25T02:06:02.691563,2026-06-02T11:04:16.384350,v0.7.0+
rp,/Volumes/Samsam/Public/USIdata/marvipol-development/cascade-residence-warszawa-mokotow-wierzbno/usi_rp_9336.json,2026-05-25T02:06:02.700667,2026-06-02T23:12:46.854260,v0.7.0+
oto,/Volumes/Samsam/Public/USIdata/marvipol-development/conrada-30/usi_oto_4z2Ik.json,2026-05-25T02:06:02.704277,2026-05-25T02:06:02.704278,v0.7.0+
rp,/Volumes/Samsam/Public/USIdata/marvipol-development/dom-przy-okrzei-warszawa-praga-polnoc-stara-praga/usi_rp_9939.json,2026-05-25T02:06:02.714271,2026-06-02T23:12:46.888901,v0.7.0+
rp,/Volumes/Samsam/Public/USIdata/marvipol-development/dwie-motlawy-gdansk-srodmiescie/usi_rp_11436.json,2026-05-25T02:06:02.716969,2026-06-02T23:12:46.895423,v0.7.0+
rp,/Volumes/Samsam/Public/USIdata/marvipol-development/harmony-park-warszawa-ursynow-osiedle-wyczolki/usi_rp_8487.json,2026-05-25T02:06:02.726461,2026-06-02T23:12:46.978817,v0.7.0+
rp,/Volumes/Samsam/Public/USIdata/marvipol-development/in-place-2-warszawa-rakow/usi_rp_16209.json,2026-05-25T02:06:02.729102,2026-06-02T23:12:46.986669,v0.7.0+
rp,/Volumes/Samsam/Public/USIdata/marvipol-development/in-place-warszawa-rakow/usi_rp_14294.json,2026-05-25T02:06:02.732933,2026-06-02T23:12:46.993023,v0.7.0+
rp,/Volumes/Samsam/Public/USIdata/marvipol-development/klopotowskiego-11-warszawa-praga-polnoc-stara-praga/usi_rp_11953.json,2026-05-25T02:06:02.736027,2026-06-02T23:12:46.999213,v0.7.0+
rp,/Volumes/Samsam/Public/USIdata/marvipol-development/moko-botanika-warszawa-mokotow-sluzewiec/usi_rp_11947.json,2026-05-25T02:06:02.746865,2026-06-02T23:12:47.021428,v0.7.0+
rp,/Volumes/Samsam/Public/USIdata/marvipol-development/motlawa-garden-gdansk-olszynka/usi_rp_18394.json,2026-05-25T02:06:02.750624,2026-06-02T23:12:47.027643,v0.7.0+
oto,/Volumes/Samsam/Public/USIdata/marvipol-development/nowa-chylonia/usi_oto_4xw48.json,2026-05-25T02:06:02.754572,2026-05-25T02:06:02.754574,v0.7.0+
oto,/Volumes/Samsam/Public/USIdata/marvipol-development/riviera/usi_oto_4z9us.json,2026-05-25T02:06:02.772037,2026-05-25T02:06:02.772038,v0.7.0+
rp,/Volumes/Samsam/Public/USIdata/marvipol-development/riviera-park-warszawa-bialoleka-zeran/usi_rp_7032.json,2026-05-25T02:06:02.775450,2026-06-02T23:12:47.056099,v0.7.0+
rp,/Volumes/Samsam/Public/USIdata/marvipol-development/royal-tulip-warsaw-apartments-warszawa-wola-mirow/usi_rp_10544.json,2026-05-25T02:06:02.782084,2026-06-02T23:12:47.071673,v0.7.0+
rp,/Volumes/Samsam/Public/USIdata/marvipol-development/studio-okecie-warszawa-wlochy-okecie/usi_rp_12917.json,2026-05-25T02:06:02.788326,2026-06-02T23:12:47.087092,v0.7.0+
rp,/Volumes/Samsam/Public/USIdata/marvipol-development/topiel-warszawa-srodmiescie-powisle/usi_rp_9889.json,2026-05-25T02:06:02.791439,2026-06-02T23:12:47.093901,v0.7.0+
rp,/Volumes/Samsam/Public/USIdata/marvipol-development/unique-tower-warszawa-wola-mirow/usi_rp_10020.json,2026-05-25T02:06:02.800507,2026-06-02T23:12:47.114312,v0.7.0+
rp,/Volumes/Samsam/Public/USIdata/marvipol-development/w-apartments-warszawa-wola-czyste/usi_rp_10557.json,2026-05-25T02:06:02.804067,2026-06-02T23:12:47.126387,v0.7.0+
oto,/Volumes/Samsam/Public/USIdata/marvipol-development/wille-pasymska/usi_oto_4B9Pz.json,2026-05-25T02:04:59.255897,2026-05-25T02:04:59.255900,v0.7.0+
oto,/Volumes/Samsam/Public/USIdata/marwent/premium-srebrna-park-apartamenty-3-pok-ogrodek-oze-etap-1-i-2/usi_oto_4Bg4m.json,2026-05-25T02:06:02.685227,2026-05-25T02:06:02.685229,v0.7.0+
oto,/Volumes/Samsam/Public/USIdata/marwent/premium-srebrna-park-apartamenty-3-pok-ogrodek-oze-etap-1-i-2/usi_oto_67985254.json,2026-05-25T02:06:02.685227,2026-06-02T11:04:41.916583,v0.7.0+
oto,/Volumes/Samsam/Public/USIdata/marwent/premium-srebrna-park-ul-sorychty-apartamenty-oze-etap-1-i-2/usi_oto_4Bg4m.json,2026-05-25T02:04:59.242866,2026-05-25T02:04:59.242868,v0.7.0+
oto,/Volumes/Samsam/Public/USIdata/masko-invest-sp-z-o-o/osiedle-mloda-rumia/usi_oto_4ceja.json,2026-05-25T02:06:02.680092,2026-05-25T02:06:02.680094,v0.7.0+
rp,/Volumes/Samsam/Public/USIdata/master-emil-borys-spj/apartamenty-prusa-czarna-bialostocka/usi_rp_16470.json,2026-05-25T02:06:02.672743,2026-06-02T23:12:46.687645,v0.7.0+
oto,/Volumes/Samsam/Public/USIdata/master-house-sp-z-o-o-sp-k/baltic-park-2-pogorzelica/usi_oto_4rAFJ.json,2026-05-25T02:06:02.665129,2026-05-25T02:06:02.665130,v0.7.0+
oto,/Volumes/Samsam/Public/USIdata/master-house-sp-z-o-o-sp-k/crocus-hill/usi_oto_4hnS9.json,2026-05-25T02:06:02.669733,2026-05-25T02:06:02.669735,v0.7.0+
rp,/Volumes/Samsam/Public/USIdata/master-house-sp-z-oo-sp-k/baltic-park-2-pogorzelica-bud-1-i-2-gryficki-pogorzelica/usi_rp_16514.json,2026-05-25T02:06:02.651266,2026-06-02T23:12:46.651709,v0.7.0+
rp,/Volumes/Samsam/Public/USIdata/master-house-sp-z-oo-sp-k/baltic-park-pogorzelica-gryficki-pogorzelica/usi_rp_4096.json,2026-05-25T02:06:02.654822,2026-06-02T23:12:46.658849,v0.7.0+
rp,/Volumes/Samsam/Public/USIdata/master-house-sp-z-oo-sp-k/crocus-hill-szczecin-srodmiescie-polnoc/usi_rp_14902.json,2026-05-25T02:06:02.657570,2026-06-02T23:12:46.669428,v0.7.0+
rp,/Volumes/Samsam/Public/USIdata/master-house-sp-z-oo-sp-k/osiedle-sympatyczne-policki-warzymice/usi_rp_7988.json,2026-05-25T02:06:02.661126,2026-06-02T23:12:46.678819,v0.7.0+
rp,/Volumes/Samsam/Public/USIdata/masterm/apollo-residence-darlowo/usi_rp_17961.json,2026-05-25T02:06:02.632848,2026-06-02T23:12:46.607978,v0.7.0+
rp,/Volumes/Samsam/Public/USIdata/masterm/aquart-swinoujscie-swinoujscie/usi_rp_14624.json,2026-05-25T02:06:02.637065,2026-06-02T23:12:46.616933,v0.7.0+
rp,/Volumes/Samsam/Public/USIdata/masterm/piano81-poznan-gorczyn/usi_rp_14188.json,2026-05-25T02:06:02.645199,2026-06-02T23:12:46.637733,v0.7.0+
oto,/Volumes/Samsam/Public/USIdata/masterm-investment/apollo-residence/usi_oto_4thyu.json,2026-05-25T02:06:02.620035,2026-05-25T02:06:02.620038,v0.7.0+
oto,/Volumes/Samsam/Public/USIdata/masterm-investment/na-wildzie/usi_oto_4yie9.json,2026-05-25T02:06:02.629334,2026-05-25T02:06:02.629335,v0.7.0+
oto,/Volumes/Samsam/Public/USIdata/masterm-sfc-spolka-z-ograniczona-odpowiedzialnoscia-spolka-komandytowa/baltic-jet/usi_oto_4s6oY.json,2026-05-25T02:06:02.614516,2026-05-25T02:06:02.614517,v0.7.0+
rp,/Volumes/Samsam/Public/USIdata/mat-bet-pz-spolka-z-oo/osiedle-wloska-koszalin/usi_rp_14848.json,2026-05-25T02:06:02.605899,2026-06-02T23:12:46.594568,v0.7.0+
rp,/Volumes/Samsam/Public/USIdata/mat-bet-pz-spolka-z-oo/villa-nova-slupsk/usi_rp_15736.json,2026-05-25T02:06:02.610513,2026-06-02T23:12:46.602378,v0.7.0+
oto,/Volumes/Samsam/Public/USIdata/mat-bud-sp-z-o-o/olszowka-residence/usi_oto_4yW6u.json,2026-05-25T02:06:02.601207,2026-05-25T02:06:02.601208,v0.7.0+
rp,/Volumes/Samsam/Public/USIdata/matbud-development-sp-z-o-o/osiedle-marszalka-zabki/usi_rp_16305.json,2026-05-25T02:06:02.579926,2026-06-02T23:12:46.574068,v0.7.0+
rp,/Volumes/Samsam/Public/USIdata/matbud-development-sp-z-o-o/zielone-alejki-etap-ii-marki/usi_rp_17951.json,2026-05-25T02:06:02.582479,2026-06-02T23:12:46.583241,v0.7.0+
rp,/Volumes/Samsam/Public/USIdata/matbud-development-sp-z-o-o/zielone-alejki-marki/usi_rp_14587.json,2026-05-25T02:06:02.585118,2026-06-02T23:12:46.588780,v0.7.0+
oto,/Volumes/Samsam/Public/USIdata/matejek-sp-z-o-o/emaus-garden/usi_oto_4k1wJ.json,2026-05-25T02:06:02.561452,2026-05-25T02:06:02.561453,v0.7.0+
oto,/Volumes/Samsam/Public/USIdata/matejek-sp-z-o-o/kopalniana-1/usi_oto_4tkdI.json,2026-05-25T02:06:02.565896,2026-05-25T02:06:02.565898,v0.7.0+
oto,/Volumes/Samsam/Public/USIdata/matejek-sp-z-o-o/wzgorze-krzemionki/usi_oto_4pOVo.json,2026-05-25T02:06:02.569542,2026-05-25T02:06:02.569543,v0.7.0+
oto,/Volumes/Samsam/Public/USIdata/matexi-polska/bukowinska-mokotow/usi_oto_4xmSH.json,2026-05-25T02:06:02.527456,2026-05-25T02:06:02.527458,v0.7.0+
oto,/Volumes/Samsam/Public/USIdata/matexi-polska/domaniewska-24/usi_oto_4tbU2.json,2026-05-25T02:06:02.532251,2026-05-25T02:06:02.532254,v0.7.0+
oto,/Volumes/Samsam/Public/USIdata/matexi-polska/kameralny-prokocim-2/usi_oto_4m4CO.json,2026-05-25T02:06:02.537020,2026-05-25T02:06:02.537024,v0.7.0+
oto,/Volumes/Samsam/Public/USIdata/matexi-polska/na-bielany/usi_oto_4fBZ5.json,2026-05-25T02:06:02.541135,2026-05-25T02:06:02.541137,v0.7.0+
oto,/Volumes/Samsam/Public/USIdata/matexi-polska/sokratesa-11a/usi_oto_4kfe3.json,2026-05-25T02:06:02.544581,2026-05-25T02:06:02.544583,v0.7.0+
oto,/Volumes/Samsam/Public/USIdata/matexi-polska/splot-wola/usi_oto_4t6Xc.json,2026-05-25T02:06:02.548370,2026-05-25T02:06:02.548372,v0.7.0+
oto,/Volumes/Samsam/Public/USIdata/matexi-polska/takt-lirnikow/usi_oto_4u0XS.json,2026-05-25T02:06:02.551429,2026-05-25T02:06:02.551430,v0.7.0+
oto,/Volumes/Samsam/Public/USIdata/matexi-polska/xyz-place/usi_oto_4taR1.json,2026-05-25T02:06:02.554308,2026-05-25T02:06:02.554310,v0.7.0+
oto,/Volumes/Samsam/Public/USIdata/matexi-polska/zelazna-54/usi_oto_4t8lW.json,2026-05-25T02:06:02.557208,2026-05-25T02:06:02.557210,v0.7.0+
rp,/Volumes/Samsam/Public/USIdata/matexi-polska-sp-z-oo/omulewska-warszawa-praga-poludnie-grochow/usi_rp_9470.json,2026-05-25T02:06:02.480761,2026-06-02T23:12:46.462793,v0.7.0+
rp,/Volumes/Samsam/Public/USIdata/matexi-polska-sp-z-oo/sokratesa-11a-warszawa-wawrzyszew/usi_rp_15733.json,2026-05-25T02:06:02.495369,2026-06-02T23:12:46.499015,v0.7.0+
rp,/Volumes/Samsam/Public/USIdata/matheo-invest/klebark-park-olsztynski-klebark-maly/usi_rp_14422.json,2026-05-25T02:06:02.421227,2026-06-02T23:12:46.343741,v0.7.0+
oto,/Volumes/Samsam/Public/USIdata/matheo-invest-balcerek-spolka-komandytowa/apartamenty-sztabowa/usi_oto_4zZYJ.json,2026-05-25T02:06:02.417100,2026-05-25T02:06:02.417103,v0.7.0+
oto,/Volumes/Samsam/Public/USIdata/matplast-sp-z-o-o/osiedle-zielona-wola/usi_oto_4vHgs.json,2026-05-25T02:06:02.412843,2026-05-25T02:06:02.412845,v0.7.0+
oto,/Volumes/Samsam/Public/USIdata/matton-development/rumia-point/usi_oto_4AQbd.json,2026-05-25T02:06:02.408865,2026-05-25T02:06:02.408866,v0.7.0+
oto,/Volumes/Samsam/Public/USIdata/matton-development/rumia-point/usi_oto_67885735.json,2026-05-25T02:06:02.408865,2026-06-02T11:05:26.564584,v0.7.0+
oto,/Volumes/Samsam/Public/USIdata/maureska/osiedle-maureska-jar-torun-nowe-mieszkania/usi_oto_4AQmX.json,2026-05-25T02:06:02.403021,2026-05-25T02:06:02.403022,v0.7.0+
oto,/Volumes/Samsam/Public/USIdata/maureska/osiedle-maureska-jar-torun-nowe-mieszkania/usi_oto_67886463.json,2026-05-25T02:06:02.403021,2026-06-02T11:05:25.976414,v0.7.0+
rp,/Volumes/Samsam/Public/USIdata/maureska-sp-z-oo/osiedle-maureska-etap-2-torun/usi_rp_20292.json,2026-05-25T02:06:02.395975,2026-06-02T23:12:46.330995,v0.7.0+
rp,/Volumes/Samsam/Public/USIdata/maureska-sp-z-oo/osiedle-maureska-torun/usi_rp_20291.json,2026-05-25T02:06:02.399408,2026-06-02T23:12:46.337067,v0.7.0+
rp,/Volumes/Samsam/Public/USIdata/maxbud-apartments/bema-park-lodz-julianow-marysin-rogi/usi_rp_14032.json,2026-05-25T02:06:02.389512,2026-06-02T23:12:46.317208,v0.7.0+
rp,/Volumes/Samsam/Public/USIdata/maxbud-apartments/esparado-one-lodz-baluty-centrum/usi_rp_14229.json,2026-05-25T02:06:02.393088,2026-06-02T23:12:46.323995,v0.7.0+
rp,/Volumes/Samsam/Public/USIdata/maxbud-development/rozali-park-lodz-ruda/usi_rp_20266.json,2026-05-25T02:06:02.380705,2026-06-02T23:12:46.300874,v0.7.0+
rp,/Volumes/Samsam/Public/USIdata/maxbud-development/sierakowskiego-73-lodz-baluty-centrum/usi_rp_13770.json,2026-05-25T02:06:02.385522,2026-06-02T23:12:46.310777,v0.7.0+
oto,/Volumes/Samsam/Public/USIdata/maxbud-iv/polna-residence/usi_oto_4dQSc.json,2026-05-25T02:06:02.376538,2026-05-25T02:06:02.376540,v0.7.0+
oto,/Volumes/Samsam/Public/USIdata/mazdom-city-sp-z-o-o/blonie-vita/usi_oto_68060564.json,2026-06-02T11:03:44.765342,2026-06-02T11:03:45.269923,v0.7.0+
oto,/Volumes/Samsam/Public/USIdata/mazur-specjslistyczne-przedsiebiorstwo-robot-inzynieryjnych-mazur-henryk/nowa-cukrownia-szczecin/usi_oto_4ymAr.json,2026-05-25T02:06:02.357921,2026-05-25T02:06:02.357923,v0.7.0+
oto,/Volumes/Samsam/Public/USIdata/mazur-specjslistyczne-przedsiebiorstwo-robot-inzynieryjnych-mazur-henryk/osiedle-nowo-goleniow/usi_oto_4ticm.json,2026-05-25T02:06:02.362563,2026-05-25T02:06:02.362566,v0.7.0+
oto,/Volumes/Samsam/Public/USIdata/mazurinvest/mieszkania-w-centrum-polczyn-zdroj/usi_oto_4BdZC.json,2026-05-25T02:06:02.352166,2026-05-25T02:06:02.352168,v0.7.0+
oto,/Volumes/Samsam/Public/USIdata/mazurinvest/mieszkania-w-centrum-polczyn-zdroj/usi_oto_67977272.json,2026-05-25T02:06:02.352166,2026-06-02T11:04:46.730864,v0.7.0+
rp,/Volumes/Samsam/Public/USIdata/mb-development/apartamenty-cechowa-krakow-podgorze-duchackie/usi_rp_16803.json,2026-05-25T02:06:02.341906,2026-06-02T23:12:46.269405,v0.7.0+
oto,/Volumes/Samsam/Public/USIdata/mbj-sp-z-o-o-sp-k/apartamenty-stara-milosna/usi_oto_4trD9.json,2026-05-25T02:06:02.335403,2026-05-25T02:06:02.335404,v0.7.0+
oto,/Volumes/Samsam/Public/USIdata/md-development-villa/villa-spacerowa-sulejowek-fotowoltaika/usi_oto_4sqCS.json,2026-05-25T02:06:02.330835,2026-05-25T02:06:02.330837,v0.7.0+
rp,/Volumes/Samsam/Public/USIdata/md-grupa-deweloper-sp-z-oo/apartamenty-dobra-nocka-przeworsk/usi_rp_15306.json,2026-05-25T02:06:02.326926,2026-06-02T23:12:46.260318,v0.7.0+
oto,/Volumes/Samsam/Public/USIdata/md-invest-sp-z-o-o/osiedle-jagodzianka/usi_oto_4tIGo.json,2026-05-25T02:06:02.322436,2026-05-25T02:06:02.322437,v0.7.0+
rp,/Volumes/Samsam/Public/USIdata/md-invest-sp-z-oo/osiedle-jagodzianka-otwocki-otwock-maly/usi_rp_18101.json,2026-05-25T02:06:02.318905,2026-06-02T23:12:46.252510,v0.7.0+
rp,/Volumes/Samsam/Public/USIdata/mdgm-development-sp-z-oo/hussar-loft-apartamenty-inwestycyjne-szczecin-gumience/usi_rp_19238.json,2026-05-25T02:06:02.312723,2026-06-02T23:12:46.240251,v0.7.0+
rp,/Volumes/Samsam/Public/USIdata/mdgm-development-sp-z-oo/nowa-drukarnia-stargard/usi_rp_20230.json,2026-05-25T02:06:02.315941,2026-06-02T23:12:46.247009,v0.7.0+
rp,/Volumes/Samsam/Public/USIdata/mdm-sp-z-oo-sp-k/chojnow-park-piaseczynski-krepa/usi_rp_13642.json,2026-05-25T02:06:02.248866,2026-06-02T23:12:46.109391,v0.7.0+
rp,/Volumes/Samsam/Public/USIdata/mdm-sp-z-oo-sp-k/falenty-apartamenty-pruszkowski-falenty-nowe/usi_rp_16268.json,2026-05-25T02:06:02.253883,2026-06-02T23:12:46.118159,v0.7.0+
rp,/Volumes/Samsam/Public/USIdata/mdm-sp-z-oo-sp-k/hej-baniocha-f-piaseczynski-baniocha/usi_rp_19337.json,2026-05-25T02:06:02.267826,2026-06-02T23:12:46.148194,v0.7.0+
rp,/Volumes/Samsam/Public/USIdata/mdm-sp-z-oo-sp-k/kabacka-przystan-gardens-2-piaseczynski-jozefoslaw/usi_rp_13890.json,2026-05-25T02:06:02.282361,2026-06-02T23:12:46.179136,v0.7.0+
rp,/Volumes/Samsam/Public/USIdata/mdm-sp-z-oo-sp-k/kabacka-przystan-prestige-piaseczynski-jozefoslaw/usi_rp_13236.json,2026-05-25T02:06:02.285020,2026-06-02T23:12:46.184472,v0.7.0+
rp,/Volumes/Samsam/Public/USIdata/mdm-sp-z-oo-sp-k/kolobrzeska-konstancin-jeziorna/usi_rp_17639.json,2026-05-25T02:06:02.287745,2026-06-02T23:12:46.190590,v0.7.0+
rp,/Volumes/Samsam/Public/USIdata/mdm-sp-z-oo-sp-k/nove-piaseczno-2-etap-e-piaseczynski-chylice-polko/usi_rp_18874.json,2026-05-25T02:06:02.290878,2026-06-02T23:12:46.198409,v0.7.0+
rp,/Volumes/Samsam/Public/USIdata/mdm-sp-z-oo-sp-k/nove-piaseczno-2-etap-f-piaseczynski-chylice-polko/usi_rp_19028.json,2026-05-25T02:06:02.294196,2026-06-02T23:12:46.205393,v0.7.0+
rp,/Volumes/Samsam/Public/USIdata/mdm-sp-z-oo-sp-k/nove-piaseczno-2-piaseczynski-chylice-polko/usi_rp_17862.json,2026-05-25T02:06:02.305689,2026-06-02T23:12:46.224146,v0.7.0+
rp,/Volumes/Samsam/Public/USIdata/mdm-sp-z-oo-sp-k/nove-piaseczno-piaseczynski-chylice-polko/usi_rp_16612.json,2026-05-25T02:06:02.309893,2026-06-02T23:12:46.231827,v0.7.0+
oto,/Volumes/Samsam/Public/USIdata/mdp-partners/osiedle-majowe-zyrardow/usi_oto_4y0o8.json,2026-05-25T02:06:02.235647,2026-05-25T02:06:02.235649,v0.7.0+
oto,/Volumes/Samsam/Public/USIdata/mdp-partners/zakatek-brzeziny/usi_oto_4oaRY.json,2026-05-25T02:06:02.239972,2026-05-25T02:06:02.239973,v0.7.0+
oto,/Volumes/Samsam/Public/USIdata/mdp-partners/zakatek-zyrardow/usi_oto_4xmak.json,2026-05-25T02:06:02.245829,2026-05-25T02:06:02.245830,v0.7.0+
oto,/Volumes/Samsam/Public/USIdata/mdr-inwestycje-12-sp-z-o-o/legionow-4-i-4a/usi_oto_4yjAY.json,2026-05-25T02:06:02.230795,2026-05-25T02:06:02.230797,v0.7.0+
oto,/Volumes/Samsam/Public/USIdata/mdr-inwestycje-8-spolka-z-ograniczona-odpowiedzialnoscia/nowe-mieszkania-w-centrum-wroclawia-doplaty-do-czynszu-do-1300-zl-mc/usi_oto_4yvKA.json,2026-05-25T02:06:02.225059,2026-05-25T02:06:02.225064,v0.7.0+
oto,/Volumes/Samsam/Public/USIdata/mdr-katowice-2-sp-z-o-o/bez-prowizji-jasna-umowa-ochrona-lokatora-przyjazne-zwierzetom/usi_oto_4uzSD.json,2026-05-25T02:06:02.215458,2026-05-25T02:06:02.215459,v0.7.0+
oto,/Volumes/Samsam/Public/USIdata/mdr-katowice-2-sp-z-o-o/katowice-korczaka-od-stycznia-w-ofercie/usi_oto_4tkFx.json,2026-05-25T02:06:02.220077,2026-05-25T02:06:02.220079,v0.7.0+
oto,/Volumes/Samsam/Public/USIdata/mdr-lublin-krochmalna-sp-z-o-o/nowe-osiedle-mieszkan-na-wynajem-przy-ul-krochmalnej-13/usi_oto_4zGFa.json,2026-05-25T02:06:02.210939,2026-05-25T02:06:02.210940,v0.7.0+
oto,/Volumes/Samsam/Public/USIdata/mdr-skawina-sp-z-o-o/torowa/usi_oto_4z8m9.json,2026-05-25T02:06:02.206504,2026-05-25T02:06:02.206505,v0.7.0+
rp,/Volumes/Samsam/Public/USIdata/mega-chaty/nowy-horyzont-lebork/usi_rp_14611.json,2026-05-25T02:06:02.201663,2026-06-02T23:12:46.101323,v0.7.0+
oto,/Volumes/Samsam/Public/USIdata/meganext-sp-z-o-o/osiedle-westy/usi_oto_4r8Ie.json,2026-05-25T02:06:02.198297,2026-05-25T02:06:02.198299,v0.7.0+
oto,/Volumes/Samsam/Public/USIdata/megapolis/clou-lindego/usi_oto_4tAgv.json,2026-05-25T02:06:02.174513,2026-05-25T02:06:02.174515,v0.7.0+
to,/Volumes/Samsam/Public/USIdata/megapolis/clou-lindego-samuela-bogumila-lindego-5-krakow-bronowice-mieszkania-na-sprzedaz/usi_to_9202335.json,2026-05-25T02:04:59.213403,2026-05-25T02:04:59.213407,v0.7.0+
oto,/Volumes/Samsam/Public/USIdata/megapolis/link-bunscha/usi_oto_4oySa.json,2026-05-25T02:06:02.179376,2026-05-25T02:06:02.179378,v0.7.0+
oto,/Volumes/Samsam/Public/USIdata/megapolis/lokum-siesta-apartamenty-inwestycyjne/usi_oto_4sWeh.json,2026-05-25T02:06:02.182531,2026-05-25T02:06:02.182533,v0.7.0+
oto,/Volumes/Samsam/Public/USIdata/megapolis/osiedle-fi/usi_oto_4vIUT.json,2026-05-25T02:06:02.186723,2026-05-25T02:06:02.186724,v0.7.0+
oto,/Volumes/Samsam/Public/USIdata/megapolis/osiedle-ozon/usi_oto_4oCz8.json,2026-05-25T02:06:02.190640,2026-05-25T02:06:02.190642,v0.7.0+
oto,/Volumes/Samsam/Public/USIdata/megapolis/osiedle-ozon-etap-8/usi_oto_4zKbr.json,2026-05-25T02:06:02.194677,2026-05-25T02:06:02.194678,v0.7.0+
to,/Volumes/Samsam/Public/USIdata/megapolis/osiedle-ozon-etap-viii-stefana-banacha-ul-fryderyka-schillinga-krakow-pradnik-bialy-gorka-narodowa-mieszkania-na-sprzedaz/usi_to_9202507.json,2026-05-25T02:04:59.221389,2026-05-25T02:04:59.221391,v0.7.0+
oto,/Volumes/Samsam/Public/USIdata/melpi-development/amsterdam-iv/usi_oto_4AqhQ.json,2026-05-25T02:06:02.132504,2026-05-25T02:06:02.132506,v0.7.0+
oto,/Volumes/Samsam/Public/USIdata/melpi-development/horyzont-apartamenty/usi_oto_4s6Cy.json,2026-05-25T02:06:02.137735,2026-05-25T02:06:02.137738,v0.7.0+
oto,/Volumes/Samsam/Public/USIdata/melpi-development/osiedle-amsterdam-etap-ii/usi_oto_4ezdE.json,2026-05-25T02:06:02.142972,2026-05-25T02:06:02.142974,v0.7.0+
oto,/Volumes/Samsam/Public/USIdata/melpi-development/osiedle-moderna-ii/usi_oto_4AEXY.json,2026-05-25T02:06:02.148877,2026-05-25T02:06:02.148881,v0.7.0+
oto,/Volumes/Samsam/Public/USIdata/melpi-development/osiedle-moderna-ii/usi_oto_67842630.json,2026-05-25T02:06:02.148877,2026-06-02T11:05:43.273569,v0.7.0+
oto,/Volumes/Samsam/Public/USIdata/merano-invest/griffin-house/usi_oto_4sUGA.json,2026-05-25T02:06:02.119649,2026-05-25T02:06:02.119650,v0.7.0+
rp,/Volumes/Samsam/Public/USIdata/meritum-sp-z-oo/baltic-luxury-2-swinoujscie/usi_rp_17994.json,2026-05-25T02:06:02.097960,2026-06-02T23:12:45.949627,v0.7.0+
rp,/Volumes/Samsam/Public/USIdata/meritum-sp-z-oo/baltic-luxury-residence-kamienski-miedzyzdroje/usi_rp_13518.json,2026-05-25T02:06:02.102453,2026-06-02T23:12:45.956940,v0.7.0+
rp,/Volumes/Samsam/Public/USIdata/meritum-sp-z-oo/centrala-swinoujscie/usi_rp_18797.json,2026-05-25T02:06:02.106761,2026-06-02T23:12:45.964864,v0.7.0+
rp,/Volumes/Samsam/Public/USIdata/meritum-sp-z-oo/sloneczne-swinoujscie-swinoujscie/usi_rp_18929.json,2026-05-25T02:06:02.109616,2026-06-02T23:12:45.973665,v0.7.0+
rp,/Volumes/Samsam/Public/USIdata/meritum-sp-z-oo/sloneczne-warszewo-szczecin-warszewo/usi_rp_17174.json,2026-05-25T02:06:02.113252,2026-06-02T23:12:45.995973,v0.7.0+
rp,/Volumes/Samsam/Public/USIdata/mermaid-properties-sp-z-oo/nad-jasieniem-lodz-widzew/usi_rp_14169.json,2026-05-25T02:06:02.086361,2026-06-02T23:12:45.925923,v0.7.0+
rp,/Volumes/Samsam/Public/USIdata/mermaid-properties-sp-z-oo/osiedle-aleksandria-ii-aleksandrow-lodzki/usi_rp_15861.json,2026-05-25T02:06:02.090813,2026-06-02T23:12:45.933598,v0.7.0+
rp,/Volumes/Samsam/Public/USIdata/mermaid-properties-sp-z-oo/osiedle-aleksandria-ii-budynek-b-aleksandrow-lodzki/usi_rp_17456.json,2026-05-25T02:06:02.094790,2026-06-02T23:12:45.941646,v0.7.0+
oto,/Volumes/Samsam/Public/USIdata/mesta-development-sp-z-o-o/eco-vista-stablowice/usi_oto_4o2Tp.json,2026-05-25T02:06:02.082577,2026-05-25T02:06:02.082579,v0.7.0+
rp,/Volumes/Samsam/Public/USIdata/mesta-development-sp-z-oo/sk-park-wroclawski-swieta-katarzyna/usi_rp_13190.json,2026-05-25T02:06:02.079083,2026-06-02T23:12:45.917098,v0.7.0+
rp,/Volumes/Samsam/Public/USIdata/metrohouse-sa/podzamek-golub-dobrzyn/usi_rp_17955.json,2026-05-25T02:06:02.074646,2026-06-02T23:12:45.908631,v0.7.0+
rp,/Volumes/Samsam/Public/USIdata/metropolis/dom-blizniaczy-na-zabincu-krakow-pradnik-bialy/usi_rp_1370.json,2026-05-25T02:06:02.014280,2026-06-02T23:12:45.819240,v0.7.0+
rp,/Volumes/Samsam/Public/USIdata/metropolis/osiedle-lawenda-park-ii-krakowski-zielonki/usi_rp_422.json,2026-05-25T02:06:02.021169,2026-06-02T23:12:45.831128,v0.7.0+
rp,/Volumes/Samsam/Public/USIdata/metropolis/osiedle-lawenda-park-krakowski-zielonki/usi_rp_488.json,2026-05-25T02:06:02.025107,2026-06-02T23:12:45.837078,v0.7.0+
rp,/Volumes/Samsam/Public/USIdata/metropolis/osiedle-ogrody-zabinca-budynek-roma-krakow-pradnik-bialy/usi_rp_3159.json,2026-05-25T02:06:02.030614,2026-06-02T23:12:45.845457,v0.7.0+
rp,/Volumes/Samsam/Public/USIdata/metropolis/osiedle-ogrody-zabinca-ravenna-i-sorrento-krakow-pradnik-bialy/usi_rp_3614.json,2026-05-25T02:06:02.041385,2026-06-02T23:12:45.867812,v0.7.0+
rp,/Volumes/Samsam/Public/USIdata/metropolis/osiedle-ogrody-zabinca-sanremo-i-verona-krakow-pradnik-bialy/usi_rp_3615.json,2026-05-25T02:06:02.044076,2026-06-02T23:12:45.874403,v0.7.0+
rp,/Volumes/Samsam/Public/USIdata/metropolis/osiedle-rzymskie-krakowski-zielonki/usi_rp_546.json,2026-05-25T02:06:02.046812,2026-06-02T23:12:45.880162,v0.7.0+
rp,/Volumes/Samsam/Public/USIdata/metropolis/sloneczne-tarasy-etap-iii-krakowski-bibice/usi_rp_8610.json,2026-05-25T02:06:02.049541,2026-06-02T23:12:45.887563,v0.7.0+
rp,/Volumes/Samsam/Public/USIdata/metropolis/villa-rejtana-4-krakow-podgorze/usi_rp_420.json,2026-05-25T02:06:02.052334,2026-06-02T23:12:45.893487,v0.7.0+
rp,/Volumes/Samsam/Public/USIdata/metropolis/wzgorze-akacji-krakowski-bibice/usi_rp_2286.json,2026-05-25T02:06:02.055660,2026-06-02T23:12:45.900652,v0.7.0+
oto,/Volumes/Samsam/Public/USIdata/metropolitan-development/nefrytowa-park/usi_oto_4vHWe.json,2026-05-25T02:06:02.005490,2026-05-25T02:06:02.005492,v0.7.0+
to,/Volumes/Samsam/Public/USIdata/metropolitan-development/nefrytowa-park-rzeszow-zaleze-mieszkania-na-sprzedaz/usi_to_9208174.json,2026-05-25T02:04:59.193221,2026-05-25T02:04:59.193223,v0.7.0+
rp,/Volumes/Samsam/Public/USIdata/metropolitan-development-sp-z-oo/nefrytowa-park-rzeszow-zaleze/usi_rp_19223.json,2026-05-25T02:06:02.001564,2026-06-02T23:12:45.801233,v0.7.0+
oto,/Volumes/Samsam/Public/USIdata/mfc-development/strzelcow-28/usi_oto_4yCDb.json,2026-05-25T02:06:01.994876,2026-05-25T02:06:01.994877,v0.7.0+
to,/Volumes/Samsam/Public/USIdata/mfc-development/strzelcow-28-krakow-pradnik-czerwony-mieszkania-na-sprzedaz/usi_to_8845891.json,2026-05-25T02:04:59.186633,2026-05-25T02:04:59.186636,v0.7.0+
oto,/Volumes/Samsam/Public/USIdata/mfolx/rezydencja-etap-iv/usi_oto_4B4mm.json,2026-05-25T02:06:01.983463,2026-05-25T02:06:01.983465,v0.7.0+
oto,/Volumes/Samsam/Public/USIdata/mfolx/rezydencja-etap-iv/usi_oto_67940242.json,2026-05-25T02:06:01.983463,2026-06-02T11:05:08.774337,v0.7.0+
oto,/Volumes/Samsam/Public/USIdata/mg-sp-zoo/ekskluzywne-apartamenty-w-zakopanem/usi_oto_4nXsG.json,2026-05-25T02:06:01.978139,2026-05-25T02:06:01.978140,v0.7.0+
rp,/Volumes/Samsam/Public/USIdata/mh-construction/bialolecka-327-warszawa-brzeziny/usi_rp_18738.json,2026-05-25T02:06:01.966280,2026-06-02T23:12:45.620800,v0.7.0+
rp,/Volumes/Samsam/Public/USIdata/mh-construction/ogrody-byslawska-warszawa-falenica/usi_rp_17209.json,2026-05-25T02:06:01.970044,2026-06-02T23:12:45.626768,v0.7.0+
rp,/Volumes/Samsam/Public/USIdata/mh-construction/ogrody-tawulkowa-etap-ii-warszawa-miedzeszyn/usi_rp_15792.json,2026-05-25T02:06:01.972699,2026-06-02T23:12:45.632453,v0.7.0+
oto,/Volumes/Samsam/Public/USIdata/mhr-development-sp-z-o-o-sp-k/apartamenty-mickiewicza/usi_oto_4smTW.json,2026-05-25T02:06:01.954243,2026-05-25T02:06:01.954244,v0.7.0+
oto,/Volumes/Samsam/Public/USIdata/mhr-development-sp-z-o-o-sp-k/verde-park/usi_oto_4B9v3.json,2026-05-25T02:06:01.959454,2026-05-25T02:06:01.959455,v0.7.0+
oto,/Volumes/Samsam/Public/USIdata/mhr-development-sp-z-o-o-sp-k/verde-park/usi_oto_67960063.json,2026-05-25T02:06:01.959454,2026-06-02T11:04:55.234052,v0.7.0+
oto,/Volumes/Samsam/Public/USIdata/mhr-development-sp-z-o-o-sp-k/villa-m6-kameralny-bezczynszowy-apartamentowiec-w-sercu-miasta/usi_oto_4xqSr.json,2026-05-25T02:06:01.962872,2026-05-25T02:06:01.962874,v0.7.0+
oto,/Volumes/Samsam/Public/USIdata/miasteczko-jutrzenki-dzielnica-hortensji/miasteczko-jutrzenki-dzielnica-hortensji/usi_oto_4yuo0.json,2026-05-25T02:06:01.950319,2026-05-25T02:06:01.950321,v0.7.0+
oto,/Volumes/Samsam/Public/USIdata/miasteczko-jutrzenki-dzielnica-lawendy-sp-z-o-o/miasteczko-jutrzenki/usi_oto_4ri2S.json,2026-05-25T02:06:01.945382,2026-05-25T02:06:01.945384,v0.7.0+
oto,/Volumes/Samsam/Public/USIdata/miasteczko-ozarow/miasteczko-ozarow/usi_oto_4dleO.json,2026-05-25T02:06:01.941694,2026-05-25T02:06:01.941697,v0.7.0+
oto,/Volumes/Samsam/Public/USIdata/michal-gawrychowski/ostoja-sierzchow/usi_oto_4prPT.json,2026-05-25T02:06:01.936783,2026-05-25T02:06:01.936785,v0.7.0+
oto,/Volumes/Samsam/Public/USIdata/mickiewicza-21-residence-srem/mickiewicza-21-residence/usi_oto_4B9JX.json,2026-05-25T02:06:01.932324,2026-05-25T02:06:01.932325,v0.7.0+
oto,/Volumes/Samsam/Public/USIdata/mickiewicza-21-residence-srem/mickiewicza-21-residence/usi_oto_67960925.json,2026-05-25T02:06:01.932324,2026-06-02T11:04:52.274960,v0.7.0+
oto,/Volumes/Samsam/Public/USIdata/miedzyzakladowa-spoldzielnia-mieszkaniowa-zrzeszeni/bulwary-fordon/usi_oto_4Am5x.json,2026-05-25T02:06:01.926827,2026-05-25T02:06:01.926828,v0.7.0+
rp,/Volumes/Samsam/Public/USIdata/miejskie-marzenia/green-ville-piaseczynski-lesznowola/usi_rp_19250.json,2026-05-25T02:06:01.923117,2026-06-02T23:12:45.611907,v0.7.0+
oto,/Volumes/Samsam/Public/USIdata/mieszkajlogicznie-pl/nowa-inwestycja-domy-przy-parku-szczodre-dlugoleka/usi_oto_4tbJ2.json,2026-05-25T02:06:01.912802,2026-05-25T02:06:01.912804,v0.7.0+
oto,/Volumes/Samsam/Public/USIdata/mieszkajlogicznie-pl/nowy-dom-od-dewelopera-2-etap-nowy-wolow/usi_oto_4l6Ub.json,2026-05-25T02:06:01.919104,2026-05-25T02:06:01.919106,v0.7.0+
oto,/Volumes/Samsam/Public/USIdata/miko-invest/moje-dobrzykowice/usi_oto_4BmQS.json,2026-05-25T02:06:01.907386,2026-05-25T02:06:01.907389,v0.7.0+
oto,/Volumes/Samsam/Public/USIdata/miko-invest/moje-dobrzykowice/usi_oto_68011326.json,2026-05-25T02:06:01.907386,2026-06-02T11:04:25.112102,v0.7.0+
oto,/Volumes/Samsam/Public/USIdata/milart/kepa-mieszczanska/usi_oto_4zTSQ.json,2026-05-25T02:06:01.886889,2026-05-25T02:06:01.886890,v0.7.0+
oto,/Volumes/Samsam/Public/USIdata/milart/lipa-piotrowska-i/usi_oto_4xMk9.json,2026-05-25T02:06:01.891747,2026-05-25T02:06:01.891749,v0.7.0+
oto,/Volumes/Samsam/Public/USIdata/milart/nowogrodzka-ii/usi_oto_4zTMM.json,2026-05-25T02:06:01.896385,2026-05-25T02:06:01.896387,v0.7.0+
oto,/Volumes/Samsam/Public/USIdata/milart-sp-z-o-o/szczodre-domy-nowej-jakosci-pod-wroclawiem/usi_oto_4dzRE.json,2026-05-25T02:06:01.882709,2026-05-25T02:06:01.882711,v0.7.0+
rp,/Volumes/Samsam/Public/USIdata/milart-sp-z-oo-sp-k/kamienskiego-wroclaw-psie-pole-polanowice/usi_rp_6823.json,2026-05-25T02:06:01.820909,2026-06-02T23:12:45.471857,v0.7.0+
rp,/Volumes/Samsam/Public/USIdata/milart-sp-z-oo-sp-k/kepa-mieszczanska-wroclaw-srodmiescie-nadodrze/usi_rp_9816.json,2026-05-25T02:06:01.826455,2026-06-02T23:12:45.479621,v0.7.0+
rp,/Volumes/Samsam/Public/USIdata/milart-sp-z-oo-sp-k/kielczow-wroclawski-kielczow/usi_rp_693.json,2026-05-25T02:06:01.830047,2026-06-02T23:12:45.489028,v0.7.0+
rp,/Volumes/Samsam/Public/USIdata/milart-sp-z-oo-sp-k/mokry-dwor-wroclawski/usi_rp_16700.json,2026-05-25T02:06:01.833601,2026-06-02T23:12:45.496223,v0.7.0+
rp,/Volumes/Samsam/Public/USIdata/milart-sp-z-oo-sp-k/nowogrodzka-wroclaw-zgorzelisko/usi_rp_14471.json,2026-05-25T02:06:01.841011,2026-06-02T23:12:45.509640,v0.7.0+
rp,/Volumes/Samsam/Public/USIdata/milart-sp-z-oo-sp-k/opolska-ii-wroclaw-krzyki-ksieze-male/usi_rp_689.json,2026-05-25T02:06:01.843766,2026-06-02T23:12:45.515579,v0.7.0+
rp,/Volumes/Samsam/Public/USIdata/milart-sp-z-oo-sp-k/radwanice-iii-wroclawski-radwanice/usi_rp_690.json,2026-05-25T02:06:01.846601,2026-06-02T23:12:45.522317,v0.7.0+
rp,/Volumes/Samsam/Public/USIdata/milart-sp-z-oo-sp-k/smardzowska-wroclaw-krzyki-wojszyce/usi_rp_7945.json,2026-05-25T02:06:01.849128,2026-06-02T23:12:45.527108,v0.7.0+
rp,/Volumes/Samsam/Public/USIdata/milart-sp-z-oo-sp-k/stablowice-i-wroclaw-fabryczna-stablowice/usi_rp_691.json,2026-05-25T02:06:01.855237,2026-06-02T23:12:45.542008,v0.7.0+
rp,/Volumes/Samsam/Public/USIdata/milart-sp-z-oo-sp-k/stablowice-iv-wroclaw-fabryczna-stablowice/usi_rp_2029.json,2026-05-25T02:06:01.858209,2026-06-02T23:12:45.549666,v0.7.0+
rp,/Volumes/Samsam/Public/USIdata/milart-sp-z-oo-sp-k/szczodre-etap-iii-wroclawski-szczodre/usi_rp_16942.json,2026-05-25T02:06:01.866494,2026-06-02T23:12:45.571528,v0.7.0+
rp,/Volumes/Samsam/Public/USIdata/milart-sp-z-oo-sp-k/szczodre-etap-iv-wroclawski-szczodre/usi_rp_17314.json,2026-05-25T02:06:01.871015,2026-06-02T23:12:45.577192,v0.7.0+
rp,/Volumes/Samsam/Public/USIdata/milart-sp-z-oo-sp-k/szczodre-etap-v-wroclawski-szczodre/usi_rp_19085.json,2026-05-25T02:06:01.874496,2026-06-02T23:12:45.583858,v0.7.0+
rp,/Volumes/Samsam/Public/USIdata/milart-sp-z-oo-sp-k/zmudzka-etap-ii-wroclaw-psie-pole-zgorzelisko/usi_rp_12422.json,2026-05-25T02:06:01.877419,2026-06-02T23:12:45.589781,v0.7.0+
rp,/Volumes/Samsam/Public/USIdata/milart-sp-z-oo-sp-k/zmudzka-wroclaw-zgorzelisko/usi_rp_9088.json,2026-05-25T02:06:01.879993,2026-06-02T23:12:45.594844,v0.7.0+
oto,/Volumes/Samsam/Public/USIdata/milestone-real-estate/przystanek-ursus/usi_oto_4sxsU.json,2026-05-25T02:06:01.817057,2026-05-25T02:06:01.817059,v0.7.0+
rp,/Volumes/Samsam/Public/USIdata/milestone-real-estate-sp-z-o-o/kamienica-nova-chopina-22-pruszkow/usi_rp_16834.json,2026-05-25T02:06:01.805134,2026-06-02T23:12:45.449558,v0.7.0+
rp,/Volumes/Samsam/Public/USIdata/milestone-real-estate-sp-z-o-o/poronin-tatrzanska-tatrzanski-poronin/usi_rp_18886.json,2026-05-25T02:06:01.809274,2026-06-02T23:12:45.457270,v0.7.0+
rp,/Volumes/Samsam/Public/USIdata/milestone-real-estate-sp-z-o-o/przystanek-ursus-warszawa-czechowice/usi_rp_17935.json,2026-05-25T02:06:01.813373,2026-06-02T23:12:45.464470,v0.7.0+
rp,/Volumes/Samsam/Public/USIdata/milez-developer/osiedle-nad-widawa-2-namyslow/usi_rp_15333.json,2026-05-25T02:06:01.801508,2026-06-02T23:12:45.441844,v0.7.0+
oto,/Volumes/Samsam/Public/USIdata/milez-developer-ml-pabiniak-s-c/osiedle-lawendowe-nowa-inwestycja-milez-developer/usi_oto_4iiSE.json,2026-05-25T02:06:01.774754,2026-05-25T02:06:01.774759,v0.7.0+
oto,/Volumes/Samsam/Public/USIdata/milez-developer-ml-pabiniak-s-c/osiedle-nad-widawa-2/usi_oto_4bCCO.json,2026-05-25T02:06:01.797589,2026-05-25T02:06:01.797592,v0.7.0+
oto,/Volumes/Samsam/Public/USIdata/milez-development-pabiniak-sp-k/nowa-inwestycja-mieszkaniowa-przy-hali/usi_oto_4yCZL.json,2026-05-25T02:06:01.753338,2026-05-25T02:06:01.753340,v0.7.0+
oto,/Volumes/Samsam/Public/USIdata/mill-yon/aura-mokotow-i/usi_oto_4ke7T.json,2026-05-25T02:06:01.744626,2026-05-25T02:06:01.744628,v0.7.0+
oto,/Volumes/Samsam/Public/USIdata/mill-yon-ozarow-sp-z-o-o/staszica/usi_oto_4AtnZ.json,2026-05-25T02:06:01.731870,2026-05-25T02:06:01.731872,v0.7.0+
oto,/Volumes/Samsam/Public/USIdata/mill-yon-ozarow-sp-z-o-o/staszica-lokal-handlowy/usi_oto_4AtnZ.json,2026-05-25T02:06:01.736479,2026-05-25T02:06:01.736481,v0.7.0+
rp,/Volumes/Samsam/Public/USIdata/mill-yon-sp-z-oo/aura-nova-ii-ozarow-mazowiecki/usi_rp_17785.json,2026-05-25T02:06:01.716591,2026-06-02T23:12:45.414612,v0.7.0+
rp,/Volumes/Samsam/Public/USIdata/mill-yon-sp-z-oo/aura-nova-ozarow-mazowiecki/usi_rp_14822.json,2026-05-25T02:06:01.719989,2026-06-02T23:12:45.421311,v0.7.0+
oto,/Volumes/Samsam/Public/USIdata/millare-sp-z-o-o/my-forest/usi_oto_4xFv1.json,2026-05-25T02:06:01.705535,2026-05-25T02:06:01.705536,v0.7.0+
oto,/Volumes/Samsam/Public/USIdata/millenium-inwestycje/damrota-garden/usi_oto_4orYF.json,2026-05-25T02:06:01.701974,2026-05-25T02:06:01.701975,v0.7.0+
rp,/Volumes/Samsam/Public/USIdata/millenium-inwestycje-sp-z-oo/moderna-5-katowice-zespol-dzielnic-poludniowych/usi_rp_15284.json,2026-05-25T02:06:01.696129,2026-06-02T23:12:45.385771,v0.7.0+
rp,/Volumes/Samsam/Public/USIdata/millenium-inwestycje-sp-z-oo/moderna-d1-katowice-zespol-dzielnic-poludniowych/usi_rp_15719.json,2026-05-25T02:06:01.699228,2026-06-02T23:12:45.391836,v0.7.0+
rp,/Volumes/Samsam/Public/USIdata/milosna-deweloper/pogodna-39-warszawa-stara-milosna/usi_rp_19024.json,2026-05-25T02:06:01.688411,2026-06-02T23:12:45.316680,v0.7.0+
rp,/Volumes/Samsam/Public/USIdata/mily-dom-sp-z-oo/osiedle-radosne-ii-budynek-f2-gliwice/usi_rp_14855.json,2026-05-25T02:06:01.680459,2026-06-02T23:12:45.303004,v0.7.0+
rp,/Volumes/Samsam/Public/USIdata/mily-dom-sp-z-oo/osiedle-radosne-ii-budynek-f3-gliwice/usi_rp_17224.json,2026-05-25T02:06:01.685060,2026-06-02T23:12:45.309322,v0.7.0+
oto,/Volumes/Samsam/Public/USIdata/mio-casa-sp-z-o-o/osiedle-archipelag-cyklady-iv/usi_oto_4tUan.json,2026-05-25T02:06:01.675748,2026-05-25T02:06:01.675750,v0.7.0+
oto,/Volumes/Samsam/Public/USIdata/mio-pino-sp-z-oo/mio-pino/usi_oto_4tWSd.json,2026-05-25T02:06:01.669200,2026-05-25T02:06:01.669201,v0.7.0+
rp,/Volumes/Samsam/Public/USIdata/mio-pino-sp-z-oo/mio-pino-miedzyzdroje/usi_rp_18151.json,2026-05-25T02:06:01.672796,2026-06-02T23:12:45.293148,v0.7.0+
oto,/Volumes/Samsam/Public/USIdata/miodowa-4-sp-z-o-o/miodowa-4/usi_oto_4sYER.json,2026-05-25T02:06:01.664800,2026-05-25T02:06:01.664802,v0.7.0+
oto,/Volumes/Samsam/Public/USIdata/mironiuk/miodowa-aleja/usi_oto_4x0vt.json,2026-05-25T02:06:01.658829,2026-05-25T02:06:01.658830,v0.7.0+
oto,/Volumes/Samsam/Public/USIdata/mistral-elast-sp-z-o-o/mistral-apartamenty/usi_oto_4t7jl.json,2026-05-25T02:06:01.654348,2026-05-25T02:06:01.654349,v0.7.0+
oto,/Volumes/Samsam/Public/USIdata/mix-nieruchomosci/novy-mateczny/usi_oto_4u8Qs.json,2026-05-25T02:06:01.649912,2026-05-25T02:06:01.649914,v0.7.0+
rp,/Volumes/Samsam/Public/USIdata/mj-deweloper/apartamenty-marina-rogowo-gryficki-rogowo/usi_rp_18029.json,2026-05-25T02:06:01.634859,2026-06-02T23:12:45.114565,v0.7.0+
oto,/Volumes/Samsam/Public/USIdata/mj-deweloper/marina-rogowo/usi_oto_4sLB3.json,2026-05-25T02:06:01.639851,2026-05-25T02:06:01.639853,v0.7.0+
rp,/Volumes/Samsam/Public/USIdata/mj-deweloper/marina-rogowo-gryficki-rogowo/usi_rp_15748.json,2026-05-25T02:06:01.643666,2026-06-02T23:12:45.260376,v0.7.0+
rp,/Volumes/Samsam/Public/USIdata/mj-deweloper/naramowicka-100-poznan-stare-winogrady/usi_rp_16937.json,2026-05-25T02:06:01.646518,2026-06-02T23:12:45.285396,v0.7.0+
oto,/Volumes/Samsam/Public/USIdata/mj-deweloper-sp-z-o-o/osiedle-dobre/usi_oto_4AMXt.json,2026-05-25T02:06:01.630385,2026-05-25T02:06:01.630387,v0.7.0+
oto,/Volumes/Samsam/Public/USIdata/mj-deweloper-sp-z-o-o/osiedle-dobre/usi_oto_67873351.json,2026-05-25T02:06:01.630385,2026-06-02T11:05:30.209365,v0.7.0+
oto,/Volumes/Samsam/Public/USIdata/mj-home-development/osiedle-ostoja-ursynow-2-mieszkania-z-ogrodami/usi_oto_4sbnS.json,2026-05-25T02:06:01.621459,2026-05-25T02:06:01.621460,v0.7.0+
oto,/Volumes/Samsam/Public/USIdata/mj-home-development/ostoja-ursynow-osiedle-oddane-do-uzytkowania/usi_oto_4haux.json,2026-05-25T02:06:01.626515,2026-05-25T02:06:01.626517,v0.7.0+
oto,/Volumes/Samsam/Public/USIdata/mjm-11/dajwor/usi_oto_4yjlN.json,2026-05-25T02:06:01.613753,2026-05-25T02:06:01.613755,v0.7.0+
oto,/Volumes/Samsam/Public/USIdata/mjm-11/wenecja/usi_oto_4u8Dy.json,2026-05-25T02:06:01.618032,2026-05-25T02:06:01.618033,v0.7.0+
rp,/Volumes/Samsam/Public/USIdata/mjs-investment-sp-z-o-o/oaza-tyniecka-krakow-debniki/usi_rp_17548.json,2026-05-25T02:06:01.602546,2026-06-02T23:12:45.094108,v0.7.0+
rp,/Volumes/Samsam/Public/USIdata/mk-developer/osiedle-zacisze-goleniow/usi_rp_14952.json,2026-05-25T02:06:01.598480,2026-06-02T23:12:45.082689,v0.7.0+
oto,/Volumes/Samsam/Public/USIdata/mk-development1-sp-z-o-o/nova-warszawska/usi_oto_4yN2z.json,2026-05-25T02:06:01.594632,2026-05-25T02:06:01.594633,v0.7.0+
rp,/Volumes/Samsam/Public/USIdata/mk-dom-sp-z-oo-sp-k/twoje-wzgorze-ii-rumia/usi_rp_17391.json,2026-05-25T02:06:01.590997,2026-06-02T23:12:45.074555,v0.7.0+
oto,/Volumes/Samsam/Public/USIdata/mk-proper-house/osiedle-sloneczne/usi_oto_4xVfB.json,2026-05-25T02:06:01.586693,2026-05-25T02:06:01.586695,v0.7.0+
rp,/Volumes/Samsam/Public/USIdata/mkp-sp-z-oo/mila-resort-olsztyn/usi_rp_16878.json,2026-05-25T02:06:01.578430,2026-06-02T23:12:45.056482,v0.7.0+
oto,/Volumes/Samsam/Public/USIdata/mkwadrat-spolka-z-o-o/sloneczny-kwadrat/usi_oto_4g4Qe.json,2026-05-25T02:06:01.574635,2026-05-25T02:06:01.574637,v0.7.0+
oto,/Volumes/Samsam/Public/USIdata/mlociny-apartments/twoje-mieszkanie-przy-metro-mlociny/usi_oto_4qUQA.json,2026-05-25T02:06:01.569343,2026-05-25T02:06:01.569345,v0.7.0+
oto,/Volumes/Samsam/Public/USIdata/mlodziezowa-spoldzielnia-mieszkaniowa/koncowa-1/usi_oto_4ylhA.json,2026-05-25T02:06:01.559279,2026-05-25T02:06:01.559282,v0.7.0+
oto,/Volumes/Samsam/Public/USIdata/mlodziezowa-spoldzielnia-mieszkaniowa/osiedle-letnia-2/usi_oto_4oVdk.json,2026-05-25T02:06:01.563694,2026-05-25T02:06:01.563695,v0.7.0+
oto,/Volumes/Samsam/Public/USIdata/mmk-inwestycje-sp-z-o-o/aleja-51/usi_oto_4sFJu.json,2026-05-25T02:06:01.551352,2026-05-25T02:06:01.551353,v0.7.0+
oto,/Volumes/Samsam/Public/USIdata/mms-development-sp-z-o-o/wille-miejskie-wawer-6/usi_oto_4j2oB.json,2026-05-25T02:06:01.546939,2026-05-25T02:06:01.546941,v0.7.0+
oto,/Volumes/Samsam/Public/USIdata/moc-sp/stacja-koziny/usi_oto_4rV1v.json,2026-05-25T02:06:01.542241,2026-05-25T02:06:01.542244,v0.7.0+
rp,/Volumes/Samsam/Public/USIdata/modal/nowe-nikutowo-mragowo/usi_rp_15600.json,2026-05-25T02:06:01.536940,2026-06-02T23:12:45.037870,v0.7.0+
oto,/Volumes/Samsam/Public/USIdata/modena-group/apartamenty-diamentowa/usi_oto_4yMEl.json,2026-05-25T02:06:01.510433,2026-05-25T02:06:01.510435,v0.7.0+
oto,/Volumes/Samsam/Public/USIdata/modena-group/teatralna-3/usi_oto_4sNOL.json,2026-05-25T02:06:01.522676,2026-05-25T02:06:01.522678,v0.7.0+
rp,/Volumes/Samsam/Public/USIdata/modena-teatralna-sp-z-oo/teatralna-3-etap-ii-sosnowiec/usi_rp_20316.json,2026-05-25T02:06:01.501954,2026-06-02T23:12:44.819773,v0.7.0+
rp,/Volumes/Samsam/Public/USIdata/modena-teatralna-sp-z-oo/teatralna-3-sosnowiec/usi_rp_17753.json,2026-05-25T02:06:01.506659,2026-06-02T23:12:44.828469,v0.7.0+
oto,/Volumes/Samsam/Public/USIdata/modern-homes-development/przedsprzedaz-mieszkania-z-ogrodami-dwie-lazienki-strefa-dla-rodzicow/usi_oto_4B9F9.json,2026-05-25T02:04:59.168012,2026-05-25T02:04:59.168016,v0.7.0+
rp,/Volumes/Samsam/Public/USIdata/moderna-holding/front-park-gdansk-srodmiescie/usi_rp_8145.json,2026-05-25T02:06:01.461457,2026-06-02T23:12:44.757543,v0.7.0+
rp,/Volumes/Samsam/Public/USIdata/moderna-holding/oliwski-park-gdansk-oliwa/usi_rp_9527.json,2026-05-25T02:06:01.482158,2026-06-02T23:12:44.780267,v0.7.0+
rp,/Volumes/Samsam/Public/USIdata/moderna-holding/praska-moderna-warszawa-praga-polnoc-stara-praga/usi_rp_10735.json,2026-05-25T02:06:01.485702,2026-06-02T23:12:44.787001,v0.7.0+
rp,/Volumes/Samsam/Public/USIdata/moderna-holding/victoria-residence-sopot-dolny-sopot/usi_rp_5236.json,2026-05-25T02:06:01.493838,2026-06-02T23:12:44.804162,v0.7.0+
rp,/Volumes/Samsam/Public/USIdata/moderna-holding/zlota-chmielna-apartments-warszawa-wola-mirow/usi_rp_7848.json,2026-05-25T02:06:01.497043,2026-06-02T23:12:44.812258,v0.7.0+
oto,/Volumes/Samsam/Public/USIdata/moderna-holding-sp-z-o-o/baltiq-plaza/usi_oto_4vOn1.json,2026-05-25T02:06:01.420768,2026-05-25T02:06:01.420769,v0.7.0+
oto,/Volumes/Samsam/Public/USIdata/moderna-holding-sp-z-o-o/kanwa-apartamenty/usi_oto_4zyUT.json,2026-05-25T02:06:01.424940,2026-05-25T02:06:01.424942,v0.7.0+
oto,/Volumes/Samsam/Public/USIdata/moderna-holding-sp-z-o-o/scala-mieszkanie-kawalerka-inwestycyjna/usi_oto_4vQz5.json,2026-05-25T02:06:01.428446,2026-05-25T02:06:01.428447,v0.7.0+
oto,/Volumes/Samsam/Public/USIdata/moderna-holding-sp-z-o-o/spot-apartamenty/usi_oto_4zySw.json,2026-05-25T02:06:01.432438,2026-05-25T02:06:01.432439,v0.7.0+
oto,/Volumes/Samsam/Public/USIdata/moderna-holding-sp-z-o-o/wodopoj-apartamenty/usi_oto_4zySA.json,2026-05-25T02:06:01.435552,2026-05-25T02:06:01.435553,v0.7.0+
oto,/Volumes/Samsam/Public/USIdata/modernbau/azzurro/usi_oto_4xuRB.json,2026-05-25T02:06:01.413722,2026-05-25T02:06:01.413723,v0.7.0+
oto,/Volumes/Samsam/Public/USIdata/modernbau/salvatore/usi_oto_4xuRC.json,2026-05-25T02:06:01.417525,2026-05-25T02:06:01.417527,v0.7.0+
oto,/Volumes/Samsam/Public/USIdata/modul-3000-sp-z-o-o/przystan-bosmanska/usi_oto_4xNDE.json,2026-05-25T02:06:01.404079,2026-05-25T02:06:01.404081,v0.7.0+
oto,/Volumes/Samsam/Public/USIdata/modulatio-grunty-sp-z-o-o/novy-szczyrk/usi_oto_4z4l3.json,2026-05-25T02:06:01.399768,2026-05-25T02:06:01.399769,v0.7.0+
rp,/Volumes/Samsam/Public/USIdata/modulatio-sp-z-oo/apartamenty-na-szczycie-3-lipek-bielsko-biala/usi_rp_16185.json,2026-05-25T02:06:01.392525,2026-06-02T23:12:44.695174,v0.7.0+
oto,/Volumes/Samsam/Public/USIdata/mogilska-31/mogilska-31/usi_oto_4zFaA.json,2026-05-25T02:06:01.388796,2026-05-25T02:06:01.388797,v0.7.0+
oto,/Volumes/Samsam/Public/USIdata/mogilska-office-4-sp-z-o-o/mogilska-35-office/usi_oto_4syKu.json,2026-05-25T02:06:01.385147,2026-05-25T02:06:01.385149,v0.7.0+
oto,/Volumes/Samsam/Public/USIdata/moj-dom-gorzow-sp-z-o-o/moj-dom-osiedle-slowianskie/usi_oto_4gKu1.json,2026-05-25T02:06:01.381036,2026-05-25T02:06:01.381038,v0.7.0+
rp,/Volumes/Samsam/Public/USIdata/moje-miejsce-development-sp-z-oo/nowa-palmiarnia-polanica-zdroj/usi_rp_17566.json,2026-05-25T02:06:01.373335,2026-06-02T23:12:44.686979,v0.7.0+
oto,/Volumes/Samsam/Public/USIdata/moje-miejsce-development-sp-z-oo/villa-terra/usi_oto_4u0HP.json,2026-05-25T02:06:01.377850,2026-05-25T02:06:01.377852,v0.7.0+
rp,/Volumes/Samsam/Public/USIdata/moje-miejsce-villa-terra-sp-z-oo-sp-k/villa-terra-polanica-zdroj/usi_rp_18160.json,2026-05-25T02:06:01.368635,2026-06-02T23:12:44.680224,v0.7.0+
oto,/Volumes/Samsam/Public/USIdata/monday-development/fama-jezyce/usi_oto_4caNg.json,2026-05-25T02:06:01.364368,2026-05-25T02:06:01.364370,v0.7.0+
oto,/Volumes/Samsam/Public/USIdata/monte-carlo-residence-sp-z-o-o/monte-carlo-residence/usi_oto_4xbmM.json,2026-05-25T02:06:01.356116,2026-05-25T02:06:01.356117,v0.7.0+
oto,/Volumes/Samsam/Public/USIdata/monting-development/cynamonowa-ursynow/usi_oto_4A5nQ.json,2026-05-25T02:06:01.352403,2026-05-25T02:06:01.352404,v0.7.0+
oto,/Volumes/Samsam/Public/USIdata/moon-group/forest-park-do-55-tansze-ogrzewanie/usi_oto_4juZe.json,2026-05-25T02:06:01.345080,2026-05-25T02:06:01.345082,v0.7.0+
rp,/Volumes/Samsam/Public/USIdata/more-place-sa/osiedle-przy-jeziorach-poznan-jezyce-kiekrz/usi_rp_10719.json,2026-05-25T02:06:01.341855,2026-06-02T23:12:44.657262,v0.7.0+
rp,/Volumes/Samsam/Public/USIdata/morris-lloyd-broker/the-view-mountain-szklarska-poreba/usi_rp_17723.json,2026-05-25T02:06:01.337562,2026-06-02T23:12:44.647648,v0.7.0+
oto,/Volumes/Samsam/Public/USIdata/mostostal/rezydencja-zegrze/usi_oto_4k8cT.json,2026-05-25T02:06:01.332953,2026-05-25T02:06:01.332954,v0.7.0+
oto,/Volumes/Samsam/Public/USIdata/mostostal-s-a/home-factory-iii/usi_oto_4ulgN.json,2026-05-25T02:06:01.318860,2026-05-25T02:06:01.318862,v0.7.0+
oto,/Volumes/Samsam/Public/USIdata/mostostal-s-a/konwiktorska-residence/usi_oto_4wFAp.json,2026-05-25T02:06:01.323591,2026-05-25T02:06:01.323593,v0.7.0+
oto,/Volumes/Samsam/Public/USIdata/mostostal-s-a/rezydencja-zegrze/usi_oto_4ulgP.json,2026-05-25T02:06:01.328274,2026-05-25T02:06:01.328275,v0.7.0+
rp,/Volumes/Samsam/Public/USIdata/mostostal-sa/rezydencja-konrad-warszawa-wola-czyste/usi_rp_8882.json,2026-05-25T02:06:01.304396,2026-06-02T23:12:44.616177,v0.7.0+
rp,/Volumes/Samsam/Public/USIdata/mostostal-sa/rezydencja-orlowicza-warszawa-srodmiescie-solec/usi_rp_3511.json,2026-05-25T02:06:01.306973,2026-06-02T23:12:44.621432,v0.7.0+
rp,/Volumes/Samsam/Public/USIdata/mostostal-sa/rezydencja-zegrze-etap-iii-legionowski-jadwisin/usi_rp_19072.json,2026-05-25T02:06:01.309800,2026-06-02T23:12:44.627508,v0.7.0+
rp,/Volumes/Samsam/Public/USIdata/mostostal-sa/yarielys-residence-gdynia-srodmiescie/usi_rp_9802.json,2026-05-25T02:06:01.316112,2026-06-02T23:12:44.639842,v0.7.0+
oto,/Volumes/Samsam/Public/USIdata/mota-engil-real-estate/willanovia-park/usi_oto_4avXv.json,2026-05-25T02:06:01.289430,2026-05-25T02:06:01.289433,v0.7.0+
oto,/Volumes/Samsam/Public/USIdata/mota-engil-real-estate-management/rezydencja-ogrod-saski/usi_oto_4vT9x.json,2026-05-25T02:06:01.284153,2026-05-25T02:06:01.284155,v0.7.0+
rp,/Volumes/Samsam/Public/USIdata/mota-engil-real-estate-management-sp-z-oo/arkona-residence-szczecin-srodmiescie-stare-miasto/usi_rp_12079.json,2026-05-25T02:06:01.269345,2026-06-02T23:12:44.568888,v0.7.0+
rp,/Volumes/Samsam/Public/USIdata/mota-engil-real-estate-management-sp-z-oo/rezydencja-ogrod-saski-lublin/usi_rp_15090.json,2026-05-25T02:06:01.276134,2026-06-02T23:12:44.581240,v0.7.0+
rp,/Volumes/Samsam/Public/USIdata/mota-engil-real-estate-management-sp-z-oo/sloneczne-tarasy-katowice-zespol-dzielnic-srodmiejskich/usi_rp_12921.json,2026-05-25T02:06:01.281044,2026-06-02T23:12:44.586777,v0.7.0+
oto,/Volumes/Samsam/Public/USIdata/motton-estates/green-ville-estate/usi_oto_4AeiD.json,2026-05-25T02:06:01.264213,2026-05-25T02:06:01.264214,v0.7.0+
oto,/Volumes/Samsam/Public/USIdata/mountain-diamond/mountain-diamond/usi_oto_4vK9S.json,2026-05-25T02:06:01.259033,2026-05-25T02:06:01.259034,v0.7.0+
rp,/Volumes/Samsam/Public/USIdata/mpm-development-sp-z-o-o/wolczanska-224a-lodz-katedralna/usi_rp_15213.json,2026-05-25T02:06:01.252512,2026-06-02T23:12:44.551313,v0.7.0+
oto,/Volumes/Samsam/Public/USIdata/mr-budownictwo-maciej-radzikowski/osiedle-antonina-barcin/usi_oto_4abkc.json,2026-05-25T02:06:01.248013,2026-05-25T02:06:01.248015,v0.7.0+
rp,/Volumes/Samsam/Public/USIdata/mrdom/brizo-park-pucki-mechelinki/usi_rp_15352.json,2026-05-25T02:06:01.241097,2026-06-02T23:12:44.535268,v0.7.0+
rp,/Volumes/Samsam/Public/USIdata/mrdom/park-dragonow-gdynia-maly-kack/usi_rp_15350.json,2026-05-25T02:06:01.244781,2026-06-02T23:12:44.543709,v0.7.0+
rp,/Volumes/Samsam/Public/USIdata/ms-investments/nawrot-86-lodz-stary-widzew/usi_rp_15425.json,2026-05-25T02:06:01.238469,2026-06-02T23:12:44.528546,v0.7.0+
oto,/Volumes/Samsam/Public/USIdata/msdeveloper/grunwaldzka-62/usi_oto_4kD8f.json,2026-05-25T02:06:01.230585,2026-05-25T02:06:01.230586,v0.7.0+
oto,/Volumes/Samsam/Public/USIdata/mt-n/gotowe-poznan-baranowo-platynowa-pompa-ciepla/usi_oto_4nUFc.json,2026-05-25T02:06:01.217219,2026-05-25T02:06:01.217220,v0.7.0+
oto,/Volumes/Samsam/Public/USIdata/mt-n/gotowe-suchy-las-112m2-ogrodek-pompa-ciepla/usi_oto_4rV5N.json,2026-05-25T02:06:01.222144,2026-05-25T02:06:01.222145,v0.7.0+
oto,/Volumes/Samsam/Public/USIdata/mt-n/ostatni-kolobrzeg-nowe-pompa-ciepla-118m2-600m2/usi_oto_4qXja.json,2026-05-25T02:06:01.226410,2026-05-25T02:06:01.226412,v0.7.0+
rp,/Volumes/Samsam/Public/USIdata/mtl-express/apartamenty-smolna-bielsko-biala/usi_rp_15211.json,2026-05-25T02:06:01.201285,2026-06-02T23:12:44.492026,v0.7.0+
rp,/Volumes/Samsam/Public/USIdata/mtl-express/apartamenty-straconki-63-bielsko-biala/usi_rp_16817.json,2026-05-25T02:06:01.205367,2026-06-02T23:12:44.499240,v0.7.0+
rp,/Volumes/Samsam/Public/USIdata/mtl-express/bukowa-bielsko-biala/usi_rp_15208.json,2026-05-25T02:06:01.209106,2026-06-02T23:12:44.506909,v0.7.0+
rp,/Volumes/Samsam/Public/USIdata/mtl-express/bukowa-etap-ii-bielsko-biala/usi_rp_19182.json,2026-05-25T02:06:01.213074,2026-06-02T23:12:44.512726,v0.7.0+
oto,/Volumes/Samsam/Public/USIdata/mtm-development-polska-sp-z-o-o/osiedle-zdrojove-zacisze-w-busku-zdroju/usi_oto_4xiLQ.json,2026-05-25T02:06:01.197469,2026-05-25T02:06:01.197470,v0.7.0+
rp,/Volumes/Samsam/Public/USIdata/mtw-development/wielicka-179-etap-ii-krakow-biezanow-prokocim/usi_rp_13187.json,2026-05-25T02:06:01.194495,2026-06-02T23:12:44.483445,v0.7.0+
oto,/Volumes/Samsam/Public/USIdata/multico/rezydencja-niechorze-apartamenty-inwestycyjne/usi_oto_4sTu6.json,2026-05-25T02:06:01.182181,2026-05-25T02:06:01.182182,v0.7.0+
rp,/Volumes/Samsam/Public/USIdata/multico/rezydencja-niechorze-ii-gryficki-niechorze/usi_rp_17827.json,2026-05-25T02:06:01.187018,2026-06-02T23:12:44.317956,v0.7.0+
oto,/Volumes/Samsam/Public/USIdata/multimel-invest/dominow-rynek/usi_oto_4z7Rw.json,2026-05-25T02:06:01.178272,2026-05-25T02:06:01.178274,v0.7.0+
rp,/Volumes/Samsam/Public/USIdata/muniak-development-sp-z-oo/osiedle-inverso-warszawa-czechowice/usi_rp_18759.json,2026-05-25T02:06:01.162995,2026-06-02T23:12:44.291309,v0.7.0+
rp,/Volumes/Samsam/Public/USIdata/muniak-development-sp-z-oo/osiedle-sfera-warszawa-nadwisle/usi_rp_14732.json,2026-05-25T02:06:01.166602,2026-06-02T23:12:44.297645,v0.7.0+
rp,/Volumes/Samsam/Public/USIdata/muniak-development-sp-z-oo/stasinek-warszawa-nowodwory/usi_rp_17622.json,2026-05-25T02:06:01.175240,2026-06-02T23:12:44.310817,v0.7.0+
oto,/Volumes/Samsam/Public/USIdata/murapol/murapol-agosto/usi_oto_4vIhF.json,2026-05-25T02:06:01.051367,2026-05-25T02:06:01.051369,v0.7.0+
oto,/Volumes/Samsam/Public/USIdata/murapol/murapol-aviator-apartamenty-inwestycyjne/usi_oto_4vFLy.json,2026-05-25T02:06:01.056829,2026-05-25T02:06:01.056831,v0.7.0+
oto,/Volumes/Samsam/Public/USIdata/murapol/murapol-corfa/usi_oto_4vFkl.json,2026-05-25T02:06:01.061620,2026-05-25T02:06:01.061622,v0.7.0+
oto,/Volumes/Samsam/Public/USIdata/murapol/murapol-ergo/usi_oto_4vFM3.json,2026-05-25T02:06:01.069496,2026-05-25T02:06:01.069500,v0.7.0+
oto,/Volumes/Samsam/Public/USIdata/murapol/murapol-forum/usi_oto_4vG8v.json,2026-05-25T02:06:01.074844,2026-05-25T02:06:01.074846,v0.7.0+
oto,/Volumes/Samsam/Public/USIdata/murapol/murapol-gardenia/usi_oto_4zv50.json,2026-05-25T02:06:01.079581,2026-05-25T02:06:01.079584,v0.7.0+
oto,/Volumes/Samsam/Public/USIdata/murapol/murapol-greencity/usi_oto_4vZWl.json,2026-05-25T02:06:01.084221,2026-05-25T02:06:01.084223,v0.7.0+
oto,/Volumes/Samsam/Public/USIdata/murapol/murapol-havelia/usi_oto_4vHIG.json,2026-05-25T02:06:01.090055,2026-05-25T02:06:01.090057,v0.7.0+
oto,/Volumes/Samsam/Public/USIdata/murapol/murapol-lakeside/usi_oto_4zgok.json,2026-05-25T02:06:01.093276,2026-05-25T02:06:01.093277,v0.7.0+
oto,/Volumes/Samsam/Public/USIdata/murapol/murapol-mainpoint/usi_oto_4zrBp.json,2026-05-25T02:06:01.096843,2026-05-25T02:06:01.096845,v0.7.0+
oto,/Volumes/Samsam/Public/USIdata/murapol/murapol-motivo/usi_oto_4rCTA.json,2026-05-25T02:06:01.100279,2026-05-25T02:06:01.100281,v0.7.0+
oto,/Volumes/Samsam/Public/USIdata/murapol/murapol-novo/usi_oto_4vFLz.json,2026-05-25T02:06:01.104353,2026-05-25T02:06:01.104355,v0.7.0+
oto,/Volumes/Samsam/Public/USIdata/murapol/murapol-nowe-bogucice/usi_oto_4zTxx.json,2026-05-25T02:06:01.107785,2026-05-25T02:06:01.107787,v0.7.0+
oto,/Volumes/Samsam/Public/USIdata/murapol/murapol-osiedle-dynamiq/usi_oto_4sUxm.json,2026-05-25T02:06:01.110782,2026-05-25T02:06:01.110783,v0.7.0+
oto,/Volumes/Samsam/Public/USIdata/murapol/murapol-osiedle-faktoria/usi_oto_4vG7U.json,2026-05-25T02:06:01.113852,2026-05-25T02:06:01.113853,v0.7.0+
oto,/Volumes/Samsam/Public/USIdata/murapol/murapol-osiedle-filo/usi_oto_4vHIN.json,2026-05-25T02:06:01.117286,2026-05-25T02:06:01.117289,v0.7.0+
oto,/Volumes/Samsam/Public/USIdata/murapol/murapol-osiedle-szafirove/usi_oto_4n5Yj.json,2026-05-25T02:06:01.121108,2026-05-25T02:06:01.121110,v0.7.0+
oto,/Volumes/Samsam/Public/USIdata/murapol/murapol-osiedle-verde/usi_oto_4vFlw.json,2026-05-25T02:06:01.125575,2026-05-25T02:06:01.125576,v0.7.0+
oto,/Volumes/Samsam/Public/USIdata/murapol/murapol-osiedle-wolka/usi_oto_4uERO.json,2026-05-25T02:06:01.129067,2026-05-25T02:06:01.129068,v0.7.0+
oto,/Volumes/Samsam/Public/USIdata/murapol/murapol-osiedle-zen/usi_oto_4vF0c.json,2026-05-25T02:06:01.133236,2026-05-25T02:06:01.133239,v0.7.0+
oto,/Volumes/Samsam/Public/USIdata/murapol/murapol-prado/usi_oto_4sUxg.json,2026-05-25T02:06:01.137917,2026-05-25T02:06:01.137920,v0.7.0+
oto,/Volumes/Samsam/Public/USIdata/murapol/murapol-riverside/usi_oto_4AL54.json,2026-05-25T02:06:01.142669,2026-05-25T02:06:01.142671,v0.7.0+
oto,/Volumes/Samsam/Public/USIdata/murapol/murapol-riverside/usi_oto_67866134.json,2026-05-25T02:06:01.142669,2026-06-02T11:05:37.343239,v0.7.0+
oto,/Volumes/Samsam/Public/USIdata/murapol/murapol-rivo/usi_oto_4sUxe.json,2026-05-25T02:06:01.147311,2026-05-25T02:06:01.147313,v0.7.0+
oto,/Volumes/Samsam/Public/USIdata/murapol/murapol-siewierz-jeziorna/usi_oto_4w2lc.json,2026-05-25T02:06:01.150535,2026-05-25T02:06:01.150536,v0.7.0+
oto,/Volumes/Samsam/Public/USIdata/murapol/murapol-stoczniova/usi_oto_4sUxp.json,2026-05-25T02:06:01.153791,2026-05-25T02:06:01.153793,v0.7.0+
oto,/Volumes/Samsam/Public/USIdata/murapol/murapol-urcity/usi_oto_4vFM4.json,2026-05-25T02:06:01.156699,2026-05-25T02:06:01.156700,v0.7.0+
oto,/Volumes/Samsam/Public/USIdata/murapol/murapol-zielony-zurawiniec/usi_oto_4uEKE.json,2026-05-25T02:06:01.159795,2026-05-25T02:06:01.159797,v0.7.0+
rp,/Volumes/Samsam/Public/USIdata/murapol-sa/apartamenty-klasztorna-wroclaw-krzyki-wojszyce/usi_rp_9379.json,2026-05-25T02:06:00.736842,2026-06-02T23:12:43.593049,v0.7.0+
rp,/Volumes/Samsam/Public/USIdata/murapol-sa/apartamenty-na-wzgorzu-bud-4-i-5-sosnowiec/usi_rp_17106.json,2026-05-25T02:06:00.741490,2026-06-02T23:12:43.601224,v0.7.0+
rp,/Volumes/Samsam/Public/USIdata/murapol-sa/apartamenty-na-wzgorzu-sosnowiec/usi_rp_9382.json,2026-05-25T02:06:00.745001,2026-06-02T23:12:43.609100,v0.7.0+
rp,/Volumes/Samsam/Public/USIdata/murapol-sa/apartamenty-staromiejskie-torun/usi_rp_5355.json,2026-05-25T02:06:00.752545,2026-06-02T23:12:43.625255,v0.7.0+
rp,/Volumes/Samsam/Public/USIdata/murapol-sa/murapol-apartamenty-na-wzgorzu-sosnowiec/usi_rp_13156.json,2026-05-25T02:06:00.764005,2026-06-02T23:12:43.649588,v0.7.0+
rp,/Volumes/Samsam/Public/USIdata/murapol-sa/murapol-apartamenty-pilsudskiego-lodz-widzew-stary-widzew/usi_rp_11504.json,2026-05-25T02:06:00.767263,2026-06-02T23:12:43.656470,v0.7.0+
rp,/Volumes/Samsam/Public/USIdata/murapol-sa/murapol-apartamenty-trzy-stawy-katowice-zespol-dzielnic-srodmiejskich/usi_rp_9565.json,2026-05-25T02:06:00.773702,2026-06-02T23:12:43.674049,v0.7.0+
rp,/Volumes/Samsam/Public/USIdata/murapol-sa/murapol-atrium-sluzewiec-warszawa-mokotow-sluzewiec/usi_rp_9380.json,2026-05-25T02:06:00.781107,2026-06-02T23:12:43.691881,v0.7.0+
rp,/Volumes/Samsam/Public/USIdata/murapol-sa/murapol-aviator-torun/usi_rp_16011.json,2026-05-25T02:06:00.784455,2026-06-02T23:12:43.699549,v0.7.0+
rp,/Volumes/Samsam/Public/USIdata/murapol-sa/murapol-debowe-tarasy-katowice-zespol-dzielnic-polnocnych/usi_rp_10490.json,2026-05-25T02:06:00.791859,2026-06-02T23:12:43.715688,v0.7.0+
rp,/Volumes/Samsam/Public/USIdata/murapol-sa/murapol-havelia-poznan-stare-winogrady/usi_rp_16548.json,2026-05-25T02:06:00.814803,2026-06-02T23:12:43.770050,v0.7.0+
rp,/Volumes/Samsam/Public/USIdata/murapol-sa/murapol-helio-torun/usi_rp_17295.json,2026-05-25T02:06:00.817991,2026-06-02T23:12:43.776920,v0.7.0+
rp,/Volumes/Samsam/Public/USIdata/murapol-sa/murapol-malta-poznan-nowe-miasto-chartowo/usi_rp_10492.json,2026-05-25T02:06:00.835102,2026-06-02T23:12:43.807235,v0.7.0+
rp,/Volumes/Samsam/Public/USIdata/murapol-sa/murapol-nadmorskie-tarasy-gdynia-oksywie/usi_rp_9371.json,2026-05-25T02:06:00.849597,2026-06-02T23:12:43.837223,v0.7.0+
rp,/Volumes/Samsam/Public/USIdata/murapol-sa/murapol-novo-torun/usi_rp_18498.json,2026-05-25T02:06:00.852608,2026-06-02T23:12:43.845099,v0.7.0+
rp,/Volumes/Samsam/Public/USIdata/murapol-sa/murapol-nowa-jabloniowa-gdansk-jasien/usi_rp_10168.json,2026-05-25T02:06:00.855515,2026-06-02T23:12:43.851361,v0.7.0+
rp,/Volumes/Samsam/Public/USIdata/murapol-sa/murapol-nowy-poznan-poznan-stare-miasto-naramowice/usi_rp_9384.json,2026-05-25T02:06:00.872278,2026-06-02T23:12:43.944762,v0.7.0+
rp,/Volumes/Samsam/Public/USIdata/murapol-sa/murapol-nowy-torun-torun/usi_rp_9381.json,2026-05-25T02:06:00.875168,2026-06-02T23:12:43.952416,v0.7.0+
rp,/Volumes/Samsam/Public/USIdata/murapol-sa/murapol-osiedle-akademickie-bydgoszcz/usi_rp_12756.json,2026-05-25T02:06:00.881665,2026-06-02T23:12:43.968283,v0.7.0+
rp,/Volumes/Samsam/Public/USIdata/murapol-sa/murapol-osiedle-ambro-gdansk-orunia-gorna-gdansk-poludnie/usi_rp_14690.json,2026-05-25T02:06:00.884554,2026-06-02T23:12:43.974102,v0.7.0+
rp,/Volumes/Samsam/Public/USIdata/murapol-sa/murapol-osiedle-ferrovia-wroclaw-brochow/usi_rp_15328.json,2026-05-25T02:06:00.894997,2026-06-02T23:12:43.995048,v0.7.0+
rp,/Volumes/Samsam/Public/USIdata/murapol-sa/murapol-osiedle-fit-tychy/usi_rp_14257.json,2026-05-25T02:06:00.905867,2026-06-02T23:12:44.018093,v0.7.0+
rp,/Volumes/Samsam/Public/USIdata/murapol-sa/murapol-osiedle-natura-warszawa-bialoleka-grodzisk/usi_rp_9864.json,2026-05-25T02:06:00.910180,2026-06-02T23:12:44.024056,v0.7.0+
rp,/Volumes/Samsam/Public/USIdata/murapol-sa/murapol-osiedle-novelo-gdansk-orunia-gorna-gdansk-poludnie/usi_rp_14062.json,2026-05-25T02:06:00.914007,2026-06-02T23:12:44.029897,v0.7.0+
rp,/Volumes/Samsam/Public/USIdata/murapol-sa/murapol-osiedle-praskie-warszawa-praga-poludnie-grochow/usi_rp_9566.json,2026-05-25T02:06:00.920301,2026-06-02T23:12:44.047081,v0.7.0+
rp,/Volumes/Samsam/Public/USIdata/murapol-sa/murapol-osiedle-smart-torun/usi_rp_13057.json,2026-05-25T02:06:00.923815,2026-06-02T23:12:44.056115,v0.7.0+
rp,/Volumes/Samsam/Public/USIdata/murapol-sa/murapol-osiedle-storczykow-mikolowski-mikolow/usi_rp_10491.json,2026-05-25T02:06:00.927239,2026-06-02T23:12:44.063501,v0.7.0+
rp,/Volumes/Samsam/Public/USIdata/murapol-sa/murapol-osiedle-verde-b3-poznan-staroleka-minikowo-marlewo/usi_rp_17101.json,2026-05-25T02:06:00.937958,2026-06-02T23:12:44.085381,v0.7.0+
rp,/Volumes/Samsam/Public/USIdata/murapol-sa/murapol-osiedle-zdrovo-2-gdansk-orunia-gorna-gdansk-poludnie/usi_rp_14443.json,2026-05-25T02:06:00.956991,2026-06-02T23:12:44.100662,v0.7.0+
rp,/Volumes/Samsam/Public/USIdata/murapol-sa/murapol-osiedle-zdrovo-gdansk-orunia-gorna-gdansk-poludnie/usi_rp_13529.json,2026-05-25T02:06:00.960582,2026-06-02T23:12:44.106607,v0.7.0+
rp,/Volumes/Samsam/Public/USIdata/murapol-sa/murapol-osiedle-zen-etap-ii-gdansk-orunia-gorna-gdansk-poludnie/usi_rp_17274.json,2026-05-25T02:06:00.964102,2026-06-02T23:12:44.112419,v0.7.0+
rp,/Volumes/Samsam/Public/USIdata/murapol-sa/murapol-prado-krakow-pradnik-bialy/usi_rp_17751.json,2026-05-25T02:06:00.978517,2026-06-02T23:12:44.139259,v0.7.0+
rp,/Volumes/Samsam/Public/USIdata/murapol-sa/murapol-primo-lublin/usi_rp_16963.json,2026-05-25T02:06:00.982562,2026-06-02T23:12:44.144991,v0.7.0+
rp,/Volumes/Samsam/Public/USIdata/murapol-sa/murapol-rivo-bydgoszcz/usi_rp_17633.json,2026-05-25T02:06:00.991254,2026-06-02T23:12:44.160657,v0.7.0+
rp,/Volumes/Samsam/Public/USIdata/murapol-sa/murapol-slaskie-ogrody-katowice-katowice-zespol-dzielnic-polnocnych/usi_rp_9373.json,2026-05-25T02:06:01.005917,2026-06-02T23:12:44.187838,v0.7.0+
rp,/Volumes/Samsam/Public/USIdata/murapol-sa/murapol-slaskie-ogrody-tychy-tychy/usi_rp_9378.json,2026-05-25T02:06:01.008762,2026-06-02T23:12:44.194556,v0.7.0+
rp,/Volumes/Samsam/Public/USIdata/murapol-sa/murapol-slaskie-tarasy-katowice-zespol-dzielnic-zachodnich/usi_rp_9372.json,2026-05-25T02:06:01.012549,2026-06-02T23:12:44.203165,v0.7.0+
rp,/Volumes/Samsam/Public/USIdata/murapol-sa/murapol-trzy-lipki-bielsko-biala/usi_rp_16062.json,2026-05-25T02:06:01.023962,2026-06-02T23:12:44.221735,v0.7.0+
rp,/Volumes/Samsam/Public/USIdata/murapol-sa/murapol-trzy-lipki-etap-ii-bielsko-biala/usi_rp_18106.json,2026-05-25T02:06:01.027258,2026-06-02T23:12:44.227348,v0.7.0+
rp,/Volumes/Samsam/Public/USIdata/murapol-sa/murapol-univercity-lodz-stare-polesie/usi_rp_20397.json,2026-06-02T10:52:46.295589,2026-06-02T23:12:44.233035,v0.7.0+
rp,/Volumes/Samsam/Public/USIdata/murapol-sa/murapol-zielona-toskania-wroclaw-krzyki-wojszyce/usi_rp_10940.json,2026-05-25T02:06:01.030135,2026-06-02T23:12:44.240601,v0.7.0+
rp,/Volumes/Samsam/Public/USIdata/murapol-sa/murapol-zielone-bulwary-wroclaw-krzyki-klecina/usi_rp_10169.json,2026-05-25T02:06:01.032851,2026-06-02T23:12:44.247561,v0.7.0+
rp,/Volumes/Samsam/Public/USIdata/murapol-sa/murapol-zielony-zurawiniec-poznan-stare-miasto-naramowice/usi_rp_13308.json,2026-05-25T02:06:01.035942,2026-06-02T23:12:44.256646,v0.7.0+
rp,/Volumes/Samsam/Public/USIdata/murapol-sa/nowe-winogrady-poznan-stare-miasto-stare-winogrady/usi_rp_1713.json,2026-05-25T02:06:01.038672,2026-06-02T23:12:44.262786,v0.7.0+
rp,/Volumes/Samsam/Public/USIdata/murapol-sa/widzew-lodz-widzew-stary-widzew/usi_rp_9377.json,2026-05-25T02:06:01.048032,2026-06-02T23:12:44.283114,v0.7.0+
oto,/Volumes/Samsam/Public/USIdata/murbud-developer-sp-jawna-cymborski-raczynski/police-ul-grunwaldzka/usi_oto_4tYVC.json,2026-05-25T02:06:00.732505,2026-05-25T02:06:00.732507,v0.7.0+
oto,/Volumes/Samsam/Public/USIdata/muropol-sp-z-o-o/czeladz-ul-przelajska/usi_oto_4p8Zo.json,2026-05-25T02:06:00.727979,2026-05-25T02:06:00.727980,v0.7.0+
oto,/Volumes/Samsam/Public/USIdata/musial-company/osiedle-na-zamkowym/usi_oto_4tVka.json,2026-05-25T02:06:00.723746,2026-05-25T02:06:00.723747,v0.7.0+
rp,/Volumes/Samsam/Public/USIdata/musial-group/apartamenty-morcinka-dabrowa-gornicza/usi_rp_12814.json,2026-05-25T02:06:00.717338,2026-06-02T23:12:43.573712,v0.7.0+
rp,/Volumes/Samsam/Public/USIdata/musial-group/apartamenty-park-zagorski-i-etap-sosnowiec/usi_rp_13388.json,2026-05-25T02:06:00.720301,2026-06-02T23:12:43.582570,v0.7.0+
rp,/Volumes/Samsam/Public/USIdata/mw-holding-sp-z-oo/lomianki-park-warszawski-zachodni-lomianki-dolne/usi_rp_18949.json,2026-05-25T02:06:00.704510,2026-06-02T23:12:43.533803,v0.7.0+
rp,/Volumes/Samsam/Public/USIdata/mw-holding-sp-z-oo/villa-austeria-nowy-dwor-mazowiecki/usi_rp_18677.json,2026-05-25T02:06:00.707639,2026-06-02T23:12:43.542909,v0.7.0+
oto,/Volumes/Samsam/Public/USIdata/myhome-deweloper-sp-z-o-o/black-white-etap-3-ul-malinowa-wszewilki-ostatnie/usi_oto_4AMlZ.json,2026-05-25T02:06:00.693846,2026-05-25T02:06:00.693848,v0.7.0+
oto,/Volumes/Samsam/Public/USIdata/myhome-deweloper-sp-z-o-o/black-white-etap-3-ul-malinowa-wszewilki-ostatnie/usi_oto_67871027.json,2026-05-25T02:06:00.693846,2026-06-02T11:05:32.545716,v0.7.0+
oto,/Volumes/Samsam/Public/USIdata/myhome-deweloper-sp-z-o-o/debowa-park-w-miliczu-ostatnie-wolne-mieszkania/usi_oto_4sMSy.json,2026-05-25T02:06:00.698574,2026-05-25T02:06:00.698576,v0.7.0+
oto,/Volumes/Samsam/Public/USIdata/myhome-deweloper-sp-z-o-o/tulipanova-kobylin/usi_oto_4zSH4.json,2026-05-25T02:06:00.701812,2026-05-25T02:06:00.701814,v0.7.0+
oto,/Volumes/Samsam/Public/USIdata/nadgornikow-14/nadgornikow-14/usi_oto_4qGYO.json,2026-05-25T02:06:00.686344,2026-05-25T02:06:00.686345,v0.7.0+
rp,/Volumes/Samsam/Public/USIdata/nami-development/osiedle-grechuty-warszawski-zachodni-klaudyn/usi_rp_18795.json,2026-05-25T02:06:00.671016,2026-06-02T23:12:43.495891,v0.7.0+
rp,/Volumes/Samsam/Public/USIdata/nami-development/osiedle-magenta-etap-ii-ozarow-mazowiecki/usi_rp_13980.json,2026-05-25T02:06:00.675263,2026-06-02T23:12:43.502052,v0.7.0+
rp,/Volumes/Samsam/Public/USIdata/nami-development/zielony-zaulek-warszawski-zachodni-stare-babice/usi_rp_14408.json,2026-05-25T02:06:00.683055,2026-06-02T23:12:43.516990,v0.7.0+
oto,/Volumes/Samsam/Public/USIdata/napollo/miasteczko-brzeziny-ii/usi_oto_4ttcP.json,2026-05-25T02:06:00.620013,2026-05-25T02:06:00.620015,v0.7.0+
rp,/Volumes/Samsam/Public/USIdata/napollo/niemcewicza-19-warszawa-stara-ochota/usi_rp_13898.json,2026-05-25T02:06:00.630805,2026-06-02T23:12:43.437511,v0.7.0+
oto,/Volumes/Samsam/Public/USIdata/napollo/nowe-poludnie-2/usi_oto_4jB0l.json,2026-05-25T02:06:00.634633,2026-05-25T02:06:00.634635,v0.7.0+
oto,/Volumes/Samsam/Public/USIdata/napollo/osiedle-puenta/usi_oto_4nPAj.json,2026-05-25T02:06:00.640641,2026-05-25T02:06:00.640643,v0.7.0+
oto,/Volumes/Samsam/Public/USIdata/napollo/osiedle-salvia/usi_oto_4xEsf.json,2026-05-25T02:06:00.646245,2026-05-25T02:06:00.646248,v0.7.0+
oto,/Volumes/Samsam/Public/USIdata/napollo/uno-bemowo/usi_oto_4yh8s.json,2026-05-25T02:06:00.660392,2026-05-25T02:06:00.660394,v0.7.0+
rp,/Volumes/Samsam/Public/USIdata/napollo/uno-bemowo-warszawa-bemowo-lotnisko/usi_rp_19535.json,2026-05-25T02:06:00.663492,2026-06-02T23:12:43.479680,v0.7.0+
to,/Volumes/Samsam/Public/USIdata/narnia-apartamenty/buraczana-27-wroclaw-klecina-mieszkania-na-sprzedaz/usi_to_9196569.json,2026-05-25T02:04:59.125452,2026-05-25T02:04:59.125456,v0.7.0+
oto,/Volumes/Samsam/Public/USIdata/narnia-deweloper/buraczana-27/usi_oto_4zFct.json,2026-05-25T02:06:00.611040,2026-05-25T02:06:00.611042,v0.7.0+
oto,/Volumes/Samsam/Public/USIdata/nasz-dom-spolka-z-o-o/ludowa-park/usi_oto_4rQJk.json,2026-05-25T02:06:00.607025,2026-05-25T02:06:00.607027,v0.7.0+
rp,/Volumes/Samsam/Public/USIdata/navigator-development-sp-z-oo/republika-matarnia-etap-i-gdansk-matarnia/usi_rp_15364.json,2026-05-25T02:06:00.595647,2026-06-02T23:12:43.213566,v0.7.0+
rp,/Volumes/Samsam/Public/USIdata/navigator-development-sp-z-oo/republika-matarnia-etap-iii-gdansk-matarnia/usi_rp_18682.json,2026-05-25T02:06:00.601034,2026-06-02T23:12:43.220754,v0.7.0+
rp,/Volumes/Samsam/Public/USIdata/navigator-development-sp-z-oo/republika-matarnia-etap-iv-gdansk-matarnia/usi_rp_18684.json,2026-05-25T02:06:00.604292,2026-06-02T23:12:43.230654,v0.7.0+
oto,/Volumes/Samsam/Public/USIdata/nazwa-pelna-masterm-sfc-spolka-z-ograniczona-odpowiedzialnoscia-spolka-komandytowa/aquart/usi_oto_4s6pP.json,2026-05-25T02:06:00.590654,2026-05-25T02:06:00.590656,v0.7.0+
to,/Volumes/Samsam/Public/USIdata/ncc-deco/apartamenty-barbary-19-katowice-srodmiescie-mieszkania-na-sprzedaz/usi_to_8983400.json,2026-05-25T02:04:59.113990,2026-05-25T02:04:59.113993,v0.7.0+
oto,/Volumes/Samsam/Public/USIdata/ncc-deco-development-sp-z-o-o/apartamenty-barbary-19/usi_oto_4rg4x.json,2026-05-25T02:06:00.582639,2026-05-25T02:06:00.582641,v0.7.0+
oto,/Volumes/Samsam/Public/USIdata/ncc-deco-development-sp-z-o-o/sosnovia/usi_oto_4yvI8.json,2026-05-25T02:06:00.586788,2026-05-25T02:06:00.586790,v0.7.0+
oto,/Volumes/Samsam/Public/USIdata/ndi-development/apartamenty-cis-park/usi_oto_4pW7p.json,2026-05-25T02:06:00.553676,2026-05-25T02:06:00.553677,v0.7.0+
rp,/Volumes/Samsam/Public/USIdata/ndi-development/slaska-osiem-gdansk-przymorze-male/usi_rp_16869.json,2026-05-25T02:06:00.573874,2026-06-02T23:12:43.192701,v0.7.0+
rp,/Volumes/Samsam/Public/USIdata/ndi-development/smolna-23-warszawa-srodmiescie-polnocne/usi_rp_19211.json,2026-05-25T02:06:00.576544,2026-06-02T23:12:43.198898,v0.7.0+
rp,/Volumes/Samsam/Public/USIdata/ndi-development/zamienie-park-piaseczynski-zamienie/usi_rp_16086.json,2026-05-25T02:06:00.579721,2026-06-02T23:12:43.205027,v0.7.0+
oto,/Volumes/Samsam/Public/USIdata/necon-deweloper-sp-z-o-o/mlode-stanislawie/usi_oto_4aKBm.json,2026-05-25T02:06:00.546801,2026-05-25T02:06:00.546802,v0.7.0+
oto,/Volumes/Samsam/Public/USIdata/necon-deweloper-sp-z-o-o/moniuszki-30/usi_oto_4q9Qp.json,2026-05-25T02:06:00.550399,2026-05-25T02:06:00.550400,v0.7.0+
oto,/Volumes/Samsam/Public/USIdata/nefa-inwestycje-sp-z-o-o/apartamenty-stazystow-nowoczesne-mieszkania-w-bielsku-bialej/usi_oto_68050322.json,2026-06-02T11:03:57.347505,2026-06-02T11:03:57.792395,v0.7.0+
rp,/Volumes/Samsam/Public/USIdata/neo-natolin-sp-z-oo/neo-natolin-etap-ii-warszawa-powsin/usi_rp_19053.json,2026-05-25T02:06:00.535715,2026-06-02T23:12:42.991248,v0.7.0+
oto,/Volumes/Samsam/Public/USIdata/neo-swiat/domy-peclin-zamkowa-29-adres-wart-sprawdzenia/usi_oto_4qoUi.json,2026-05-25T02:06:00.530836,2026-05-25T02:06:00.530839,v0.7.0+
oto,/Volumes/Samsam/Public/USIdata/neo-villa/osiedle-borowiecka-niskoemisyjne-domy-energoo/usi_oto_4dRrQ.json,2026-05-25T02:06:00.526391,2026-05-25T02:06:00.526394,v0.7.0+
oto,/Volumes/Samsam/Public/USIdata/neobis/os-lotnictwa-polskiego-12/usi_oto_4u9wv.json,2026-05-25T02:06:00.516661,2026-05-25T02:06:00.516663,v0.7.0+
rp,/Volumes/Samsam/Public/USIdata/neobis-sp-z-oo/os-lotnictwa-polskiego-12-poznan-wola/usi_rp_17638.json,2026-05-25T02:06:00.512624,2026-06-02T23:12:42.972943,v0.7.0+
oto,/Volumes/Samsam/Public/USIdata/neotrop-sp-z-o-o/mysliwska-apartamenty/usi_oto_4BmGG.json,2026-05-25T02:06:00.500229,2026-05-25T02:06:00.500231,v0.7.0+
oto,/Volumes/Samsam/Public/USIdata/neotrop-sp-z-o-o/mysliwska-apartamenty/usi_oto_68010694.json,2026-05-25T02:06:00.500229,2026-06-02T11:04:25.749022,v0.7.0+
rp,/Volumes/Samsam/Public/USIdata/neptun-developer-sp-z-oo/arkonska-37a-szczecin-arkonskie-niemierzyn/usi_rp_14647.json,2026-05-25T02:06:00.489624,2026-06-02T23:12:42.929055,v0.7.0+
rp,/Volumes/Samsam/Public/USIdata/neptun-developer-sp-z-oo/kollataja-police-police/usi_rp_15629.json,2026-05-25T02:06:00.494091,2026-06-02T23:12:42.937658,v0.7.0+
rp,/Volumes/Samsam/Public/USIdata/neptun-developer-sp-z-oo/osiedle-fawor-szczecin-stolczyn/usi_rp_14648.json,2026-05-25T02:06:00.496975,2026-06-02T23:12:42.944871,v0.7.0+
rp,/Volumes/Samsam/Public/USIdata/nest-development/comfort-corner-murowana-goslina/usi_rp_14839.json,2026-05-25T02:06:00.480311,2026-06-02T23:12:42.912347,v0.7.0+
rp,/Volumes/Samsam/Public/USIdata/nest-development/konin-ul-dabrowskiego-konin/usi_rp_14844.json,2026-05-25T02:06:00.484984,2026-06-02T23:12:42.920759,v0.7.0+
oto,/Volumes/Samsam/Public/USIdata/nest-marcelinska-sp-z-o-o/ht-nest/usi_oto_4w8It.json,2026-05-25T02:06:00.476634,2026-05-25T02:06:00.476636,v0.7.0+
rp,/Volumes/Samsam/Public/USIdata/neutrinpl-spolka-z-oo/blich-bielsko-biala/usi_rp_19336.json,2026-05-25T02:06:00.472105,2026-06-02T23:12:42.905485,v0.7.0+
rp,/Volumes/Samsam/Public/USIdata/new-aparts-invest-sp-z-oo/aniceta-residence-warszawa-brzeziny/usi_rp_18908.json,2026-05-25T02:06:00.468864,2026-06-02T23:12:42.895846,v0.7.0+
rp,/Volumes/Samsam/Public/USIdata/new-design-apartments-sp-z-oo/raciborskiego-eko-park-lodz-widzew/usi_rp_14134.json,2026-05-25T02:06:00.464523,2026-06-02T23:12:42.888242,v0.7.0+
rp,/Volumes/Samsam/Public/USIdata/new-form-development-sp-z-oo/debowa-residence-warszawa-dabrowka-szlachecka/usi_rp_15340.json,2026-05-25T02:06:00.445244,2026-06-02T23:12:42.873462,v0.7.0+
rp,/Volumes/Samsam/Public/USIdata/new-form-development-sp-z-oo/zegrze-residence-legionowski/usi_rp_18393.json,2026-05-25T02:06:00.461147,2026-06-02T23:12:42.880898,v0.7.0+
oto,/Volumes/Samsam/Public/USIdata/nextdom-deweloper-spolka-z-ograniczona-odpowiedzialnoscia/nextdom-lodzka-166-czestochowa/usi_oto_4zc33.json,2026-05-25T02:06:00.439175,2026-05-25T02:06:00.439178,v0.7.0+
oto,/Volumes/Samsam/Public/USIdata/nexx-developer-sp-z-o-o/panorama-bangow/usi_oto_4hAm6.json,2026-05-25T02:06:00.409461,2026-05-25T02:06:00.409467,v0.7.0+
oto,/Volumes/Samsam/Public/USIdata/nexx-developer-sp-z-o-o/panorama-bangow-ii/usi_oto_4ziZw.json,2026-05-25T02:06:00.418775,2026-05-25T02:06:00.418778,v0.7.0+
oto,/Volumes/Samsam/Public/USIdata/nexx-developer-sp-z-o-o/park-moniuszki-ii/usi_oto_4gPZh.json,2026-05-25T02:06:00.422376,2026-05-25T02:06:00.422378,v0.7.0+
oto,/Volumes/Samsam/Public/USIdata/nexx-developer-sp-z-o-o/vanda-park/usi_oto_4qsax.json,2026-05-25T02:06:00.426355,2026-05-25T02:06:00.426357,v0.7.0+
oto,/Volumes/Samsam/Public/USIdata/nexx-developer-sp-z-o-o/wzgorze-poetow/usi_oto_4kZm8.json,2026-05-25T02:06:00.431153,2026-05-25T02:06:00.431155,v0.7.0+
oto,/Volumes/Samsam/Public/USIdata/nexx-developer-sp-z-o-o/zimowa-apartamenty/usi_oto_4lvJR.json,2026-05-25T02:06:00.434736,2026-05-25T02:06:00.434739,v0.7.0+
rp,/Volumes/Samsam/Public/USIdata/nexx-sp-z-oo-sp-k/domino-park-siemianowice-i-etap-siemianowice-slaskie/usi_rp_11285.json,2026-05-25T02:06:00.307847,2026-06-02T23:12:42.715512,v0.7.0+
rp,/Volumes/Samsam/Public/USIdata/nexx-sp-z-oo-sp-k/domino-park-siemianowice-ii-etap-siemianowice-slaskie/usi_rp_12850.json,2026-05-25T02:06:00.310721,2026-06-02T23:12:42.723795,v0.7.0+
rp,/Volumes/Samsam/Public/USIdata/nexx-sp-z-oo-sp-k/green-home-zory/usi_rp_17428.json,2026-05-25T02:06:00.313666,2026-06-02T23:12:42.729943,v0.7.0+
rp,/Volumes/Samsam/Public/USIdata/nexx-sp-z-oo-sp-k/panorama-bangow-siemianowice-slaskie/usi_rp_14794.json,2026-05-25T02:06:00.328714,2026-06-02T23:12:42.801541,v0.7.0+
rp,/Volumes/Samsam/Public/USIdata/nexx-sp-z-oo-sp-k/park-moniuszki-etap-ii-myslowice/usi_rp_8940.json,2026-05-25T02:06:00.333256,2026-06-02T23:12:42.808211,v0.7.0+
rp,/Volumes/Samsam/Public/USIdata/nexx-sp-z-oo-sp-k/park-moniuszki-etap-iv-myslowice/usi_rp_11269.json,2026-05-25T02:06:00.336308,2026-06-02T23:12:42.814889,v0.7.0+
rp,/Volumes/Samsam/Public/USIdata/nexx-sp-z-oo-sp-k/park-moniuszki-ii-c-myslowice/usi_rp_16731.json,2026-05-25T02:06:00.344214,2026-06-02T23:12:42.834801,v0.7.0+
rp,/Volumes/Samsam/Public/USIdata/nexx-sp-z-oo-sp-k/wzgorze-poetow-2-gliwice/usi_rp_19474.json,2026-05-25T02:06:00.354458,2026-06-02T23:12:42.848424,v0.7.0+
rp,/Volumes/Samsam/Public/USIdata/nexx-sp-z-oo-sp-k/zimowa-apartamenty-pszczynski-goczalkowice-zdroj/usi_rp_16249.json,2026-05-25T02:06:00.381386,2026-06-02T23:12:42.864382,v0.7.0+
oto,/Volumes/Samsam/Public/USIdata/ng-development/dzielnica-parkowa-ul-paderewskiego-rzeszow/usi_oto_1p4.json,2026-05-25T02:06:00.292355,2026-05-25T02:06:00.292356,v0.7.0+
oto,/Volumes/Samsam/Public/USIdata/ng-development/panorama-kwiatkowskiego-lake/usi_oto_4b63P.json,2026-05-25T02:06:00.296387,2026-05-25T02:06:00.296389,v0.7.0+
oto,/Volumes/Samsam/Public/USIdata/ng-development/panorama-kwiatkowskiego-river/usi_oto_4nx93.json,2026-05-25T02:06:00.299421,2026-05-25T02:06:00.299422,v0.7.0+
oto,/Volumes/Samsam/Public/USIdata/ng-dzielnica-parkowa-3/powstancow-styczniowych/usi_oto_4Aswf.json,2026-05-25T02:06:00.288135,2026-05-25T02:06:00.288137,v0.7.0+
rp,/Volumes/Samsam/Public/USIdata/ng-dzielnica-parkowa-3-sp-z-oo/dzielnica-parkowa-etap-v-rzeszow/usi_rp_13353.json,2026-05-25T02:06:00.266213,2026-06-02T23:12:42.676061,v0.7.0+
rp,/Volumes/Samsam/Public/USIdata/ng-dzielnica-parkowa-3-sp-z-oo/panorama-kwiatkowskiego-rzeszow/usi_rp_13568.json,2026-05-25T02:06:00.279574,2026-06-02T23:12:42.695733,v0.7.0+
rp,/Volumes/Samsam/Public/USIdata/ng-dzielnica-parkowa-3-sp-z-oo/urocza-10-etap-iii-rzeszow/usi_rp_14289.json,2026-05-25T02:06:00.284132,2026-06-02T23:12:42.703124,v0.7.0+
oto,/Volumes/Samsam/Public/USIdata/nickel-development/osiedle-naturama/usi_oto_4uar9.json,2026-05-25T02:06:00.256838,2026-05-25T02:06:00.256840,v0.7.0+
oto,/Volumes/Samsam/Public/USIdata/nickel-development/osiedle-naturama-ii/usi_oto_4uard.json,2026-05-25T02:06:00.262369,2026-05-25T02:06:00.262371,v0.7.0+
rp,/Volumes/Samsam/Public/USIdata/nickel-development-sp-z-oo/naturama-ii-poznan-strzeszyn/usi_rp_17891.json,2026-05-25T02:06:00.244870,2026-06-02T23:12:42.649163,v0.7.0+
rp,/Volumes/Samsam/Public/USIdata/nickel-development-sp-z-oo/osiedle-ksieznej-dabrowki-skarbcowa-2-poziomowe-poznanski-dabrowka/usi_rp_16245.json,2026-05-25T02:06:00.247627,2026-06-02T23:12:42.656343,v0.7.0+
rp,/Volumes/Samsam/Public/USIdata/nickel-development-sp-z-oo/osiedle-ksieznej-dabrowki-skarbcowa-poznanski-dabrowka/usi_rp_16246.json,2026-05-25T02:06:00.250420,2026-06-02T23:12:42.663315,v0.7.0+
rp,/Volumes/Samsam/Public/USIdata/nickel-development-sp-z-oo/osiedle-naturama-poznan-strzeszyn/usi_rp_15052.json,2026-05-25T02:06:00.253594,2026-06-02T23:12:42.669358,v0.7.0+
rp,/Volumes/Samsam/Public/USIdata/nieruchomosci-lalak-properties-sp-z-oo-sp-ka/chodzki-residence-lublin/usi_rp_13013.json,2026-05-25T02:06:00.212399,2026-06-02T23:12:42.591318,v0.7.0+
rp,/Volumes/Samsam/Public/USIdata/nieruchomosci-lalak-properties-sp-z-oo-sp-ka/diamentowe-tarasy-lublin/usi_rp_13823.json,2026-05-25T02:06:00.216359,2026-06-02T23:12:42.596583,v0.7.0+
rp,/Volumes/Samsam/Public/USIdata/nieruchomosci-lalak-properties-sp-z-oo-sp-ka/diamentowe-wzgorze-g-lublin/usi_rp_14264.json,2026-05-25T02:06:00.219058,2026-06-02T23:12:42.602492,v0.7.0+
rp,/Volumes/Samsam/Public/USIdata/nieruchomosci-lalak-properties-sp-z-oo-sp-ka/felin-park-ii-etap-2-lublin-kosminek/usi_rp_19495.json,2026-05-25T02:06:00.222962,2026-06-02T23:12:42.609347,v0.7.0+
rp,/Volumes/Samsam/Public/USIdata/nieruchomosci-lalak-properties-sp-z-oo-sp-ka/felin-park-lublin/usi_rp_11429.json,2026-05-25T02:06:00.226916,2026-06-02T23:12:42.614575,v0.7.0+
rp,/Volumes/Samsam/Public/USIdata/nieruchomosci-lalak-properties-sp-z-oo-sp-ka/jemioluszki-park-etap-2-lublin/usi_rp_19139.json,2026-05-25T02:06:00.230110,2026-06-02T23:12:42.623454,v0.7.0+
rp,/Volumes/Samsam/Public/USIdata/nieruchomosci-lalak-properties-sp-z-oo-sp-ka/jemioluszki-park-lublin/usi_rp_17507.json,2026-05-25T02:06:00.233477,2026-06-02T23:12:42.628683,v0.7.0+
rp,/Volumes/Samsam/Public/USIdata/nieruchomosci-lalak-properties-sp-z-oo-sp-ka/koncertowe-wzgorze-etap-ii-lublin-czechow-polnocny/usi_rp_19496.json,2026-05-25T02:06:00.236545,2026-06-02T23:12:42.636768,v0.7.0+
oto,/Volumes/Samsam/Public/USIdata/nieruchomosci-pawlinski-deweloper/apartamenty-piastow-luban-woj-dolnoslaskie/usi_oto_4mkGb.json,2026-05-25T02:06:00.196637,2026-05-25T02:06:00.196639,v0.7.0+
rp,/Volumes/Samsam/Public/USIdata/nil-nieruchomosci/klif-oksywie-gdynia-oksywie/usi_rp_17931.json,2026-05-25T02:06:00.191214,2026-06-02T23:12:42.569306,v0.7.0+
oto,/Volumes/Samsam/Public/USIdata/nokturn-deweloper/jurajska-park/usi_oto_4BqOo.json,2026-05-25T02:06:00.137823,2026-05-25T02:06:00.137825,v0.7.0+
oto,/Volumes/Samsam/Public/USIdata/nokturn-deweloper/jurajska-park/usi_oto_68026548.json,2026-05-25T02:06:00.137823,2026-06-02T11:04:17.689655,v0.7.0+
oto,/Volumes/Samsam/Public/USIdata/nokturn-deweloper/nova-tymotkowa/usi_oto_4zf2v.json,2026-05-25T02:06:00.142177,2026-05-25T02:06:00.142179,v0.7.0+
to,/Volumes/Samsam/Public/USIdata/nokturn-deweloper/nova-tymotkowa-tymotkowa-kolista-krakow-debniki-ruczaj-mieszkania-na-sprzedaz/usi_to_9181044.json,2026-05-25T02:04:59.094864,2026-05-25T02:04:59.094867,v0.7.0+
rp,/Volumes/Samsam/Public/USIdata/nokturn-deweloper/ojcowska-park-krakowski-pekowice/usi_rp_11671.json,2026-05-25T02:06:00.146020,2026-06-02T23:12:42.306765,v0.7.0+
rp,/Volumes/Samsam/Public/USIdata/nokturn-deweloper/panorama-pradnik-krakow-pradnik-bialy/usi_rp_9034.json,2026-05-25T02:06:00.152285,2026-06-02T23:12:42.440056,v0.7.0+
oto,/Volumes/Samsam/Public/USIdata/nokturn-deweloper/willa-zalesie/usi_oto_4zEzt.json,2026-05-25T02:06:00.166581,2026-05-25T02:06:00.166583,v0.7.0+
oto,/Volumes/Samsam/Public/USIdata/noli-gdansk-riverside/noli-gdansk-riverside/usi_oto_4yCPt.json,2026-05-25T02:06:00.132711,2026-05-25T02:06:00.132713,v0.7.0+
oto,/Volumes/Samsam/Public/USIdata/noli-gdansk-wrzeszcz/noli-gdansk-wrzeszcz/usi_oto_4yCM4.json,2026-05-25T02:06:00.127187,2026-05-25T02:06:00.127190,v0.7.0+
oto,/Volumes/Samsam/Public/USIdata/noli-studios-sp-z-o-o/noli-mokotow/usi_oto_4n8sj.json,2026-05-25T02:06:00.119897,2026-05-25T02:06:00.119900,v0.7.0+
oto,/Volumes/Samsam/Public/USIdata/nook-invest/bojano-modrzewiowa-2-0/usi_oto_4qkdi.json,2026-05-25T02:06:00.100239,2026-05-25T02:06:00.100240,v0.7.0+
oto,/Volumes/Samsam/Public/USIdata/nook-invest/bojano-ul-cicha/usi_oto_4B7hC.json,2026-05-25T02:06:00.105204,2026-05-25T02:06:00.105205,v0.7.0+
oto,/Volumes/Samsam/Public/USIdata/nook-invest/bojano-ul-gryfa-pomorskiego/usi_oto_4qkdf.json,2026-05-25T02:06:00.109073,2026-05-25T02:06:00.109076,v0.7.0+
oto,/Volumes/Samsam/Public/USIdata/nook-invest/bojano-ul-na-dambnik/usi_oto_4qkdd.json,2026-05-25T02:06:00.112764,2026-05-25T02:06:00.112765,v0.7.0+
oto,/Volumes/Samsam/Public/USIdata/nook-invest/bojano-ul-zlocista-2-0/usi_oto_4trUz.json,2026-05-25T02:06:00.115897,2026-05-25T02:06:00.115899,v0.7.0+
oto,/Volumes/Samsam/Public/USIdata/noraco-sp-z-o-o/sunset-resort/usi_oto_4ezSk.json,2026-05-25T02:06:00.096313,2026-05-25T02:06:00.096315,v0.7.0+
rp,/Volumes/Samsam/Public/USIdata/nordic-development-sa/lake-residence-ii-bydgoski-osielsko/usi_rp_7818.json,2026-05-25T02:06:00.088534,2026-06-02T23:12:42.291913,v0.7.0+
rp,/Volumes/Samsam/Public/USIdata/nordic-development-sa/nordic-haven-bydgoszcz/usi_rp_3323.json,2026-05-25T02:06:00.092987,2026-06-02T23:12:42.298367,v0.7.0+
oto,/Volumes/Samsam/Public/USIdata/nordic-house-deweloper/piekna-16a/usi_oto_4f3r5.json,2026-05-25T02:06:00.083215,2026-05-25T02:06:00.083216,v0.7.0+
rp,/Volumes/Samsam/Public/USIdata/nordic-house-deweloper-sp-z-oo/zakamarki-marki/usi_rp_18567.json,2026-05-25T02:06:00.079190,2026-06-02T23:12:42.284375,v0.7.0+
rp,/Volumes/Samsam/Public/USIdata/nostra-domus-sp-z-oo-sp-k/orzechowa-osada-etap-ii-poznanski-kobylniki/usi_rp_15269.json,2026-05-25T02:06:00.074046,2026-06-02T23:12:42.275101,v0.7.0+
rp,/Volumes/Samsam/Public/USIdata/notica-wojtas-development/piekna-warka-warka/usi_rp_15360.json,2026-05-25T02:06:00.070369,2026-06-02T23:12:42.266953,v0.7.0+
oto,/Volumes/Samsam/Public/USIdata/notra-inwest/stary-sad/usi_oto_4sj4H.json,2026-05-25T02:06:00.066332,2026-05-25T02:06:00.066333,v0.7.0+
rp,/Volumes/Samsam/Public/USIdata/nova-chodzieska/nova-chodzieska-2-warszawa-zerzen/usi_rp_14106.json,2026-05-25T02:06:00.053907,2026-06-02T23:12:42.245621,v0.7.0+
rp,/Volumes/Samsam/Public/USIdata/nova-chodzieska/nova-zabielska-2-warszawa-las/usi_rp_18865.json,2026-05-25T02:06:00.058754,2026-06-02T23:12:42.253958,v0.7.0+
rp,/Volumes/Samsam/Public/USIdata/nova-chodzieska/nova-zabielska-warszawa-las/usi_rp_16024.json,2026-05-25T02:06:00.063016,2026-06-02T23:12:42.259551,v0.7.0+
oto,/Volumes/Samsam/Public/USIdata/nova-development-sp-z-o-o/apartamenty-przystan-olecko/usi_oto_4zC97.json,2026-05-25T02:06:00.048449,2026-05-25T02:06:00.048451,v0.7.0+
rp,/Volumes/Samsam/Public/USIdata/nova-home-sp-z-oo/mickiewicza-ciechocinek/usi_rp_17822.json,2026-05-25T02:06:00.044003,2026-06-02T23:12:42.238875,v0.7.0+
oto,/Volumes/Samsam/Public/USIdata/novaform-polska/kolejova-1/usi_oto_4pews.json,2026-05-25T02:06:00.035875,2026-05-25T02:06:00.035876,v0.7.0+
oto,/Volumes/Samsam/Public/USIdata/novaform-polska/nove-olendry-etap-3/usi_oto_4oj8o.json,2026-05-25T02:06:00.040048,2026-05-25T02:06:00.040050,v0.7.0+
oto,/Volumes/Samsam/Public/USIdata/novaform-polska-sp-z-o-o/svaran/usi_oto_4tn3l.json,2026-05-25T02:06:00.032198,2026-05-25T02:06:00.032200,v0.7.0+
rp,/Volumes/Samsam/Public/USIdata/novaform-polska-sp-zoo/nove-olendry-etap-3-poznan-naramowice/usi_rp_16554.json,2026-05-25T02:06:00.026027,2026-06-02T23:12:42.223929,v0.7.0+
oto,/Volumes/Samsam/Public/USIdata/novbau-bis-lukasz-nowicki/mieszkania-konwaliowa-park-milicz/usi_oto_4BbS8.json,2026-05-25T02:06:00.015104,2026-05-25T02:06:00.015111,v0.7.0+
oto,/Volumes/Samsam/Public/USIdata/novbau-bis-lukasz-nowicki/mieszkania-konwaliowa-park-milicz/usi_oto_67969120.json,2026-05-25T02:06:00.015104,2026-06-02T11:04:50.016405,v0.7.0+
oto,/Volumes/Samsam/Public/USIdata/novdom/apartamenty-macadamia/usi_oto_4rOZV.json,2026-05-25T02:05:59.984096,2026-05-25T02:05:59.984097,v0.7.0+
oto,/Volumes/Samsam/Public/USIdata/novdom/dwa-jeziora/usi_oto_4zUhW.json,2026-05-25T02:05:59.988230,2026-05-25T02:05:59.988231,v0.7.0+
oto,/Volumes/Samsam/Public/USIdata/novdom/dwa-jeziora-cd/usi_oto_4x2S8.json,2026-05-25T02:05:59.992208,2026-05-25T02:05:59.992209,v0.7.0+
oto,/Volumes/Samsam/Public/USIdata/novdom/forte-piano/usi_oto_4qj8p.json,2026-05-25T02:05:59.996439,2026-05-25T02:05:59.996441,v0.7.0+
oto,/Volumes/Samsam/Public/USIdata/novdom/osiedle-botanikow-ef/usi_oto_4tLpb.json,2026-05-25T02:06:00.000386,2026-05-25T02:06:00.000388,v0.7.0+
oto,/Volumes/Samsam/Public/USIdata/novdom/osiedle-o2/usi_oto_4o9EJ.json,2026-05-25T02:06:00.003802,2026-05-25T02:06:00.003803,v0.7.0+
oto,/Volumes/Samsam/Public/USIdata/novdom/stacja-grodzisk/usi_oto_4yzxj.json,2026-05-25T02:06:00.006954,2026-05-25T02:06:00.006956,v0.7.0+
oto,/Volumes/Samsam/Public/USIdata/novdom/stacja-grodzisk-etap-b/usi_oto_68048891.json,2026-06-02T11:04:00.693934,2026-06-02T11:04:01.107673,v0.7.0+
oto,/Volumes/Samsam/Public/USIdata/novdom/stacja-wolomin/usi_oto_4zIdn.json,2026-05-25T02:06:00.010032,2026-05-25T02:06:00.010034,v0.7.0+
rp,/Volumes/Samsam/Public/USIdata/novdom-sp-z-oo/apartamenty-macadamia-olsztyn/usi_rp_15590.json,2026-05-25T02:05:59.881556,2026-06-02T23:12:41.986563,v0.7.0+
rp,/Volumes/Samsam/Public/USIdata/novdom-sp-z-oo/apartamenty-sonata-ii-szczytno/usi_rp_15264.json,2026-05-25T02:05:59.886624,2026-06-02T23:12:41.994601,v0.7.0+
rp,/Volumes/Samsam/Public/USIdata/novdom-sp-z-oo/apartamenty-sonata-iii-szczycienski/usi_rp_19141.json,2026-05-25T02:05:59.890163,2026-06-02T23:12:42.002363,v0.7.0+
rp,/Volumes/Samsam/Public/USIdata/novdom-sp-z-oo/apartamenty-sonata-szczycienski-szczytno/usi_rp_12947.json,2026-05-25T02:05:59.893623,2026-06-02T23:12:42.009328,v0.7.0+
rp,/Volumes/Samsam/Public/USIdata/novdom-sp-z-oo/bianco-olsztyn/usi_rp_15653.json,2026-05-25T02:05:59.897883,2026-06-02T23:12:42.017388,v0.7.0+
rp,/Volumes/Samsam/Public/USIdata/novdom-sp-z-oo/dwa-jeziora-cd-olsztyn-gutkowo/usi_rp_19290.json,2026-05-25T02:05:59.906840,2026-06-02T23:12:42.032067,v0.7.0+
rp,/Volumes/Samsam/Public/USIdata/novdom-sp-z-oo/fregata-olsztyn/usi_rp_12805.json,2026-05-25T02:05:59.913130,2026-06-02T23:12:42.047300,v0.7.0+
rp,/Volumes/Samsam/Public/USIdata/novdom-sp-z-oo/harcerska-8-ciechanowski-ciechanow/usi_rp_12967.json,2026-05-25T02:05:59.915889,2026-06-02T23:12:42.055393,v0.7.0+
rp,/Volumes/Samsam/Public/USIdata/novdom-sp-z-oo/makowe-tarasy-makowski-makow-mazowiecki/usi_rp_8809.json,2026-05-25T02:05:59.922714,2026-06-02T23:12:42.070652,v0.7.0+
rp,/Volumes/Samsam/Public/USIdata/novdom-sp-z-oo/o2-osiedle-plonsk/usi_rp_15655.json,2026-05-25T02:05:59.925962,2026-06-02T23:12:42.078851,v0.7.0+
rp,/Volumes/Samsam/Public/USIdata/novdom-sp-z-oo/osiedle-botanikow-etap-a-przasnysz/usi_rp_16189.json,2026-05-25T02:05:59.929429,2026-06-02T23:12:42.087360,v0.7.0+
rp,/Volumes/Samsam/Public/USIdata/novdom-sp-z-oo/osiedle-botanikow-etap-e-przasnysz/usi_rp_18154.json,2026-05-25T02:05:59.937518,2026-06-02T23:12:42.101170,v0.7.0+
rp,/Volumes/Samsam/Public/USIdata/novdom-sp-z-oo/osiedle-botanikow-etap-f-przasnysz/usi_rp_18155.json,2026-05-25T02:05:59.941416,2026-06-02T23:12:42.109174,v0.7.0+
rp,/Volumes/Samsam/Public/USIdata/novdom-sp-z-oo/osiedle-klonove-ciechanow/usi_rp_13953.json,2026-05-25T02:05:59.944238,2026-06-02T23:12:42.120874,v0.7.0+
rp,/Volumes/Samsam/Public/USIdata/novdom-sp-z-oo/osiedle-morena-ii-olsztyn/usi_rp_8805.json,2026-05-25T02:05:59.947228,2026-06-02T23:12:42.128336,v0.7.0+
rp,/Volumes/Samsam/Public/USIdata/novdom-sp-z-oo/osiedle-perlowe-ciechanowski-ciechanow/usi_rp_8808.json,2026-05-25T02:05:59.958308,2026-06-02T23:12:42.156750,v0.7.0+
rp,/Volumes/Samsam/Public/USIdata/novdom-sp-z-oo/osiedle-poetow-przasnyski-przasnysz/usi_rp_11804.json,2026-05-25T02:05:59.961129,2026-06-02T23:12:42.163459,v0.7.0+
rp,/Volumes/Samsam/Public/USIdata/novdom-sp-z-oo/portville-mikolajki/usi_rp_15923.json,2026-05-25T02:05:59.963859,2026-06-02T23:12:42.172718,v0.7.0+
rp,/Volumes/Samsam/Public/USIdata/novdom-sp-z-oo/qubik-ciechanow/usi_rp_14735.json,2026-05-25T02:05:59.966592,2026-06-02T23:12:42.179831,v0.7.0+
oto,/Volumes/Samsam/Public/USIdata/novisa-development/apartamenty-przyjaciol/usi_oto_4tlgi.json,2026-05-25T02:05:59.836807,2026-05-25T02:05:59.836809,v0.7.0+
oto,/Volumes/Samsam/Public/USIdata/novisa-development/domy-na-witosa/usi_oto_4xSi3.json,2026-05-25T02:05:59.841289,2026-05-25T02:05:59.841291,v0.7.0+
oto,/Volumes/Samsam/Public/USIdata/novisa-development/manufaktura-marki-2/usi_oto_4tlhS.json,2026-05-25T02:05:59.845454,2026-05-25T02:05:59.845455,v0.7.0+
oto,/Volumes/Samsam/Public/USIdata/novisa-development/miasto-ogrod-6/usi_oto_4tli8.json,2026-05-25T02:05:59.849183,2026-05-25T02:05:59.849185,v0.7.0+
oto,/Volumes/Samsam/Public/USIdata/novisa-development/nova-magdalenka-5/usi_oto_4qXzc.json,2026-05-25T02:05:59.854049,2026-05-25T02:05:59.854051,v0.7.0+
oto,/Volumes/Samsam/Public/USIdata/novisa-development/osiedle-mlodych/usi_oto_4rTzS.json,2026-05-25T02:05:59.870345,2026-05-25T02:05:59.870347,v0.7.0+
oto,/Volumes/Samsam/Public/USIdata/novisa-development/osiedle-natura/usi_oto_4tkPw.json,2026-05-25T02:05:59.874832,2026-05-25T02:05:59.874834,v0.7.0+
oto,/Volumes/Samsam/Public/USIdata/novisa-development/zielono-mi/usi_oto_4nZ3c.json,2026-05-25T02:05:59.878135,2026-05-25T02:05:59.878136,v0.7.0+
rp,/Volumes/Samsam/Public/USIdata/novisa-development-sp-z-oo-sp-j/boska-ksawerowska-2-pabianicki-ksawerow/usi_rp_19011.json,2026-05-25T02:05:59.571239,2026-06-02T23:12:41.558249,v0.7.0+
rp,/Volumes/Samsam/Public/USIdata/novisa-development-sp-z-oo-sp-j/boska-ksawerowska-ii-lodz-ruda/usi_rp_17451.json,2026-05-25T02:05:59.574422,2026-06-02T23:12:41.566653,v0.7.0+
rp,/Volumes/Samsam/Public/USIdata/novisa-development-sp-z-oo-sp-j/boska-ksawerowska-lodz-ruda/usi_rp_17022.json,2026-05-25T02:05:59.580770,2026-06-02T23:12:41.583761,v0.7.0+
rp,/Volumes/Samsam/Public/USIdata/novisa-development-sp-z-oo-sp-j/domy-na-witosa-etap-2a-i-2b-radzymin/usi_rp_20231.json,2026-05-25T02:05:59.590654,2026-06-02T23:12:41.606841,v0.7.0+
rp,/Volumes/Samsam/Public/USIdata/novisa-development-sp-z-oo-sp-j/domy-na-witosa-radzymin/usi_rp_19500.json,2026-05-25T02:05:59.595037,2026-06-02T23:12:41.613427,v0.7.0+
rp,/Volumes/Samsam/Public/USIdata/novisa-development-sp-z-oo-sp-j/domy-przy-willowej-2-pruszkowski-falenty-nowe/usi_rp_12888.json,2026-05-25T02:05:59.600470,2026-06-02T23:12:41.621197,v0.7.0+
rp,/Volumes/Samsam/Public/USIdata/novisa-development-sp-z-oo-sp-j/domy-przy-willowej-pruszkowski-falenty-nowe/usi_rp_10152.json,2026-05-25T02:05:59.603871,2026-06-02T23:12:41.628487,v0.7.0+
rp,/Volumes/Samsam/Public/USIdata/novisa-development-sp-z-oo-sp-j/manufaktura-marki-2-etap-ii-marki/usi_rp_17755.json,2026-05-25T02:05:59.612802,2026-06-02T23:12:41.644169,v0.7.0+
rp,/Volumes/Samsam/Public/USIdata/novisa-development-sp-z-oo-sp-j/manufaktura-marki-2-etap-iii-warszawa-srodmiescie-poludniowe/usi_rp_18340.json,2026-05-25T02:05:59.616307,2026-06-02T23:12:41.652488,v0.7.0+
rp,/Volumes/Samsam/Public/USIdata/novisa-development-sp-z-oo-sp-j/manufaktura-marki-2-etap-iv-marki/usi_rp_19432.json,2026-05-25T02:05:59.621897,2026-06-02T23:12:41.659845,v0.7.0+
rp,/Volumes/Samsam/Public/USIdata/novisa-development-sp-z-oo-sp-j/manufaktura-marki-3-marki/usi_rp_14366.json,2026-05-25T02:05:59.625561,2026-06-02T23:12:41.668620,v0.7.0+
rp,/Volumes/Samsam/Public/USIdata/novisa-development-sp-z-oo-sp-j/manufaktura-marki-4-marki/usi_rp_14367.json,2026-05-25T02:05:59.640915,2026-06-02T23:12:41.675790,v0.7.0+
rp,/Volumes/Samsam/Public/USIdata/novisa-development-sp-z-oo-sp-j/manufaktura-marki-marki/usi_rp_14202.json,2026-05-25T02:05:59.662063,2026-06-02T23:12:41.682207,v0.7.0+
rp,/Volumes/Samsam/Public/USIdata/novisa-development-sp-z-oo-sp-j/miasto-ogrod-6-helsinki-ozarow-mazowiecki/usi_rp_17129.json,2026-05-25T02:05:59.703429,2026-06-02T23:12:41.722990,v0.7.0+
rp,/Volumes/Samsam/Public/USIdata/novisa-development-sp-z-oo-sp-j/miasto-ogrod-6-ozarow-mazowiecki/usi_rp_16455.json,2026-05-25T02:05:59.707045,2026-06-02T23:12:41.730459,v0.7.0+
rp,/Volumes/Samsam/Public/USIdata/novisa-development-sp-z-oo-sp-j/nova-magdalenka-3-pruszkowski-slomin/usi_rp_13410.json,2026-05-25T02:05:59.715810,2026-06-02T23:12:41.745120,v0.7.0+
rp,/Volumes/Samsam/Public/USIdata/novisa-development-sp-z-oo-sp-j/nova-magdalenka-4-pruszkowski-slomin/usi_rp_14187.json,2026-05-25T02:05:59.720148,2026-06-02T23:12:41.752288,v0.7.0+
rp,/Volumes/Samsam/Public/USIdata/novisa-development-sp-z-oo-sp-j/nova-magdalenka-6-pruszkowski-slomin/usi_rp_17942.json,2026-05-25T02:05:59.726392,2026-06-02T23:12:41.768642,v0.7.0+
rp,/Volumes/Samsam/Public/USIdata/novisa-development-sp-z-oo-sp-j/nova-magdalenka-7-pruszkowski-slomin/usi_rp_18955.json,2026-05-25T02:05:59.729780,2026-06-02T23:12:41.776233,v0.7.0+
rp,/Volumes/Samsam/Public/USIdata/novisa-development-sp-z-oo-sp-j/ogrody-przyjaciol-4-warszawa-bialoleka-szamocin/usi_rp_9173.json,2026-05-25T02:05:59.738171,2026-06-02T23:12:41.796614,v0.7.0+
rp,/Volumes/Samsam/Public/USIdata/novisa-development-sp-z-oo-sp-j/ogrody-przyjaciol-5-etap-ii-warszawa-szamocin/usi_rp_17690.json,2026-05-25T02:05:59.741194,2026-06-02T23:12:41.803792,v0.7.0+
rp,/Volumes/Samsam/Public/USIdata/novisa-development-sp-z-oo-sp-j/ogrody-przyjaciol-5-warszawa-szamocin/usi_rp_17090.json,2026-05-25T02:05:59.744584,2026-06-02T23:12:41.811698,v0.7.0+
rp,/Volumes/Samsam/Public/USIdata/novisa-development-sp-z-oo-sp-j/osiedle-kolorowe-3-piaseczynski-nowa-wola/usi_rp_9424.json,2026-05-25T02:05:59.748759,2026-06-02T23:12:41.819269,v0.7.0+
rp,/Volumes/Samsam/Public/USIdata/novisa-development-sp-z-oo-sp-j/osiedle-sloneczne-sulejowek/usi_rp_17816.json,2026-05-25T02:05:59.791232,2026-06-02T23:12:41.889253,v0.7.0+
rp,/Volumes/Samsam/Public/USIdata/novisa-development-sp-z-oo-sp-j/pod-topolami-2-piaseczynski-zamienie/usi_rp_14400.json,2026-05-25T02:05:59.795624,2026-06-02T23:12:41.896330,v0.7.0+
rp,/Volumes/Samsam/Public/USIdata/novisa-development-sp-z-oo-sp-j/pod-topolami-3-piaseczynski-zamienie/usi_rp_14401.json,2026-05-25T02:05:59.798595,2026-06-02T23:12:41.904634,v0.7.0+
rp,/Volumes/Samsam/Public/USIdata/novisa-development-sp-z-oo-sp-j/pod-topolami-piaseczynski-zamienie/usi_rp_13949.json,2026-05-25T02:05:59.801613,2026-06-02T23:12:41.911649,v0.7.0+
rp,/Volumes/Samsam/Public/USIdata/novisa-development-sp-z-oo-sp-j/slow-wilanow-warszawa-kepa-zawadowska/usi_rp_17884.json,2026-05-25T02:05:59.804503,2026-06-02T23:12:41.918808,v0.7.0+
rp,/Volumes/Samsam/Public/USIdata/novisa-development-sp-z-oo-sp-j/wilgi-park-2-piaseczynski-zgorzala/usi_rp_13122.json,2026-05-25T02:05:59.807309,2026-06-02T23:12:41.925907,v0.7.0+
rp,/Volumes/Samsam/Public/USIdata/novisa-development-sp-z-oo-sp-j/wilgi-park-piaseczynski-zgorzala/usi_rp_10428.json,2026-05-25T02:05:59.810180,2026-06-02T23:12:41.932612,v0.7.0+
rp,/Volumes/Samsam/Public/USIdata/novisa-development-sp-z-oo-sp-j/wille-przy-lesie-piaseczynski/usi_rp_18318.json,2026-05-25T02:05:59.813665,2026-06-02T23:12:41.940455,v0.7.0+
rp,/Volumes/Samsam/Public/USIdata/novisa-development-sp-z-oo-sp-j/zielone-ogrody-etap-ii-lodz-chojny/usi_rp_18405.json,2026-05-25T02:05:59.817464,2026-06-02T23:12:41.947275,v0.7.0+
rp,/Volumes/Samsam/Public/USIdata/novisa-development-sp-z-oo-sp-j/zielone-ogrody-lodz-chojny/usi_rp_17021.json,2026-05-25T02:05:59.821263,2026-06-02T23:12:41.955702,v0.7.0+
rp,/Volumes/Samsam/Public/USIdata/novisa-development-sp-z-oo-sp-j/zielono-mi-etap-v-piaseczynski-podolszyn/usi_rp_18395.json,2026-05-25T02:05:59.825475,2026-06-02T23:12:41.961780,v0.7.0+
rp,/Volumes/Samsam/Public/USIdata/novisa-development-sp-z-oo-sp-j/zielono-mi-etap-vi-piaseczynski-podolszyn/usi_rp_18397.json,2026-05-25T02:05:59.830434,2026-06-02T23:12:41.969676,v0.7.0+
rp,/Volumes/Samsam/Public/USIdata/novisa-development-sp-z-oo-sp-j/zielono-mi-piaseczynski/usi_rp_16505.json,2026-05-25T02:05:59.833565,2026-06-02T23:12:41.977836,v0.7.0+
rp,/Volumes/Samsam/Public/USIdata/nowa-bud-spz-oo/warszawskie-mazury-serock/usi_rp_18572.json,2026-05-25T02:05:59.556934,2026-06-02T23:12:41.512524,v0.7.0+
oto,/Volumes/Samsam/Public/USIdata/nowa-deweloper/nowa-czestochowa-malopolska/usi_oto_4r7ej.json,2026-05-25T02:05:59.540726,2026-05-25T02:05:59.540728,v0.7.0+
oto,/Volumes/Samsam/Public/USIdata/nowa-deweloper/nowy-reden/usi_oto_4ruoW.json,2026-05-25T02:05:59.545294,2026-05-25T02:05:59.545296,v0.7.0+
oto,/Volumes/Samsam/Public/USIdata/nowa-deweloper/nowy-reden-ii-oferta/usi_oto_4B6zi.json,2026-05-25T02:05:59.548782,2026-05-25T02:05:59.548784,v0.7.0+
oto,/Volumes/Samsam/Public/USIdata/nowa-deweloper/nowy-reden-ii-oferta/usi_oto_67948732.json,2026-05-25T02:05:59.548782,2026-06-02T11:05:01.412678,v0.7.0+
oto,/Volumes/Samsam/Public/USIdata/nowa-deweloper/nowy-sosnowiec/usi_oto_4sMD2.json,2026-05-25T02:05:59.553357,2026-05-25T02:05:59.553359,v0.7.0+
oto,/Volumes/Samsam/Public/USIdata/nowa-lesna-sp-z-o-o/nowa-lesna/usi_oto_4zk6e.json,2026-05-25T02:05:59.536130,2026-05-25T02:05:59.536132,v0.7.0+
rp,/Volumes/Samsam/Public/USIdata/nowa-slodownia-sp-z-oo/nowa-slodownia-etap-ii-nysa/usi_rp_15342.json,2026-05-25T02:05:59.527315,2026-06-02T23:12:41.485642,v0.7.0+
rp,/Volumes/Samsam/Public/USIdata/nowa-slodownia-sp-z-oo/nowa-slodownia-etap-iii-nysa/usi_rp_17238.json,2026-05-25T02:05:59.532394,2026-06-02T23:12:41.496509,v0.7.0+
oto,/Volumes/Samsam/Public/USIdata/nowe-centrum-wrzesnia/nowe-centrum-wrzesnia/usi_oto_4hJSZ.json,2026-05-25T02:05:59.504941,2026-05-25T02:05:59.504942,v0.7.0+
oto,/Volumes/Samsam/Public/USIdata/nowe-mlyny-radzewa-sp-z-o-o/nowe-mlyny-konarskie-wyjatkowe-domy-w-zabudowie-blizniaczej/usi_oto_4yQpO.json,2026-05-25T02:05:59.496409,2026-05-25T02:05:59.496411,v0.7.0+
oto,/Volumes/Samsam/Public/USIdata/nowe-mlyny-radzewa-sp-z-o-o/nowe-mlyny-radzewa/usi_oto_4fo90.json,2026-05-25T02:05:59.501491,2026-05-25T02:05:59.501492,v0.7.0+
rp,/Volumes/Samsam/Public/USIdata/nowe-winiary/nowe-winiary-gniezno/usi_rp_15036.json,2026-05-25T02:05:59.493094,2026-06-02T23:12:41.436954,v0.7.0+
oto,/Volumes/Samsam/Public/USIdata/nowhouse-sp-z-o-o/arte-reside/usi_oto_4qreX.json,2026-05-25T02:05:59.487844,2026-05-25T02:05:59.487845,v0.7.0+
rp,/Volumes/Samsam/Public/USIdata/nowum-wolbrom/budynek-miechowska-wolbrom/usi_rp_15042.json,2026-05-25T02:05:59.480768,2026-06-02T23:12:41.416594,v0.7.0+
rp,/Volumes/Samsam/Public/USIdata/nowy-dom-deweloper/zielona-strefa-grudziadz/usi_rp_15489.json,2026-05-25T02:05:59.477575,2026-06-02T23:12:41.407725,v0.7.0+
oto,/Volumes/Samsam/Public/USIdata/nowy-drewhome-sp-z-o-o/nad-kamieniczanka-zielona-enklawa-centrum-bielska-bialej/usi_oto_4BhXl.json,2026-05-25T02:05:59.472667,2026-05-25T02:05:59.472669,v0.7.0+
oto,/Volumes/Samsam/Public/USIdata/nowy-drewhome-sp-z-o-o/nad-kamieniczanka-zielona-enklawa-centrum-bielska-bialej/usi_oto_67992507.json,2026-05-25T02:05:59.472667,2026-06-02T11:04:38.609179,v0.7.0+
oto,/Volumes/Samsam/Public/USIdata/nowy-swiat-park-residence/bielnik-park-residence/usi_oto_4fk6p.json,2026-05-25T02:05:59.453037,2026-05-25T02:05:59.453038,v0.7.0+
oto,/Volumes/Samsam/Public/USIdata/ns-nieruchomosci-sp-z-o-o/apartamenty-na-wesolej/usi_oto_4rU8c.json,2026-05-25T02:05:59.445268,2026-05-25T02:05:59.445269,v0.7.0+
to,/Volumes/Samsam/Public/USIdata/nuhomes/ogrody-reymonta-wladyslawa-reymonta-niemcz-mieszkania-na-sprzedaz/usi_to_9210405.json,2026-05-25T02:04:59.065665,2026-05-25T02:04:59.065668,v0.7.0+
oto,/Volumes/Samsam/Public/USIdata/oaza-opatkowice-sp-z-o-o/oaza-opatkowice/usi_oto_4yUPg.json,2026-05-25T02:05:59.429743,2026-05-25T02:05:59.429744,v0.7.0+
oto,/Volumes/Samsam/Public/USIdata/okam-capital/cityflow/usi_oto_4jwVx.json,2026-05-25T02:05:59.403639,2026-05-25T02:05:59.403641,v0.7.0+
oto,/Volumes/Samsam/Public/USIdata/okam-capital/inspire/usi_oto_4jJWR.json,2026-05-25T02:05:59.408136,2026-05-25T02:05:59.408138,v0.7.0+
oto,/Volumes/Samsam/Public/USIdata/okam-capital/now-dowborczykow-18/usi_oto_4nOv1.json,2026-05-25T02:05:59.411120,2026-05-25T02:05:59.411122,v0.7.0+
oto,/Volumes/Samsam/Public/USIdata/okam-capital/strefa-progress/usi_oto_4eiGy.json,2026-05-25T02:05:59.414070,2026-05-25T02:05:59.414071,v0.7.0+
oto,/Volumes/Samsam/Public/USIdata/okam-capital/warzelnia-by-bohema/usi_oto_4mxXV.json,2026-05-25T02:05:59.417970,2026-05-25T02:05:59.417972,v0.7.0+
rp,/Volumes/Samsam/Public/USIdata/okam-capital-sp-z-oo/bohema-strefa-praga-warszawa-praga-polnoc/usi_rp_13307.json,2026-05-25T02:05:59.347661,2026-06-02T23:12:41.227262,v0.7.0+
to,/Volumes/Samsam/Public/USIdata/okamcapital/cityflow-redutowa-9-warszawa-wola-ulrychow-mieszkania-na-sprzedaz/usi_to_8620262.json,2026-05-25T02:04:59.051765,2026-05-25T02:04:59.051767,v0.7.0+
to,/Volumes/Samsam/Public/USIdata/okre/dolna-gorna-wilda-poznan-wilda-mieszkania-na-sprzedaz/usi_to_9075634.json,2026-05-25T02:04:59.046849,2026-05-25T02:04:59.046852,v0.7.0+
oto,/Volumes/Samsam/Public/USIdata/okre-by-koramic/dolna-gorna-wilda-zyj-pelnia-poznania/usi_oto_4yUs4.json,2026-05-25T02:05:59.334110,2026-05-25T02:05:59.334112,v0.7.0+
oto,/Volumes/Samsam/Public/USIdata/okre-development/solna-6/usi_oto_4mxVe.json,2026-05-25T02:05:59.327582,2026-05-25T02:05:59.327584,v0.7.0+
rp,/Volumes/Samsam/Public/USIdata/okre-development-sp-z-oo/rynek-wildecki-3-poznan-wilda-osiedle-wilda/usi_rp_9658.json,2026-05-25T02:05:59.317434,2026-06-02T23:12:41.198611,v0.7.0+
oto,/Volumes/Samsam/Public/USIdata/okre-sudecka-spolka-z-ograniczona-odpowiedzialnoscia/sudea-najlepsze-miejsce-do-zycia-we-wroclawiu/usi_oto_4yCJ9.json,2026-05-25T02:05:59.302181,2026-05-25T02:05:59.302183,v0.7.0+
oto,/Volumes/Samsam/Public/USIdata/oktan-bir-brzescy-sp-z-o-o/ostoya-pucka/usi_oto_43zRQ.json,2026-05-25T02:05:59.297699,2026-05-25T02:05:59.297700,v0.7.0+
rp,/Volumes/Samsam/Public/USIdata/olivia-home-sp-z-oo/platynowa-park-gdansk-orunia-gorna-gdansk-poludnie/usi_rp_15012.json,2026-05-25T02:05:59.290987,2026-06-02T23:12:41.170955,v0.7.0+
oto,/Volumes/Samsam/Public/USIdata/olivia-pulse/olivia-pulse-apartamenty-inwestycyjne/usi_oto_4AqrJ.json,2026-05-25T02:05:59.278014,2026-05-25T02:05:59.278016,v0.7.0+
oto,/Volumes/Samsam/Public/USIdata/oliwski-dwor-sp-z-o-o/oliwski-dwor-apartamenty-inwestycyjne/usi_oto_4tBmy.json,2026-05-25T02:05:59.272112,2026-05-25T02:05:59.272114,v0.7.0+
oto,/Volumes/Samsam/Public/USIdata/olmark/apartamenty-dzierzonia/usi_oto_4svxk.json,2026-05-25T02:05:59.255143,2026-05-25T02:05:59.255145,v0.7.0+
oto,/Volumes/Samsam/Public/USIdata/olx/inwestycja-testowa/usi_oto_4tfDU.json,2026-05-25T02:05:59.250528,2026-05-25T02:05:59.250529,v0.7.0+
oto,/Volumes/Samsam/Public/USIdata/omd-development-sp-z-o-o/inwestycja-ksiecia-witolda-16-warszawa-rembertow/usi_oto_4dVTF.json,2026-05-25T02:05:59.248370,2026-05-25T02:05:59.248371,v0.7.0+
oto,/Volumes/Samsam/Public/USIdata/omega-buildings/2m-apartments-wroclaw/usi_oto_4766M.json,2026-05-25T02:05:59.244699,2026-05-25T02:05:59.244701,v0.7.0+
oto,/Volumes/Samsam/Public/USIdata/omega-lake-apartments/omega-lake-apartments/usi_oto_4g9br.json,2026-05-25T02:05:59.208318,2026-05-25T02:05:59.208319,v0.7.0+
oto,/Volumes/Samsam/Public/USIdata/omega-osada-sportowa-sp-z-o-o-sp-k/osada-sportowa-budynek-g/usi_oto_4pmRl.json,2026-05-25T02:05:59.205259,2026-05-25T02:05:59.205261,v0.7.0+
rp,/Volumes/Samsam/Public/USIdata/omega-roman-wilanowski-i-magdalena-wilanowska/rozany-wilanow-kutno/usi_rp_15209.json,2026-05-25T02:05:59.202141,2026-06-02T23:12:41.073889,v0.7.0+
oto,/Volumes/Samsam/Public/USIdata/omj-invest/miedziowe-malomice/usi_oto_4yQre.json,2026-05-25T02:05:59.198089,2026-05-25T02:05:59.198090,v0.7.0+
rp,/Volumes/Samsam/Public/USIdata/onyksowa-design-sp-z-oo/onyksowa-designe-lublin/usi_rp_14114.json,2026-05-25T02:05:59.193878,2026-06-02T23:12:41.066097,v0.7.0+
rp,/Volumes/Samsam/Public/USIdata/onyx-development-sp-z-oo-sp-k/bulwary-apartamenty-pila/usi_rp_18890.json,2026-05-25T02:05:59.186145,2026-06-02T23:12:41.049646,v0.7.0+
rp,/Volumes/Samsam/Public/USIdata/onyx-development-sp-z-oo-sp-k/nowa-fregata-inowroclaw/usi_rp_15502.json,2026-05-25T02:05:59.190416,2026-06-02T23:12:41.058245,v0.7.0+
oto,/Volumes/Samsam/Public/USIdata/onyx-holding-sp-z-o-o/apartamenty-bulwary/usi_oto_4u3Yw.json,2026-05-25T02:05:59.177959,2026-05-25T02:05:59.177960,v0.7.0+
oto,/Volumes/Samsam/Public/USIdata/onyx-holding-sp-z-o-o/nowa-fregata-solanki-inowroclaw/usi_oto_4u3XU.json,2026-05-25T02:05:59.182703,2026-05-25T02:05:59.182705,v0.7.0+
oto,/Volumes/Samsam/Public/USIdata/opal-prestige/ville-garden/usi_oto_4txtm.json,2026-05-25T02:05:59.174647,2026-05-25T02:05:59.174648,v0.7.0+
oto,/Volumes/Samsam/Public/USIdata/opg-orange-park-sp-z-o-o/art-modern/usi_oto_4xyvp.json,2026-05-25T02:05:59.164580,2026-05-25T02:05:59.164581,v0.7.0+
oto,/Volumes/Samsam/Public/USIdata/opm1-sp-z-o-o/osiedle-kochanowskiego-29/usi_oto_4nJCo.json,2026-05-25T02:05:59.145020,2026-05-25T02:05:59.145022,v0.7.0+
rp,/Volumes/Samsam/Public/USIdata/opo-rezydecje/opo-rezydencje-wroclaw-oporow/usi_rp_15799.json,2026-05-25T02:05:59.141381,2026-06-02T23:12:40.991043,v0.7.0+
rp,/Volumes/Samsam/Public/USIdata/optal-developer/osiedle-filmowe-etap-v-bydgoszcz/usi_rp_17142.json,2026-05-25T02:05:59.139828,2026-06-02T23:12:40.987555,v0.7.0+
oto,/Volumes/Samsam/Public/USIdata/optibud-sp-z-o-o/sloneczne-tarasy-nowy-sacz/usi_oto_4y1Vx.json,2026-05-25T02:05:59.135616,2026-05-25T02:05:59.135617,v0.7.0+
rp,/Volumes/Samsam/Public/USIdata/optimum-inwestycje-optimum-sp-z-oo-sp-komandytowa/pod-orlem-krakowski-beblo/usi_rp_18034.json,2026-05-25T02:05:59.132369,2026-06-02T23:12:40.979976,v0.7.0+
rp,/Volumes/Samsam/Public/USIdata/optimum-nieruchomosci/apartamenty-parkove-love-lodz-baluty-doly/usi_rp_15910.json,2026-05-25T02:05:59.114682,2026-06-02T23:12:40.938979,v0.7.0+
rp,/Volumes/Samsam/Public/USIdata/optimum-nieruchomosci/nova-radiostacja-apartamenty-inwestycyjne-lodz-srodmiescie-wschod/usi_rp_17990.json,2026-05-25T02:05:59.118702,2026-06-02T23:12:40.945855,v0.7.0+
oto,/Volumes/Samsam/Public/USIdata/optimum-property/blisko-apartamenty-grota/usi_oto_4iQTk.json,2026-05-25T02:05:59.090814,2026-05-25T02:05:59.090816,v0.7.0+
oto,/Volumes/Samsam/Public/USIdata/optimum-property/nova-radiostacja/usi_oto_4B4ty.json,2026-05-25T02:05:59.096169,2026-05-25T02:05:59.096170,v0.7.0+
oto,/Volumes/Samsam/Public/USIdata/optimum-property/nova-radiostacja/usi_oto_67940688.json,2026-05-25T02:05:59.096169,2026-06-02T11:05:07.275111,v0.7.0+
oto,/Volumes/Samsam/Public/USIdata/optimum-property/och-widzew/usi_oto_4B4r8.json,2026-05-25T02:05:59.101047,2026-05-25T02:05:59.101048,v0.7.0+
oto,/Volumes/Samsam/Public/USIdata/optimum-property/och-widzew/usi_oto_67940538.json,2026-05-25T02:05:59.101047,2026-06-02T11:05:07.813645,v0.7.0+
oto,/Volumes/Samsam/Public/USIdata/optimum-property/parkove-love/usi_oto_4B4tH.json,2026-05-25T02:05:59.105353,2026-05-25T02:05:59.105355,v0.7.0+
oto,/Volumes/Samsam/Public/USIdata/optimum-property/parkove-love/usi_oto_67940697.json,2026-05-25T02:05:59.105353,2026-06-02T11:05:06.578700,v0.7.0+
oto,/Volumes/Samsam/Public/USIdata/optymist-1-grupa-inwestycyjna-sp-z-o-o/porto-zeran/usi_oto_4B5XO.json,2026-05-25T02:05:59.086153,2026-05-25T02:05:59.086155,v0.7.0+
oto,/Volumes/Samsam/Public/USIdata/optymist-1-grupa-inwestycyjna-sp-z-o-o/porto-zeran/usi_oto_67946408.json,2026-05-25T02:05:59.086153,2026-06-02T11:05:03.951297,v0.7.0+
oto,/Volumes/Samsam/Public/USIdata/ordona-7-sp-z-o-o/ordona7-apartamenty/usi_oto_4zD8w.json,2026-05-25T02:05:59.081224,2026-05-25T02:05:59.081226,v0.7.0+
rp,/Volumes/Samsam/Public/USIdata/orion-development/inspiro-lodz-baluty-centrum/usi_rp_15202.json,2026-05-25T02:05:59.077619,2026-06-02T23:12:40.865747,v0.7.0+
rp,/Volumes/Samsam/Public/USIdata/orion-przedsiebiorstwo-produkcyjno-handlowe/osiedle-jemioluszki-lublin/usi_rp_14579.json,2026-05-25T02:05:59.069061,2026-06-02T23:12:40.848578,v0.7.0+
rp,/Volumes/Samsam/Public/USIdata/orion-przedsiebiorstwo-produkcyjno-handlowe/osiedle-narcyzowe-etap-2-lublin-ponikwoda/usi_rp_19376.json,2026-05-25T02:05:59.074125,2026-06-02T23:12:40.857817,v0.7.0+
rp,/Volumes/Samsam/Public/USIdata/orlex/bolszewo-wejherowski-bolszewo/usi_rp_14610.json,2026-05-25T02:05:59.061667,2026-06-02T23:12:40.833721,v0.7.0+
rp,/Volumes/Samsam/Public/USIdata/orlex/zielone-blonia-iii-rumia/usi_rp_18771.json,2026-05-25T02:05:59.065343,2026-06-02T23:12:40.840883,v0.7.0+
oto,/Volumes/Samsam/Public/USIdata/orlex-danuta-gebarowska/goscicino-morelowa/usi_oto_4etY3.json,2026-05-25T02:05:59.046799,2026-05-25T02:05:59.046801,v0.7.0+
oto,/Volumes/Samsam/Public/USIdata/orlex-danuta-gebarowska/orle-domki-etap-ii/usi_oto_4im5T.json,2026-05-25T02:05:59.050871,2026-05-25T02:05:59.050872,v0.7.0+
oto,/Volumes/Samsam/Public/USIdata/orlex-danuta-gebarowska/osiedle-bolszewo-domki-mieszkania-garaze/usi_oto_47D1D.json,2026-05-25T02:05:59.053824,2026-05-25T02:05:59.053825,v0.7.0+
oto,/Volumes/Samsam/Public/USIdata/orlex-danuta-gebarowska/wladyslawowo-ul-morelowa-etap-iii/usi_oto_4k6x0.json,2026-05-25T02:05:59.057678,2026-05-25T02:05:59.057680,v0.7.0+
rp,/Volumes/Samsam/Public/USIdata/orlex-invest/rumia-osiedle-zielone-zacisze-rumia/usi_rp_18653.json,2026-05-25T02:05:59.040403,2026-06-02T23:12:40.813838,v0.7.0+
rp,/Volumes/Samsam/Public/USIdata/orlex-invest/stacja-grabowek-gdynia/usi_rp_14613.json,2026-05-25T02:05:59.043950,2026-06-02T23:12:40.824606,v0.7.0+
oto,/Volumes/Samsam/Public/USIdata/orlex-mg-janowo-ii-sp-z-o-o/rumia-zielone-blonia-ii/usi_oto_4zfKi.json,2026-05-25T02:05:59.020142,2026-05-25T02:05:59.020143,v0.7.0+
oto,/Volumes/Samsam/Public/USIdata/orlex-mg-janowo-ii-sp-z-o-o/rumia-zielone-blonia-iii/usi_oto_4zb52.json,2026-05-25T02:05:59.024547,2026-05-25T02:05:59.024549,v0.7.0+
rp,/Volumes/Samsam/Public/USIdata/orzel-koscielisko-sp-z-oo/enklawa-polany-etap-ii-tatrzanski-koscielisko/usi_rp_16460.json,2026-05-25T02:05:59.015879,2026-06-02T23:12:40.779417,v0.7.0+
rp,/Volumes/Samsam/Public/USIdata/osiedla-sogo/osiedle-lesnica-las-dolnoslaskie-sredzki-mrozow/usi_rp_14970.json,2026-05-25T02:05:58.992839,2026-06-02T23:12:40.737347,v0.7.0+
rp,/Volumes/Samsam/Public/USIdata/osiedla-sogo/osiedle-przyjazne-quart-etap-iv-dolnoslaskie-sredzki-wroblowice/usi_rp_16563.json,2026-05-25T02:05:58.999819,2026-06-02T23:12:40.752659,v0.7.0+
rp,/Volumes/Samsam/Public/USIdata/osiedla-sogo/osiedle-smolec-wroclawski-smolec/usi_rp_7659.json,2026-05-25T02:05:59.002798,2026-06-02T23:12:40.762266,v0.7.0+
oto,/Volumes/Samsam/Public/USIdata/osiedla-sogo/osiedle-tymiankowe-krzeptow-przy-lesie/usi_oto_4tkJD.json,2026-05-25T02:05:59.005683,2026-05-25T02:05:59.005684,v0.7.0+
oto,/Volumes/Samsam/Public/USIdata/osiedla-sogo/wykonczone-pod-klucz-od-36m-do-83m-osiedle-krzeptow-przy-lesie/usi_oto_4vW4q.json,2026-05-25T02:05:59.012838,2026-05-25T02:05:59.012840,v0.7.0+
rp,/Volumes/Samsam/Public/USIdata/osiedle-archipelag/osiedle-archipelag-rumia/usi_rp_17835.json,2026-05-25T02:05:58.980242,2026-06-02T23:12:40.541580,v0.7.0+
oto,/Volumes/Samsam/Public/USIdata/osiedle-browarna-spolka-z-ograniczona-odpowiedzialnoscia/sielec-renarda-etap-ii/usi_oto_4fjz9.json,2026-05-25T02:05:58.974036,2026-05-25T02:05:58.974038,v0.7.0+
oto,/Volumes/Samsam/Public/USIdata/osiedle-dolna-park/dolna-park/usi_oto_4tvYz.json,2026-05-25T02:05:58.968817,2026-05-25T02:05:58.968819,v0.7.0+
oto,/Volumes/Samsam/Public/USIdata/osiedle-fi3-megapolis-sp-z-o-o-spolka-komandytowa/osiedle-fi/usi_oto_4yBrQ.json,2026-05-25T02:05:58.963783,2026-05-25T02:05:58.963785,v0.7.0+
oto,/Volumes/Samsam/Public/USIdata/osiedle-kopenhaga-development-sp-z-o-o/osiedle-flowers-garden/usi_oto_4B08u.json,2026-05-25T02:05:58.953441,2026-05-25T02:05:58.953444,v0.7.0+
oto,/Volumes/Samsam/Public/USIdata/osiedle-kopenhaga-development-sp-z-o-o/osiedle-flowers-garden/usi_oto_67924006.json,2026-05-25T02:05:58.953441,2026-06-02T11:05:14.063585,v0.7.0+
rp,/Volumes/Samsam/Public/USIdata/osiedle-malownicze-sp-z-oo-sp-k/osiedle-malownicze-cz-ii-wroclaw-marszowice/usi_rp_16257.json,2026-05-25T02:05:58.943714,2026-06-02T23:12:40.517575,v0.7.0+
rp,/Volumes/Samsam/Public/USIdata/osiedle-na-gornej/osiedle-na-gornej-etap-iv-kielce/usi_rp_14963.json,2026-05-25T02:05:58.931141,2026-06-02T23:12:40.485521,v0.7.0+
oto,/Volumes/Samsam/Public/USIdata/osiedle-natura-soltykow-sp-z-o-o/osiedle-natura-soltykow/usi_oto_4sCTt.json,2026-05-25T02:05:58.920353,2026-05-25T02:05:58.920355,v0.7.0+
oto,/Volumes/Samsam/Public/USIdata/osiedle-parkowa-ii/chelmonskiego-14a/usi_oto_4xjfY.json,2026-05-25T02:05:58.911543,2026-05-25T02:05:58.911544,v0.7.0+
oto,/Volumes/Samsam/Public/USIdata/osiedle-parkowa-ii/osiedle-parkowa-ii-przy-parku-hajda/usi_oto_4rWQM.json,2026-05-25T02:05:58.916005,2026-05-25T02:05:58.916007,v0.7.0+
to,/Volumes/Samsam/Public/USIdata/osiedle-pod-jeleniami/osiedle-pod-jeleniami-kadetow-2-jelenia-gora-srodmiescie-mieszkania-na-sprzedaz/usi_to_9236923.json,2026-05-25T02:04:59.023787,2026-05-25T02:04:59.023789,v0.7.0+
oto,/Volumes/Samsam/Public/USIdata/osiedle-pod-jeleniami-sp-z-o-o/pod-jeleniami/usi_oto_4tDsn.json,2026-05-25T02:05:58.902801,2026-05-25T02:05:58.902803,v0.7.0+
oto,/Volumes/Samsam/Public/USIdata/osiedle-przy-krobinskiej/osiedle-przy-krobinskiej/usi_oto_4tgPU.json,2026-05-25T02:05:58.900428,2026-05-25T02:05:58.900429,v0.7.0+
oto,/Volumes/Samsam/Public/USIdata/osiedle-przy-mokrej-sp-z-o-o/osiedle-przy-mokrej/usi_oto_4p29A.json,2026-05-25T02:05:58.896142,2026-05-25T02:05:58.896143,v0.7.0+
oto,/Volumes/Samsam/Public/USIdata/osiedle-przyszlosc/osiedle-przyszlosc/usi_oto_4crJ8.json,2026-05-25T02:05:58.891095,2026-05-25T02:05:58.891096,v0.7.0+
oto,/Volumes/Samsam/Public/USIdata/osiedle-przyszlosc/osiedle-przyszlosc-mieszkania-gotowe-do-odbioru/usi_oto_4crJ8.json,2026-05-25T02:04:59.016328,2026-05-25T02:04:59.016330,v0.7.0+
rp,/Volumes/Samsam/Public/USIdata/osiedle-uniwersyteckie-sp-z-oo/sniezna-osiedle-nad-przemsza-sosnowiec/usi_rp_19149.json,2026-05-25T02:05:58.886856,2026-06-02T23:12:40.451867,v0.7.0+
rp,/Volumes/Samsam/Public/USIdata/osiedle-witaj/osiedle-witaj-etap-ii-poznan-naramowice/usi_rp_16859.json,2026-05-25T02:05:58.878791,2026-06-02T23:12:40.435568,v0.7.0+
rp,/Volumes/Samsam/Public/USIdata/osiedle-witaj/osiedle-witaj-poznan-naramowice/usi_rp_14043.json,2026-05-25T02:05:58.883095,2026-06-02T23:12:40.443654,v0.7.0+
oto,/Volumes/Samsam/Public/USIdata/osielsko-residence/osielsko-residence/usi_oto_4Az0C.json,2026-05-25T02:05:58.873033,2026-05-25T02:05:58.873034,v0.7.0+
oto,/Volumes/Samsam/Public/USIdata/osielsko-residence/osielsko-residence/usi_oto_67819730.json,2026-05-25T02:05:58.873033,2026-06-02T11:05:56.565049,v0.7.0+
oto,/Volumes/Samsam/Public/USIdata/osinski-i-syn/osiedle-wolnosci/usi_oto_4tGRk.json,2026-05-25T02:05:58.868826,2026-05-25T02:05:58.868827,v0.7.0+
oto,/Volumes/Samsam/Public/USIdata/owocowa-polana/owocowa-polana/usi_oto_4jaVP.json,2026-05-25T02:05:58.864794,2026-05-25T02:05:58.864796,v0.7.0+
oto,/Volumes/Samsam/Public/USIdata/ozorkowska-28-sp-z-o-o/hitower-ul-ozorkowska-28-lodz/usi_oto_4y6Ce.json,2026-05-25T02:05:58.860868,2026-05-25T02:05:58.860870,v0.7.0+
rp,/Volumes/Samsam/Public/USIdata/p-b-gorski-sp-z-oo-ska/wiezycka-folwark-etap-ii-gdansk-ujescisko-lostowice/usi_rp_16636.json,2026-05-25T02:05:58.858139,2026-06-02T23:12:40.428484,v0.7.0+
rp,/Volumes/Samsam/Public/USIdata/p-b-konstanty-strus/jurowiecka-22-bialystok/usi_rp_16568.json,2026-05-25T02:05:58.786765,2026-06-02T23:12:40.276421,v0.7.0+
rp,/Volumes/Samsam/Public/USIdata/p-b-konstanty-strus/mysliborska-iii-etap-warszawa-bialoleka-zeran/usi_rp_12963.json,2026-05-25T02:05:58.789630,2026-06-02T23:12:40.283274,v0.7.0+
rp,/Volumes/Samsam/Public/USIdata/p-b-konstanty-strus/nocznickiego-29-bud-a-warszawa-wawrzyszew/usi_rp_16356.json,2026-05-25T02:05:58.792472,2026-06-02T23:12:40.289679,v0.7.0+
rp,/Volumes/Samsam/Public/USIdata/p-b-konstanty-strus/podskarbinska-28-warszawa-grochow/usi_rp_15880.json,2026-05-25T02:05:58.795372,2026-06-02T23:12:40.296023,v0.7.0+
rp,/Volumes/Samsam/Public/USIdata/p-b-konstanty-strus/wynalazek-3a-warszawa-mokotow-sluzewiec/usi_rp_13188.json,2026-05-25T02:05:58.802229,2026-06-02T23:12:40.312681,v0.7.0+
oto,/Volumes/Samsam/Public/USIdata/p-b-m-elzambud-sp-z-o-o/grunwaldzki-duet/usi_oto_4u3y3.json,2026-05-25T02:05:58.776386,2026-05-25T02:05:58.776388,v0.7.0+
oto,/Volumes/Samsam/Public/USIdata/p-b-o-trojan-sp-z-o-o/myslowice-kwiatowa/usi_oto_4wNbm.json,2026-05-25T02:05:58.762435,2026-05-25T02:05:58.762437,v0.7.0+
oto,/Volumes/Samsam/Public/USIdata/p-b-o-trojan-sp-z-o-o/osiedle-biala-dama/usi_oto_4nSSN.json,2026-05-25T02:05:58.767744,2026-05-25T02:05:58.767745,v0.7.0+
oto,/Volumes/Samsam/Public/USIdata/p-b-o-trojan-sp-z-o-o/osiedle-sosnowa/usi_oto_4mrlr.json,2026-05-25T02:05:58.771571,2026-05-25T02:05:58.771572,v0.7.0+
oto,/Volumes/Samsam/Public/USIdata/p-b-u-jedynka-sa/nowa-akwarelowa/usi_oto_4sJDz.json,2026-05-25T02:05:58.757422,2026-05-25T02:05:58.757425,v0.7.0+
oto,/Volumes/Samsam/Public/USIdata/p-h-u-mega-sp-z-o-o/osiedle-nad-rzeka-i-etap-pakosc/usi_oto_4u6mi.json,2026-05-25T02:05:58.749226,2026-05-25T02:05:58.749228,v0.7.0+
oto,/Volumes/Samsam/Public/USIdata/p-h-u-mega-sp-z-o-o/wspolna-25-kruszwica/usi_oto_4qASe.json,2026-05-25T02:05:58.753128,2026-05-25T02:05:58.753129,v0.7.0+
oto,/Volumes/Samsam/Public/USIdata/p-k-development-spolka-z-ograniczona-odpowiedzialnoscia/zlota-jablonna/usi_oto_4znNk.json,2026-05-25T02:05:58.745065,2026-05-25T02:05:58.745067,v0.7.0+
oto,/Volumes/Samsam/Public/USIdata/p-k-inwest-house-sp-z-o-o/west-leba-nadmorskie-apartamenty/usi_oto_4pQoO.json,2026-05-25T02:05:58.740981,2026-05-25T02:05:58.740983,v0.7.0+
oto,/Volumes/Samsam/Public/USIdata/p-s-development/50-m2-gdansk-wrzeszcz-7-9-pietro-2-pokoje-widok-na-zatoke/usi_oto_4Bsdh.json,2026-05-25T02:05:58.732202,2026-05-25T02:05:58.732204,v0.7.0+
oto,/Volumes/Samsam/Public/USIdata/p-s-development/50-m2-gdansk-wrzeszcz-7-9-pietro-2-pokoje-widok-na-zatoke/usi_oto_68031935.json,2026-05-25T02:05:58.732202,2026-06-02T11:04:13.826859,v0.7.0+
oto,/Volumes/Samsam/Public/USIdata/p-s-development/74-m2-gdansk-4-pokoje-5-pietro-taras-22-m2-eksp-poluniowa/usi_oto_4Bs7Y.json,2026-05-25T02:05:58.737371,2026-05-25T02:05:58.737372,v0.7.0+
oto,/Volumes/Samsam/Public/USIdata/p-s-development/74-m2-gdansk-4-pokoje-5-pietro-taras-22-m2-eksp-poluniowa/usi_oto_68031606.json,2026-05-25T02:05:58.737371,2026-06-02T11:04:14.535503,v0.7.0+
oto,/Volumes/Samsam/Public/USIdata/p-u-b-i-lokum-spolka-z-ograniczona-odpowiedzialnoscia/apartamenty-w-zdroju-prestizowy-kompleks-mieszkaniowy-w-busku-zdroju/usi_oto_68050262.json,2026-06-02T11:03:58.464780,2026-06-02T11:03:58.889502,v0.7.0+
oto,/Volumes/Samsam/Public/USIdata/p1-mieszkania-sp-z-oo/p1-mieszkania/usi_oto_4tzLJ.json,2026-05-25T02:05:58.710920,2026-05-25T02:05:58.710921,v0.7.0+
rp,/Volumes/Samsam/Public/USIdata/p1-mieszkania-sp-z-oo/paczka-1-lublin/usi_rp_17916.json,2026-05-25T02:05:58.714633,2026-06-02T23:12:40.249880,v0.7.0+
to,/Volumes/Samsam/Public/USIdata/palladio-cieszynska/cieszynska-9-krakow-stare-miasto-mieszkania-na-sprzedaz/usi_to_8275929.json,2026-05-25T02:04:59.004408,2026-05-25T02:04:59.004411,v0.7.0+
oto,/Volumes/Samsam/Public/USIdata/palladio-cieszynska-9-pasek-paluch-sp-k/cieszynska-9/usi_oto_4vSff.json,2026-05-25T02:05:58.706894,2026-05-25T02:05:58.706895,v0.7.0+
oto,/Volumes/Samsam/Public/USIdata/panorama-jaworki-sp-z-o-o/apartamenty-panorama-budowa-rozpoczeta/usi_oto_4teS1.json,2026-05-25T02:05:58.703194,2026-05-25T02:05:58.703196,v0.7.0+
oto,/Volumes/Samsam/Public/USIdata/panorama-park-sp-z-o-o/panorama-park/usi_oto_4aVXM.json,2026-05-25T02:05:58.693822,2026-05-25T02:05:58.693823,v0.7.0+
rp,/Volumes/Samsam/Public/USIdata/park-lesny-rembertow/park-lesny-rembertow-etap-vii-warszawa-kaweczyn-wygoda/usi_rp_16559.json,2026-05-25T02:05:58.682349,2026-06-02T23:12:40.219381,v0.7.0+
rp,/Volumes/Samsam/Public/USIdata/park-lesny-rembertow/park-lesny-rembertow-etap-viii-warszawa-kaweczyn-wygoda/usi_rp_18040.json,2026-05-25T02:05:58.686137,2026-06-02T23:12:40.226386,v0.7.0+
rp,/Volumes/Samsam/Public/USIdata/park-medykow/park-medykow-katowice-zespol-dzielnic-zachodnich/usi_rp_15858.json,2026-05-25T02:05:58.663591,2026-06-02T23:12:40.182251,v0.7.0+
oto,/Volumes/Samsam/Public/USIdata/parkland-inwestycje/park-malopolska-etap-ii/usi_oto_4yY0r.json,2026-05-25T02:05:58.657001,2026-05-25T02:05:58.657003,v0.7.0+
oto,/Volumes/Samsam/Public/USIdata/parkland-inwestycje-b-g-ciepiela-spolka-komandytowa/panorama-bussines-park/usi_oto_4hMre.json,2026-05-25T02:05:58.643730,2026-05-25T02:05:58.643732,v0.7.0+
oto,/Volumes/Samsam/Public/USIdata/parkland-inwestycje-b-g-ciepiela-spolka-komandytowa/park-klonowy/usi_oto_4i3n0.json,2026-05-25T02:05:58.648984,2026-05-25T02:05:58.648986,v0.7.0+
oto,/Volumes/Samsam/Public/USIdata/parkland-inwestycje-b-g-ciepiela-spolka-komandytowa/park-malopolska/usi_oto_4ijAx.json,2026-05-25T02:05:58.653564,2026-05-25T02:05:58.653565,v0.7.0+
oto,/Volumes/Samsam/Public/USIdata/parkowa-apartments-sp-z-o-o/willa-parkowy-zakatek/usi_oto_4tNLR.json,2026-05-25T02:05:58.638222,2026-05-25T02:05:58.638223,v0.7.0+
oto,/Volumes/Samsam/Public/USIdata/partner-kdm-deweloper-spolka-z-ograniczona-odpowiedzialnoscia-spolka-komandytowa/kalisz-zlota-16/usi_oto_4yFra.json,2026-05-25T02:05:58.618406,2026-05-25T02:05:58.618407,v0.7.0+
oto,/Volumes/Samsam/Public/USIdata/partner-kdm-deweloper-spolka-z-ograniczona-odpowiedzialnoscia-spolka-komandytowa/kdm-deweloper-nowy-jarocin-ii/usi_oto_49EnR.json,2026-05-25T02:05:58.622648,2026-05-25T02:05:58.622650,v0.7.0+
oto,/Volumes/Samsam/Public/USIdata/partner-kdm-deweloper-spolka-z-ograniczona-odpowiedzialnoscia-spolka-komandytowa/osiedle-malarska/usi_oto_4c1rm.json,2026-05-25T02:05:58.626373,2026-05-25T02:05:58.626375,v0.7.0+
oto,/Volumes/Samsam/Public/USIdata/partner-kdm-deweloper-spolka-z-ograniczona-odpowiedzialnoscia-spolka-komandytowa/rodzinna-malta/usi_oto_4rg0o.json,2026-05-25T02:05:58.630353,2026-05-25T02:05:58.630354,v0.7.0+
oto,/Volumes/Samsam/Public/USIdata/partner-kdm-deweloper-spolka-z-ograniczona-odpowiedzialnoscia-spolka-komandytowa/wille-przy-lesie/usi_oto_4zb0p.json,2026-05-25T02:05:58.634423,2026-05-25T02:05:58.634425,v0.7.0+
oto,/Volumes/Samsam/Public/USIdata/passa-deweloper/passa-forest-b/usi_oto_4zDz2.json,2026-05-25T02:05:58.612344,2026-05-25T02:05:58.612345,v0.7.0+
oto,/Volumes/Samsam/Public/USIdata/patio-deweloper/willa-mirabelka-iv/usi_oto_4qJtH.json,2026-05-25T02:05:58.608494,2026-05-25T02:05:58.608496,v0.7.0+
oto,/Volumes/Samsam/Public/USIdata/patron-home-sp-z-o-o/osiedle-jaroszowa-wola/usi_oto_4n6LM.json,2026-05-25T02:05:58.602941,2026-05-25T02:05:58.602945,v0.7.0+
oto,/Volumes/Samsam/Public/USIdata/patrum-nieruchomosci-s-c/nowoczesne-zamkniete-osiedle-mieszkan-ul-lesna/usi_oto_4rHAe.json,2026-05-25T02:05:58.597886,2026-05-25T02:05:58.597888,v0.7.0+
rp,/Volumes/Samsam/Public/USIdata/pb-calbud-sp-z-oo/sand-dunes-dziwnow/usi_rp_16549.json,2026-05-25T02:05:58.592215,2026-06-02T23:12:40.169873,v0.7.0+
oto,/Volumes/Samsam/Public/USIdata/pb-gorski/osiedle-srebrniki/usi_oto_4zTcE.json,2026-05-25T02:05:58.575848,2026-05-25T02:05:58.575850,v0.7.0+
oto,/Volumes/Samsam/Public/USIdata/pb-gorski/wiezycka-folwark/usi_oto_4zSHZ.json,2026-05-25T02:05:58.582361,2026-05-25T02:05:58.582363,v0.7.0+
rp,/Volumes/Samsam/Public/USIdata/pb-inkob/polnocna-26-lublin/usi_rp_17619.json,2026-05-25T02:05:58.570350,2026-06-02T23:12:40.151800,v0.7.0+
oto,/Volumes/Samsam/Public/USIdata/pbd-sloneczny-lakoszyn-sp-z-o-o/osiedle-sloneczny-lakoszyn/usi_oto_4csXB.json,2026-05-25T02:05:58.556838,2026-05-25T02:05:58.556840,v0.7.0+
rp,/Volumes/Samsam/Public/USIdata/pbd-sloneczny-lakoszyn-sp-z-o-o/osiedle-sloneczny-lakoszyn-bud-4-kutno/usi_rp_19537.json,2026-05-25T02:05:58.562157,2026-06-02T23:12:39.861839,v0.7.0+
rp,/Volumes/Samsam/Public/USIdata/pbd-sloneczny-lakoszyn-sp-z-o-o/osiedle-sloneczny-lakoszyn-kutno/usi_rp_16962.json,2026-05-25T02:05:58.566333,2026-06-02T23:12:40.124042,v0.7.0+
oto,/Volumes/Samsam/Public/USIdata/pbf-inwestycje-sp-z-o-o/wzgorze-moniuszki-idealna-lokalizacja-w-sercu-miasta/usi_oto_4x5DH.json,2026-05-25T02:05:58.551665,2026-05-25T02:05:58.551666,v0.7.0+
rp,/Volumes/Samsam/Public/USIdata/pbk-castellum-sp-z-oo/apartamenty-czarnoleska-jelenia-gora/usi_rp_17851.json,2026-05-25T02:05:58.548277,2026-06-02T23:12:39.853697,v0.7.0+
rp,/Volumes/Samsam/Public/USIdata/pbm-i-r-budros/dualis-gdansk-orunia-gorna-gdansk-poludnie/usi_rp_20355.json,2026-05-25T02:05:58.538037,2026-06-02T23:12:39.830381,v0.7.0+
oto,/Volumes/Samsam/Public/USIdata/pbm-srodmiescie-andrzej-biruk-lech-jerzy-pilecki-spolka-jawna/zakatek-dolistowka/usi_oto_4sd2Y.json,2026-05-25T02:05:58.533831,2026-05-25T02:05:58.533833,v0.7.0+
oto,/Volumes/Samsam/Public/USIdata/pbo-dach-bud-sp-z-o-o/balonowa/usi_oto_4j76p.json,2026-05-25T02:05:58.527102,2026-05-25T02:05:58.527103,v0.7.0+
oto,/Volumes/Samsam/Public/USIdata/pbo-dach-bud-sp-z-o-o/zielona-widawa/usi_oto_4rm7N.json,2026-05-25T02:05:58.530756,2026-05-25T02:05:58.530758,v0.7.0+
rp,/Volumes/Samsam/Public/USIdata/pbo-trojan-sp-z-oo/osiedle-biala-dama-mikolowski-ornontowice/usi_rp_16857.json,2026-05-25T02:05:58.514213,2026-06-02T23:12:39.801153,v0.7.0+
rp,/Volumes/Samsam/Public/USIdata/pbo-trojan-sp-z-oo/rybnik-sosnowa-rybnik/usi_rp_12968.json,2026-05-25T02:05:58.518681,2026-06-02T23:12:39.812798,v0.7.0+
oto,/Volumes/Samsam/Public/USIdata/pbr-s-a/chojnicka-27/usi_oto_4tZTE.json,2026-05-25T02:05:58.506873,2026-05-25T02:05:58.506875,v0.7.0+
oto,/Volumes/Samsam/Public/USIdata/pbr-s-a/zemojtela-5/usi_oto_4y8Ge.json,2026-05-25T02:05:58.511386,2026-05-25T02:05:58.511388,v0.7.0+
rp,/Volumes/Samsam/Public/USIdata/pbs-szymanowski-i-wspolnicy-sp-j/nowy-zastal-zielona-gora/usi_rp_15843.json,2026-05-25T02:05:58.503520,2026-06-02T23:12:39.793130,v0.7.0+
oto,/Volumes/Samsam/Public/USIdata/pc-invest-group-sp-z-o-o/cechowa-reda-pc-invest/usi_oto_4o9ZZ.json,2026-05-25T02:05:58.489907,2026-05-25T02:05:58.489911,v0.7.0+
oto,/Volumes/Samsam/Public/USIdata/pc-invest-group-sp-z-o-o/chylonska-168/usi_oto_4qO71.json,2026-05-25T02:05:58.495110,2026-05-25T02:05:58.495112,v0.7.0+
oto,/Volumes/Samsam/Public/USIdata/pc-invest-group-sp-z-o-o/rumia-ul-jeziorna-41-premium/usi_oto_4B7At.json,2026-05-25T02:05:58.499912,2026-05-25T02:05:58.499914,v0.7.0+
oto,/Volumes/Samsam/Public/USIdata/pc-invest-group-sp-z-o-o/rumia-ul-jeziorna-41-premium/usi_oto_67952649.json,2026-05-25T02:05:58.499912,2026-06-02T11:05:00.179634,v0.7.0+
oto,/Volumes/Samsam/Public/USIdata/pc3d-1-sp-z-o-o/lanowe-zacisze/usi_oto_4u5aK.json,2026-05-25T02:05:58.485216,2026-05-25T02:05:58.485218,v0.7.0+
oto,/Volumes/Samsam/Public/USIdata/pcg/novaforma/usi_oto_4ntBE.json,2026-05-25T02:05:58.470490,2026-05-25T02:05:58.470492,v0.7.0+
oto,/Volumes/Samsam/Public/USIdata/pcg/nowe-podzamcze/usi_oto_4kz5h.json,2026-05-25T02:05:58.474890,2026-05-25T02:05:58.474892,v0.7.0+
oto,/Volumes/Samsam/Public/USIdata/pcg/osiedle-bo/usi_oto_4p4B2.json,2026-05-25T02:05:58.478434,2026-05-25T02:05:58.478435,v0.7.0+
oto,/Volumes/Samsam/Public/USIdata/pcg/victoria-apartments-ii/usi_oto_4ntBi.json,2026-05-25T02:05:58.481352,2026-05-25T02:05:58.481354,v0.7.0+
rp,/Volumes/Samsam/Public/USIdata/pcg-sp-z-oo-sp-k/futuria-wroclaw-fabryczna-maslice/usi_rp_11018.json,2026-05-25T02:05:58.361290,2026-06-02T23:12:39.687314,v0.7.0+
rp,/Volumes/Samsam/Public/USIdata/pcg-sp-z-oo-sp-k/kukuczki-7-wroclaw-krzyki-gaj/usi_rp_5543.json,2026-05-25T02:05:58.414120,2026-06-02T23:12:39.696215,v0.7.0+
rp,/Volumes/Samsam/Public/USIdata/pcg-sp-z-oo-sp-k/lavor-jawor/usi_rp_15124.json,2026-05-25T02:05:58.427901,2026-06-02T23:12:39.704333,v0.7.0+
rp,/Volumes/Samsam/Public/USIdata/pcg-sp-z-oo-sp-k/merloft-zielona-gora/usi_rp_15522.json,2026-05-25T02:05:58.433184,2026-06-02T23:12:39.710979,v0.7.0+
rp,/Volumes/Samsam/Public/USIdata/pcg-sp-z-oo-sp-k/nova-soltysowicka-wroclaw-psie-pole-soltysowice/usi_rp_8789.json,2026-05-25T02:05:58.436441,2026-06-02T23:12:39.718880,v0.7.0+
rp,/Volumes/Samsam/Public/USIdata/pcg-sp-z-oo-sp-k/nowe-podzamcze-walbrzych/usi_rp_15875.json,2026-05-25T02:05:58.448362,2026-06-02T23:12:39.738318,v0.7.0+
rp,/Volumes/Samsam/Public/USIdata/pcg-sp-z-oo-sp-k/primera-wroclaw-muchobor-wielki/usi_rp_8790.json,2026-05-25T02:05:58.454821,2026-06-02T23:12:39.751764,v0.7.0+
rp,/Volumes/Samsam/Public/USIdata/pcg-sp-z-oo-sp-k/scala-park-legnica/usi_rp_15125.json,2026-05-25T02:05:58.457693,2026-06-02T23:12:39.758668,v0.7.0+
rp,/Volumes/Samsam/Public/USIdata/pcg-sp-z-oo-sp-k/victoria-apartments-ii-szczecin-dabie/usi_rp_16049.json,2026-05-25T02:05:58.462705,2026-06-02T23:12:39.772855,v0.7.0+
rp,/Volumes/Samsam/Public/USIdata/pcg-sp-z-oo-sp-k/victoria-apartments-szczecin-prawobrzeze-dabie/usi_rp_12167.json,2026-05-25T02:05:58.465282,2026-06-02T23:12:39.778876,v0.7.0+
rp,/Volumes/Samsam/Public/USIdata/pcg-sp-z-oo-sp-k/wuwart-wroclaw-fabryczna-zerniki/usi_rp_11275.json,2026-05-25T02:05:58.467748,2026-06-02T23:12:39.784429,v0.7.0+
rp,/Volumes/Samsam/Public/USIdata/peira/domy-klimatyczna-lodz-julianow-marysin-rogi/usi_rp_16411.json,2026-05-25T02:05:58.332059,2026-06-02T23:12:39.648752,v0.7.0+
oto,/Volumes/Samsam/Public/USIdata/peira/inpark/usi_oto_4rNkG.json,2026-05-25T02:05:58.336192,2026-05-25T02:05:58.336194,v0.7.0+
oto,/Volumes/Samsam/Public/USIdata/peira/inpark/usi_oto_68044928.json,2026-05-25T02:05:58.336192,2026-06-02T11:04:03.675194,v0.7.0+
rp,/Volumes/Samsam/Public/USIdata/peira/inpark-lodz-baluty-doly/usi_rp_17277.json,2026-05-25T02:05:58.338913,2026-06-02T23:12:39.657515,v0.7.0+
oto,/Volumes/Samsam/Public/USIdata/peira/osiedle-lososiowa/usi_oto_4lMse.json,2026-05-25T02:05:58.343160,2026-05-25T02:05:58.343162,v0.7.0+
oto,/Volumes/Samsam/Public/USIdata/peira/osiedle-lososiowa/usi_oto_68045199.json,2026-05-25T02:05:58.343160,2026-06-02T11:04:01.880973,v0.7.0+
rp,/Volumes/Samsam/Public/USIdata/peira/osiedle-lososiowa-lodz-radogoszcz/usi_rp_16045.json,2026-05-25T02:05:58.345903,2026-06-02T23:12:39.664025,v0.7.0+
rp,/Volumes/Samsam/Public/USIdata/peira/srebrzynska-park-ii-lodz-zdrowie-mania/usi_rp_14018.json,2026-05-25T02:05:58.348630,2026-06-02T23:12:39.671910,v0.7.0+
oto,/Volumes/Samsam/Public/USIdata/peira/srebrzynska-park-iv/usi_oto_68044931.json,2026-06-02T11:04:02.509446,2026-06-02T11:04:02.986442,v0.7.0+
oto,/Volumes/Samsam/Public/USIdata/pekabex-development/ja-sielska/usi_oto_4lRJJ.json,2026-05-25T02:05:58.321532,2026-05-25T02:05:58.321534,v0.7.0+
oto,/Volumes/Samsam/Public/USIdata/pekabex-development/mira/usi_oto_4BlOX.json,2026-05-25T02:05:58.325400,2026-05-25T02:05:58.325401,v0.7.0+
oto,/Volumes/Samsam/Public/USIdata/pekabex-development/mira/usi_oto_68007363.json,2026-05-25T02:05:58.325400,2026-06-02T11:04:27.880563,v0.7.0+
oto,/Volumes/Samsam/Public/USIdata/pekabex-development/osiedle-neonowe/usi_oto_4opCd.json,2026-05-25T02:05:58.329310,2026-05-25T02:05:58.329311,v0.7.0+
rp,/Volumes/Samsam/Public/USIdata/pekabex-development-sp-z-oo/casa-fiore-warszawa-miedzylesie/usi_rp_14057.json,2026-05-25T02:05:58.292857,2026-06-02T23:12:39.604451,v0.7.0+
rp,/Volumes/Samsam/Public/USIdata/pekabex-development-sp-z-oo/mira-pruszkow/usi_rp_20360.json,2026-05-25T02:05:58.302061,2026-06-02T23:12:39.620803,v0.7.0+
rp,/Volumes/Samsam/Public/USIdata/pekabex-development-sp-z-oo/origin-revital-mechelinki-pucki-mechelinki/usi_rp_15354.json,2026-05-25T02:05:58.308123,2026-06-02T23:12:39.626576,v0.7.0+
rp,/Volumes/Samsam/Public/USIdata/pekabex-development-sp-z-oo/osiedle-neonowe-czestochowa/usi_rp_14597.json,2026-05-25T02:05:58.312045,2026-06-02T23:12:39.633361,v0.7.0+
rp,/Volumes/Samsam/Public/USIdata/pekabex-development-sp-z-oo/zatoka-wrzosowo-kamienski-wrzosowo/usi_rp_15994.json,2026-05-25T02:05:58.317061,2026-06-02T23:12:39.641091,v0.7.0+
oto,/Volumes/Samsam/Public/USIdata/pekabud-morasko-inwestycje-sp-z-o-o/foresta-marcelin/usi_oto_4lJED.json,2026-05-25T02:05:58.279594,2026-05-25T02:05:58.279596,v0.7.0+
oto,/Volumes/Samsam/Public/USIdata/pekabud-morasko-inwestycje-sp-z-o-o/naramowicka-106/usi_oto_4hHEL.json,2026-05-25T02:05:58.284242,2026-05-25T02:05:58.284243,v0.7.0+
rp,/Volumes/Samsam/Public/USIdata/pemm-development-sp-z-o-o/lazy-urocze-ii-piaseczynski-lazy/usi_rp_19067.json,2026-05-25T02:05:58.275155,2026-06-02T23:12:39.587773,v0.7.0+
oto,/Volumes/Samsam/Public/USIdata/peninsula-property-sp-z-o-o/apartamentowiec-z-recepcja-w-sercu-pragi/usi_oto_4yN20.json,2026-05-25T02:05:58.267548,2026-05-25T02:05:58.267549,v0.7.0+
oto,/Volumes/Samsam/Public/USIdata/peninsula-property-sp-z-o-o/apartamenty-portside-baltycka/usi_oto_4yLLn.json,2026-05-25T02:05:58.271657,2026-05-25T02:05:58.271658,v0.7.0+
rp,/Volumes/Samsam/Public/USIdata/penisula-property/portside-baltycka-kolobrzeg/usi_rp_17486.json,2026-05-25T02:05:58.261832,2026-06-02T23:12:39.574387,v0.7.0+
rp,/Volumes/Samsam/Public/USIdata/penisula-property/the-elements-kolobrzeski-dzwirzyno/usi_rp_16722.json,2026-05-25T02:05:58.264487,2026-06-02T23:12:39.579949,v0.7.0+
rp,/Volumes/Samsam/Public/USIdata/perfect-alfa-spolka-z-ograniczona-odpowiedzialnoscia-spk/bella-vista-etap-iii-kielce/usi_rp_15375.json,2026-05-25T02:05:58.250738,2026-06-02T23:12:39.549279,v0.7.0+
rp,/Volumes/Samsam/Public/USIdata/perfect-alfa-spolka-z-ograniczona-odpowiedzialnoscia-spk/bella-vista-etap-iv-kielce/usi_rp_17719.json,2026-05-25T02:05:58.254149,2026-06-02T23:12:39.557920,v0.7.0+
oto,/Volumes/Samsam/Public/USIdata/perfectum-development/apartamenty-wodna/usi_oto_4y3SP.json,2026-05-25T02:05:58.246935,2026-05-25T02:05:58.246936,v0.7.0+
rp,/Volumes/Samsam/Public/USIdata/perfectum-development-sp-z-oo/nova-srodula-etap-iii-sosnowiec/usi_rp_17232.json,2026-05-25T02:05:58.239516,2026-06-02T23:12:39.534908,v0.7.0+
rp,/Volumes/Samsam/Public/USIdata/perfectum-development-sp-z-oo/nowa-srodula-etap-ii-sosnowiec/usi_rp_14907.json,2026-05-25T02:05:58.243975,2026-06-02T23:12:39.542355,v0.7.0+
oto,/Volumes/Samsam/Public/USIdata/perfekt-dom-sp-z-o-o/osiedle-pod-lipka-5/usi_oto_4qaA3.json,2026-05-25T02:05:58.235173,2026-05-25T02:05:58.235175,v0.7.0+
rp,/Volumes/Samsam/Public/USIdata/perfekt-dom-zdzislaw-brazkiewicz-leszek-waldowski-sp-z-oo/osiedle-polnoc-iii-i-iv-brodnica/usi_rp_15483.json,2026-05-25T02:05:58.231645,2026-06-02T23:12:39.525952,v0.7.0+
to,/Volumes/Samsam/Public/USIdata/perlowa/perlowa-przystan-kolobrzeg-etap-2-kollataja-kolobrzeg-osiedle-nr-7-ogrody-strefa-uzdrowiska-apartamenty-inwestycyjne-na-sprzedaz/usi_to_8945954.json,2026-05-25T02:04:58.968649,2026-05-25T02:04:58.968653,v0.7.0+
rp,/Volumes/Samsam/Public/USIdata/perlowa-przystan/perlowa-przystan-szklarska-poreba-szklarska-poreba/usi_rp_19289.json,2026-05-25T02:05:58.222115,2026-06-02T23:12:39.509608,v0.7.0+
oto,/Volumes/Samsam/Public/USIdata/petra-pl/police-ul-wspolna/usi_oto_4pMTm.json,2026-05-25T02:05:58.216512,2026-05-25T02:05:58.216515,v0.7.0+
oto,/Volumes/Samsam/Public/USIdata/petro-development-sp-z-o-o/inwestycja-legnicka-ursus/usi_oto_4nLt3.json,2026-05-25T02:05:58.211535,2026-05-25T02:05:58.211536,v0.7.0+
oto,/Volumes/Samsam/Public/USIdata/pfs2-sp-z-o-o/miasteczko-powsin-nowa-inwestycja-etap-ii/usi_oto_4k5ee.json,2026-05-25T02:05:58.192991,2026-05-25T02:05:58.192992,v0.7.0+
oto,/Volumes/Samsam/Public/USIdata/pfs2-sp-z-o-o/miasteczko-powsin-nowa-inwestycja-etap-iii/usi_oto_4s6ws.json,2026-05-25T02:05:58.197386,2026-05-25T02:05:58.197388,v0.7.0+
oto,/Volumes/Samsam/Public/USIdata/pfs2-sp-z-o-o/miasteczko-powsin-zastruze-nowa-inwestycja/usi_oto_4pUWj.json,2026-05-25T02:05:58.201052,2026-05-25T02:05:58.201054,v0.7.0+
oto,/Volumes/Samsam/Public/USIdata/pg-modern-developments-sp-z-o-o/osiedle-podmiejskie-twoje-miejsce-blisko-natury-i-miasta/usi_oto_4yTnC.json,2026-05-25T02:05:58.188615,2026-05-25T02:05:58.188617,v0.7.0+
oto,/Volumes/Samsam/Public/USIdata/pgprogress/verde/usi_oto_4tqHV.json,2026-05-25T02:05:58.184215,2026-05-25T02:05:58.184217,v0.7.0+
oto,/Volumes/Samsam/Public/USIdata/phu-almar-stanislaw-a-zaborowski/bastion-lew/usi_oto_4sG0G.json,2026-05-25T02:05:58.173879,2026-05-25T02:05:58.173880,v0.7.0+
oto,/Volumes/Samsam/Public/USIdata/phu-almar-stanislaw-a-zaborowski/brzezno-plaza-41/usi_oto_4kPHE.json,2026-05-25T02:05:58.178520,2026-05-25T02:05:58.178522,v0.7.0+
rp,/Volumes/Samsam/Public/USIdata/phu-fasterm/apartamenty-brzoskwiniowa-etap-ii-torun/usi_rp_16573.json,2026-05-25T02:05:58.165978,2026-06-02T23:12:39.464878,v0.7.0+
rp,/Volumes/Samsam/Public/USIdata/phu-fasterm/przystan-stawki-etap-ii-torun/usi_rp_15500.json,2026-05-25T02:05:58.170564,2026-06-02T23:12:39.484405,v0.7.0+
rp,/Volumes/Samsam/Public/USIdata/phu-mega-sp-z-oo/osiedle-nad-rzeka-pakosc/usi_rp_18521.json,2026-05-25T02:05:58.159013,2026-06-02T23:12:39.426691,v0.7.0+
rp,/Volumes/Samsam/Public/USIdata/phu-mega-sp-z-oo/wspolna-25-kruszwica/usi_rp_18527.json,2026-05-25T02:05:58.162484,2026-06-02T23:12:39.441176,v0.7.0+
oto,/Volumes/Samsam/Public/USIdata/phu-partner-sp-j-adam-i-grazyna-wiacek/daszynskiego-square/usi_oto_4siHt.json,2026-05-25T02:05:58.128913,2026-05-25T02:05:58.128915,v0.7.0+
oto,/Volumes/Samsam/Public/USIdata/phu-partner-sp-j-adam-i-grazyna-wiacek/daszynskiego-square-etap-2/usi_oto_68056483.json,2026-06-02T11:03:51.078926,2026-06-02T11:03:51.517812,v0.7.0+
oto,/Volumes/Samsam/Public/USIdata/phu-partner-sp-j-adam-i-grazyna-wiacek/osiedle-pod-klonami-klonowa-11/usi_oto_4siLz.json,2026-05-25T02:05:58.133168,2026-05-25T02:05:58.133170,v0.7.0+
oto,/Volumes/Samsam/Public/USIdata/phu-wladyslaw-pabiniak/nowa-starowka/usi_oto_4zgDB.json,2026-05-25T02:05:58.124117,2026-05-25T02:05:58.124119,v0.7.0+
rp,/Volumes/Samsam/Public/USIdata/phukonstans-k-krol/osiedle-zielony-zakatek-etap-ii-wolomin/usi_rp_19397.json,2026-05-25T02:05:58.119364,2026-06-02T23:12:39.324745,v0.7.0+
rp,/Volumes/Samsam/Public/USIdata/phup-merkury/janowska-biala-podlaska/usi_rp_15459.json,2026-05-25T02:05:58.115596,2026-06-02T23:12:39.317328,v0.7.0+
oto,/Volumes/Samsam/Public/USIdata/pilotow-21-sp-z-o-o/pilotow-21/usi_oto_4qwG7.json,2026-05-25T02:05:58.110476,2026-05-25T02:05:58.110479,v0.7.0+
oto,/Volumes/Samsam/Public/USIdata/pilsudskiego-6/na-zamkowym/usi_oto_4ySw9.json,2026-05-25T02:05:58.091299,2026-05-25T02:05:58.091302,v0.7.0+
oto,/Volumes/Samsam/Public/USIdata/pionier-siec-biur-nieruchomosci/lesny-zakatek/usi_oto_4qksK.json,2026-05-25T02:05:58.086333,2026-05-25T02:05:58.086334,v0.7.0+
rp,/Volumes/Samsam/Public/USIdata/pkm-zachod-sp-z-oo/witosa-nowosolski/usi_rp_15534.json,2026-05-25T02:05:58.082603,2026-06-02T23:12:39.309587,v0.7.0+
oto,/Volumes/Samsam/Public/USIdata/planhome-sp-z-o-o/cieplice-residence-park/usi_oto_4xnGR.json,2026-05-25T02:05:58.078349,2026-05-25T02:05:58.078351,v0.7.0+
rp,/Volumes/Samsam/Public/USIdata/plastoma-development-sp-z-oo/osiedle-ogorkowa-warszawa-nadwisle/usi_rp_16723.json,2026-05-25T02:05:58.074258,2026-06-02T23:12:39.302296,v0.7.0+
oto,/Volumes/Samsam/Public/USIdata/platan-group-sp-zo-o/apartamenty-aries-residence-krynica-zdroj-obok-stoku-narciarskiego/usi_oto_4BpNg.json,2026-05-25T02:05:58.068841,2026-05-25T02:05:58.068843,v0.7.0+
oto,/Volumes/Samsam/Public/USIdata/platan-group-sp-zo-o/apartamenty-aries-residence-krynica-zdroj-obok-stoku-narciarskiego/usi_oto_68022634.json,2026-05-25T02:05:58.068841,2026-06-02T11:04:20.252091,v0.7.0+
rp,/Volumes/Samsam/Public/USIdata/platforma-mieszkaniowa/aleja-debowa-17-19-wroclaw-krzyki-borek/usi_rp_10277.json,2026-05-25T02:05:57.411092,2026-06-02T23:12:37.694567,v0.7.0+
rp,/Volumes/Samsam/Public/USIdata/platforma-mieszkaniowa/altro-a21-rumia/usi_rp_19173.json,2026-05-25T02:05:57.420894,2026-06-02T23:12:37.716090,v0.7.0+
rp,/Volumes/Samsam/Public/USIdata/platforma-mieszkaniowa/apartamenty-arturowek-lodz-julianow-marysin-rogi/usi_rp_20301.json,2026-05-25T02:05:57.424288,2026-06-02T23:12:37.724803,v0.7.0+
rp,/Volumes/Samsam/Public/USIdata/platforma-mieszkaniowa/apartamenty-baltyk-pucki-jastrzebia-gora/usi_rp_15294.json,2026-05-25T02:05:57.427870,2026-06-02T23:12:37.785321,v0.7.0+
rp,/Volumes/Samsam/Public/USIdata/platforma-mieszkaniowa/apartamenty-bialy-kamien-swieradow-zdroj/usi_rp_17178.json,2026-05-25T02:05:57.431810,2026-06-02T23:12:37.797792,v0.7.0+
rp,/Volumes/Samsam/Public/USIdata/platforma-mieszkaniowa/apartamenty-kopernika-tychy/usi_rp_18002.json,2026-05-25T02:05:57.438126,2026-06-02T23:12:37.813917,v0.7.0+
rp,/Volumes/Samsam/Public/USIdata/platforma-mieszkaniowa/apartamenty-pod-swierkami-lodz-widzew-wschod/usi_rp_17042.json,2026-05-25T02:05:57.454144,2026-06-02T23:12:37.849543,v0.7.0+
rp,/Volumes/Samsam/Public/USIdata/platforma-mieszkaniowa/apartamenty-rytm-na-kabatach-warszawa-ursynow-polnocny/usi_rp_14154.json,2026-05-25T02:05:57.463783,2026-06-02T23:12:37.862659,v0.7.0+
rp,/Volumes/Samsam/Public/USIdata/platforma-mieszkaniowa/apartamenty-zorska-tychy/usi_rp_17681.json,2026-05-25T02:05:57.472812,2026-06-02T23:12:37.876766,v0.7.0+
rp,/Volumes/Samsam/Public/USIdata/platforma-mieszkaniowa/bajdewind-leborski-nowecin/usi_rp_17134.json,2026-05-25T02:05:57.484001,2026-06-02T23:12:37.899996,v0.7.0+
rp,/Volumes/Samsam/Public/USIdata/platforma-mieszkaniowa/bazantowo-planty-katowice-zespol-dzielnic-poludniowych/usi_rp_12509.json,2026-05-25T02:05:57.489851,2026-06-02T23:12:37.915177,v0.7.0+
rp,/Volumes/Samsam/Public/USIdata/platforma-mieszkaniowa/cesarskie-ogrody-wroclawski/usi_rp_17177.json,2026-05-25T02:05:57.504032,2026-06-02T23:12:37.948647,v0.7.0+
rp,/Volumes/Samsam/Public/USIdata/platforma-mieszkaniowa/chryzantemovo-ruda-slaska/usi_rp_20380.json,2026-06-02T10:52:54.588535,2026-06-02T23:12:37.961409,v0.7.0+
rp,/Volumes/Samsam/Public/USIdata/platforma-mieszkaniowa/cyganska-gora-5-gdansk-suchanino/usi_rp_16355.json,2026-05-25T02:05:57.509931,2026-06-02T23:12:37.968866,v0.7.0+
rp,/Volumes/Samsam/Public/USIdata/platforma-mieszkaniowa/debowe-apartamenty-chorzow/usi_rp_17095.json,2026-05-25T02:05:57.525344,2026-06-02T23:12:38.000433,v0.7.0+
rp,/Volumes/Samsam/Public/USIdata/platforma-mieszkaniowa/diamentowe-zacisze-wieckowice-krakowski/usi_rp_17197.json,2026-05-25T02:05:57.528354,2026-06-02T23:12:38.007952,v0.7.0+
rp,/Volumes/Samsam/Public/USIdata/platforma-mieszkaniowa/dobrej-nadziei-siewierz/usi_rp_16708.json,2026-05-25T02:05:57.536155,2026-06-02T23:12:38.020754,v0.7.0+
rp,/Volumes/Samsam/Public/USIdata/platforma-mieszkaniowa/doctor-q-bud-krakowski-balice/usi_rp_15381.json,2026-05-25T02:05:57.542606,2026-06-02T23:12:38.028599,v0.7.0+
rp,/Volumes/Samsam/Public/USIdata/platforma-mieszkaniowa/domki-wakacyjne-radawka-kamienski-radawka/usi_rp_17146.json,2026-05-25T02:05:57.547554,2026-06-02T23:12:38.036422,v0.7.0+
rp,/Volumes/Samsam/Public/USIdata/platforma-mieszkaniowa/domy-iwinskie-wroclawski-iwiny/usi_rp_19027.json,2026-05-25T02:05:57.553683,2026-06-02T23:12:38.050188,v0.7.0+
rp,/Volumes/Samsam/Public/USIdata/platforma-mieszkaniowa/domy-na-polanie-krakowski-wolowice/usi_rp_12689.json,2026-05-25T02:05:57.556272,2026-06-02T23:12:38.057891,v0.7.0+
rp,/Volumes/Samsam/Public/USIdata/platforma-mieszkaniowa/domy-pod-debem-poreba/usi_rp_16707.json,2026-05-25T02:05:57.559478,2026-06-02T23:12:38.066293,v0.7.0+
rp,/Volumes/Samsam/Public/USIdata/platforma-mieszkaniowa/duo-park-lodz-rokicie/usi_rp_16752.json,2026-05-25T02:05:57.562461,2026-06-02T23:12:38.073689,v0.7.0+
rp,/Volumes/Samsam/Public/USIdata/platforma-mieszkaniowa/eko-reguly-warszawa-kabaty/usi_rp_16895.json,2026-05-25T02:05:57.570908,2026-06-02T23:12:38.093716,v0.7.0+
rp,/Volumes/Samsam/Public/USIdata/platforma-mieszkaniowa/ekosfera-gdansk-kokoszki/usi_rp_16473.json,2026-05-25T02:05:57.573511,2026-06-02T23:12:38.101680,v0.7.0+
rp,/Volumes/Samsam/Public/USIdata/platforma-mieszkaniowa/enklawa-krysztalowa-katowice-zespol-dzielnic-poludniowych/usi_rp_5227.json,2026-05-25T02:05:57.576728,2026-06-02T23:12:38.108012,v0.7.0+
rp,/Volumes/Samsam/Public/USIdata/platforma-mieszkaniowa/estezja-wroclaw-lipa-piotrowska/usi_rp_16718.json,2026-05-25T02:05:57.579986,2026-06-02T23:12:38.115642,v0.7.0+
rp,/Volumes/Samsam/Public/USIdata/platforma-mieszkaniowa/fuzja-lofty-lodz-stary-widzew/usi_rp_16683.json,2026-05-25T02:05:57.586269,2026-06-02T23:12:38.128932,v0.7.0+
rp,/Volumes/Samsam/Public/USIdata/platforma-mieszkaniowa/global-apartments-katowice-zespol-dzielnic-srodmiejskich/usi_rp_15235.json,2026-05-25T02:05:57.588979,2026-06-02T23:12:38.136423,v0.7.0+
rp,/Volumes/Samsam/Public/USIdata/platforma-mieszkaniowa/green-house-klimontowska-sosnowiec/usi_rp_16353.json,2026-05-25T02:05:57.595363,2026-06-02T23:12:38.152214,v0.7.0+
rp,/Volumes/Samsam/Public/USIdata/platforma-mieszkaniowa/iwa-park-wroclawski-iwiny/usi_rp_18978.json,2026-05-25T02:05:57.612904,2026-06-02T23:12:38.192634,v0.7.0+
rp,/Volumes/Samsam/Public/USIdata/platforma-mieszkaniowa/kamienica-przy-parku-lodz-gorniak/usi_rp_16608.json,2026-05-25T02:05:57.617295,2026-06-02T23:12:38.200338,v0.7.0+
rp,/Volumes/Samsam/Public/USIdata/platforma-mieszkaniowa/kasprowicza-4-lodz-nowosolna/usi_rp_20377.json,2026-06-02T10:52:55.548419,2026-06-02T23:12:38.222509,v0.7.0+
rp,/Volumes/Samsam/Public/USIdata/platforma-mieszkaniowa/katowice-slonecznikowa-katowice-zespol-dzielnic-poludniowych/usi_rp_10820.json,2026-05-25T02:05:57.630453,2026-06-02T23:12:38.231526,v0.7.0+
rp,/Volumes/Samsam/Public/USIdata/platforma-mieszkaniowa/komuny-paryskiej-19a-wroclaw-przedmiescie-olawskie/usi_rp_16484.json,2026-05-25T02:05:57.636427,2026-06-02T23:12:38.247158,v0.7.0+
rp,/Volumes/Samsam/Public/USIdata/platforma-mieszkaniowa/kopernika-15-lodz-polesie-stare-polesie/usi_rp_12904.json,2026-05-25T02:05:57.639782,2026-06-02T23:12:38.255817,v0.7.0+
rp,/Volumes/Samsam/Public/USIdata/platforma-mieszkaniowa/linea-domy-gdansk-jasien/usi_rp_15856.json,2026-05-25T02:05:57.677839,2026-06-02T23:12:38.331245,v0.7.0+
rp,/Volumes/Samsam/Public/USIdata/platforma-mieszkaniowa/medykow-32-katowice-ligota-panewniki/usi_rp_18012.json,2026-05-25T02:05:57.690251,2026-06-02T23:12:38.355497,v0.7.0+
rp,/Volumes/Samsam/Public/USIdata/platforma-mieszkaniowa/medykow-32-katowice-zespol-dzielnic-zachodnich/usi_rp_16931.json,2026-05-25T02:05:57.694415,2026-06-02T23:12:38.361265,v0.7.0+
rp,/Volumes/Samsam/Public/USIdata/platforma-mieszkaniowa/mi9-lodz/usi_rp_14208.json,2026-05-25T02:05:57.699230,2026-06-02T23:12:38.368720,v0.7.0+
rp,/Volumes/Samsam/Public/USIdata/platforma-mieszkaniowa/mikroapartamenty-lubon-lubon/usi_rp_19056.json,2026-05-25T02:05:57.715292,2026-06-02T23:12:38.389165,v0.7.0+
rp,/Volumes/Samsam/Public/USIdata/platforma-mieszkaniowa/murapol-apartamenty-praskie-warszawa-praga-poludnie-witolin/usi_rp_12159.json,2026-05-25T02:05:57.722647,2026-06-02T23:12:38.404627,v0.7.0+
rp,/Volumes/Samsam/Public/USIdata/platforma-mieszkaniowa/na-zboczu-gdansk-siedlce/usi_rp_16541.json,2026-05-25T02:05:57.733705,2026-06-02T23:12:38.424209,v0.7.0+
rp,/Volumes/Samsam/Public/USIdata/platforma-mieszkaniowa/nadolnik-compact-apartments-etap-iii-poznan-glowna/usi_rp_16284.json,2026-05-25T02:05:57.736957,2026-06-02T23:12:38.429689,v0.7.0+
rp,/Volumes/Samsam/Public/USIdata/platforma-mieszkaniowa/naramowicka-172-poznan-naramowice/usi_rp_16944.json,2026-05-25T02:05:57.740676,2026-06-02T23:12:38.438044,v0.7.0+
rp,/Volumes/Samsam/Public/USIdata/platforma-mieszkaniowa/nowe-krzyzowice-wroclawski-krzyzowice/usi_rp_17187.json,2026-05-25T02:05:57.768345,2026-06-02T23:12:38.501680,v0.7.0+
rp,/Volumes/Samsam/Public/USIdata/platforma-mieszkaniowa/nowe-tysiaclecie-katowice-zespol-dzielnic-polnocnych/usi_rp_5120.json,2026-05-25T02:05:57.775118,2026-06-02T23:12:38.514591,v0.7.0+
rp,/Volumes/Samsam/Public/USIdata/platforma-mieszkaniowa/nowy-folwark-poznan-staroleka-minikowo-marlewo/usi_rp_16467.json,2026-05-25T02:05:57.777723,2026-06-02T23:12:38.523008,v0.7.0+
rp,/Volumes/Samsam/Public/USIdata/platforma-mieszkaniowa/okrezna-1-katowice-zaleska-halda-brynow/usi_rp_17337.json,2026-05-25T02:05:57.785719,2026-06-02T23:12:38.545218,v0.7.0+
rp,/Volumes/Samsam/Public/USIdata/platforma-mieszkaniowa/opatowicka-etap-iii-wroclaw-opatowice/usi_rp_17190.json,2026-05-25T02:05:57.788305,2026-06-02T23:12:38.554629,v0.7.0+
rp,/Volumes/Samsam/Public/USIdata/platforma-mieszkaniowa/opatowicka-wroclaw-opatowice/usi_rp_17189.json,2026-05-25T02:05:57.791059,2026-06-02T23:12:38.560907,v0.7.0+
rp,/Volumes/Samsam/Public/USIdata/platforma-mieszkaniowa/orle-wzgorze-myslowice-myslowice/usi_rp_16126.json,2026-05-25T02:05:57.793535,2026-06-02T23:12:38.567795,v0.7.0+
rp,/Volumes/Samsam/Public/USIdata/platforma-mieszkaniowa/osada-kryniczno-trzebnicki-kryniczno/usi_rp_17182.json,2026-05-25T02:05:57.796327,2026-06-02T23:12:38.575661,v0.7.0+
rp,/Volumes/Samsam/Public/USIdata/platforma-mieszkaniowa/osada-ramiszow-wroclawski-ramiszow/usi_rp_17186.json,2026-05-25T02:05:57.800264,2026-06-02T23:12:38.582681,v0.7.0+
rp,/Volumes/Samsam/Public/USIdata/platforma-mieszkaniowa/osiedle-bobrow-piaseczynski-bobrowiec/usi_rp_16477.json,2026-05-25T02:05:57.807180,2026-06-02T23:12:38.598988,v0.7.0+
rp,/Volumes/Samsam/Public/USIdata/platforma-mieszkaniowa/osiedle-brzozowa-oaza-lodzki-wschodni-wisniowa-gora/usi_rp_16610.json,2026-05-25T02:05:57.809614,2026-06-02T23:12:38.606950,v0.7.0+
rp,/Volumes/Samsam/Public/USIdata/platforma-mieszkaniowa/osiedle-chodkiewicza-wroclaw-jerzmanowo/usi_rp_17298.json,2026-05-25T02:05:57.814786,2026-06-02T23:12:38.621708,v0.7.0+
rp,/Volumes/Samsam/Public/USIdata/platforma-mieszkaniowa/osiedle-florentynow-2-pabianicki-florentynow/usi_rp_18006.json,2026-05-25T02:05:57.820036,2026-06-02T23:12:38.637708,v0.7.0+
rp,/Volumes/Samsam/Public/USIdata/platforma-mieszkaniowa/osiedle-florentynow-pabianicki-florentynow/usi_rp_17043.json,2026-05-25T02:05:57.824033,2026-06-02T23:12:38.644541,v0.7.0+
rp,/Volumes/Samsam/Public/USIdata/platforma-mieszkaniowa/osiedle-malarska-etap-vii-poznanski-szczytniki/usi_rp_19061.json,2026-05-25T02:05:57.836660,2026-06-02T23:12:38.674266,v0.7.0+
rp,/Volumes/Samsam/Public/USIdata/platforma-mieszkaniowa/osiedle-mila-zabki/usi_rp_14754.json,2026-05-25T02:05:57.840461,2026-06-02T23:12:38.680728,v0.7.0+
rp,/Volumes/Samsam/Public/USIdata/platforma-mieszkaniowa/osiedle-neoteo-lodz-teofilow-wielkopolska/usi_rp_14708.json,2026-05-25T02:05:57.844632,2026-06-02T23:12:38.689715,v0.7.0+
rp,/Volumes/Samsam/Public/USIdata/platforma-mieszkaniowa/osiedle-parkowe-ii-pszczynski-pszczyna/usi_rp_12538.json,2026-05-25T02:05:57.849309,2026-06-02T23:12:38.697274,v0.7.0+
rp,/Volumes/Samsam/Public/USIdata/platforma-mieszkaniowa/osiedle-pod-lasem-olawski-miloszyce/usi_rp_16827.json,2026-05-25T02:05:57.854722,2026-06-02T23:12:38.712124,v0.7.0+
rp,/Volumes/Samsam/Public/USIdata/platforma-mieszkaniowa/osiedle-poetow-radzymin/usi_rp_16606.json,2026-05-25T02:05:57.857339,2026-06-02T23:12:38.719986,v0.7.0+
rp,/Volumes/Samsam/Public/USIdata/platforma-mieszkaniowa/osiedle-przy-bialych-tygrysow-wroclaw-polanowice/usi_rp_13921.json,2026-05-25T02:05:57.860630,2026-06-02T23:12:38.726453,v0.7.0+
rp,/Volumes/Samsam/Public/USIdata/platforma-mieszkaniowa/osiedle-przyrodnicza-zgierski-rabien-ab/usi_rp_17820.json,2026-05-25T02:05:57.865258,2026-06-02T23:12:38.735370,v0.7.0+
rp,/Volumes/Samsam/Public/USIdata/platforma-mieszkaniowa/osiedle-reymonta-zabki/usi_rp_14753.json,2026-05-25T02:05:57.867829,2026-06-02T23:12:38.743565,v0.7.0+
rp,/Volumes/Samsam/Public/USIdata/platforma-mieszkaniowa/osiedle-sasanka-mikolowski-gostyn/usi_rp_12513.json,2026-05-25T02:05:57.870762,2026-06-02T23:12:38.750589,v0.7.0+
rp,/Volumes/Samsam/Public/USIdata/platforma-mieszkaniowa/osiedle-zacisze-krzyzowice-okolice-wroclawia/usi_rp_15568.json,2026-05-25T02:05:57.879702,2026-06-02T23:12:38.773884,v0.7.0+
rp,/Volumes/Samsam/Public/USIdata/platforma-mieszkaniowa/panorama-park-ruda-slaska/usi_rp_20383.json,2026-06-02T10:52:51.246210,2026-06-02T23:12:38.789632,v0.7.0+
rp,/Volumes/Samsam/Public/USIdata/platforma-mieszkaniowa/patch-house-wroclawski-sleza/usi_rp_17188.json,2026-05-25T02:05:57.888279,2026-06-02T23:12:38.805297,v0.7.0+
rp,/Volumes/Samsam/Public/USIdata/platforma-mieszkaniowa/port-hygge-pucki/usi_rp_17627.json,2026-05-25T02:05:57.901743,2026-06-02T23:12:38.846682,v0.7.0+
rp,/Volumes/Samsam/Public/USIdata/platforma-mieszkaniowa/positivo-oltaszyn-wroclaw-oltaszyn/usi_rp_16815.json,2026-05-25T02:05:57.904340,2026-06-02T23:12:38.853318,v0.7.0+
rp,/Volumes/Samsam/Public/USIdata/platforma-mieszkaniowa/przystan-rumia-rumia/usi_rp_17435.json,2026-05-25T02:05:57.916646,2026-06-02T23:12:38.885378,v0.7.0+
rp,/Volumes/Samsam/Public/USIdata/platforma-mieszkaniowa/przystan-siechnice-siechnice/usi_rp_19368.json,2026-05-25T02:05:57.921305,2026-06-02T23:12:38.894589,v0.7.0+
rp,/Volumes/Samsam/Public/USIdata/platforma-mieszkaniowa/rodzinna-malta-poznan-warszawskie-pomet-maltanskie/usi_rp_17845.json,2026-05-25T02:05:57.932205,2026-06-02T23:12:38.924229,v0.7.0+
rp,/Volumes/Samsam/Public/USIdata/platforma-mieszkaniowa/rodzinny-zakatek-poznanski-blazejewo/usi_rp_16542.json,2026-05-25T02:05:57.934747,2026-06-02T23:12:38.931087,v0.7.0+
rp,/Volumes/Samsam/Public/USIdata/platforma-mieszkaniowa/royal-studios-smart-apartments-etap-2-gliwice/usi_rp_19219.json,2026-05-25T02:05:57.937400,2026-06-02T23:12:38.939927,v0.7.0+
rp,/Volumes/Samsam/Public/USIdata/platforma-mieszkaniowa/rubinowa-park-dolnoslaskie-sredzki-brzezina/usi_rp_16833.json,2026-05-25T02:05:57.939925,2026-06-02T23:12:38.948051,v0.7.0+
rp,/Volumes/Samsam/Public/USIdata/platforma-mieszkaniowa/sasankowy-zakatek-dabrowa-gornicza/usi_rp_16481.json,2026-05-25T02:05:57.945103,2026-06-02T23:12:38.963251,v0.7.0+
rp,/Volumes/Samsam/Public/USIdata/platforma-mieszkaniowa/segmenty-rzymska-grodzisk-mazowiecki/usi_rp_16634.json,2026-05-25T02:05:57.951356,2026-06-02T23:12:38.978725,v0.7.0+
rp,/Volumes/Samsam/Public/USIdata/platforma-mieszkaniowa/siemanovi-siemianowice-slaskie/usi_rp_17740.json,2026-05-25T02:05:57.954863,2026-06-02T23:12:38.987244,v0.7.0+
rp,/Volumes/Samsam/Public/USIdata/platforma-mieszkaniowa/silva-park-krakow-pradnik-bialy/usi_rp_12503.json,2026-05-25T02:05:57.958116,2026-06-02T23:12:38.995301,v0.7.0+
rp,/Volumes/Samsam/Public/USIdata/platforma-mieszkaniowa/sk-park-etap-iii-wroclawski-swieta-katarzyna/usi_rp_17281.json,2026-05-25T02:05:57.961398,2026-06-02T23:12:39.003068,v0.7.0+
rp,/Volumes/Samsam/Public/USIdata/platforma-mieszkaniowa/skandinavia-gdansk-orunia-gorna-gdansk-poludnie/usi_rp_13266.json,2026-05-25T02:05:57.964049,2026-06-02T23:12:39.011611,v0.7.0+
rp,/Volumes/Samsam/Public/USIdata/platforma-mieszkaniowa/sloneczne-apartamenty-katowice-zespol-dzielnic-wschodnich/usi_rp_12746.json,2026-05-25T02:05:57.966674,2026-06-02T23:12:39.018654,v0.7.0+
rp,/Volumes/Samsam/Public/USIdata/platforma-mieszkaniowa/sloneczne-ogrody-wejherowski-bolszewo/usi_rp_16454.json,2026-05-25T02:05:57.969623,2026-06-02T23:12:39.026567,v0.7.0+
rp,/Volumes/Samsam/Public/USIdata/platforma-mieszkaniowa/sloneczne-polanowice-wroclaw-polanowice/usi_rp_15828.json,2026-05-25T02:05:57.972316,2026-06-02T23:12:39.035099,v0.7.0+
rp,/Volumes/Samsam/Public/USIdata/platforma-mieszkaniowa/sloneczny-kielczowek-wroclawski-kielczowek/usi_rp_17194.json,2026-05-25T02:05:57.975667,2026-06-02T23:12:39.043633,v0.7.0+
rp,/Volumes/Samsam/Public/USIdata/platforma-mieszkaniowa/stegna-forest-2-pomorskie-nowodworski-stegna/usi_rp_20305.json,2026-05-25T02:05:57.991676,2026-06-02T23:12:39.084740,v0.7.0+
rp,/Volumes/Samsam/Public/USIdata/platforma-mieszkaniowa/stegna-park-ii-pomorskie-nowodworski-stegna/usi_rp_19546.json,2026-05-25T02:05:57.995963,2026-06-02T23:12:39.093047,v0.7.0+
rp,/Volumes/Samsam/Public/USIdata/platforma-mieszkaniowa/swieta-katarzyna-wroclawski-swieta-katarzyna/usi_rp_17191.json,2026-05-25T02:05:57.999721,2026-06-02T23:12:39.101314,v0.7.0+
rp,/Volumes/Samsam/Public/USIdata/platforma-mieszkaniowa/szczesliwa-polana-kartuski-kielpino/usi_rp_19186.json,2026-05-25T02:05:58.002616,2026-06-02T23:12:39.110143,v0.7.0+
rp,/Volumes/Samsam/Public/USIdata/platforma-mieszkaniowa/szymanow-trzebnicki-szymanow/usi_rp_13971.json,2026-05-25T02:05:58.005298,2026-06-02T23:12:39.122997,v0.7.0+
rp,/Volumes/Samsam/Public/USIdata/platforma-mieszkaniowa/tarasy-nad-stawem-poznanski/usi_rp_16479.json,2026-05-25T02:05:58.008911,2026-06-02T23:12:39.132730,v0.7.0+
rp,/Volumes/Samsam/Public/USIdata/platforma-mieszkaniowa/villa-modrzewie-warszawa-bemowo/usi_rp_13841.json,2026-05-25T02:05:58.023211,2026-06-02T23:12:39.171136,v0.7.0+
rp,/Volumes/Samsam/Public/USIdata/platforma-mieszkaniowa/villa-residence-krakow-pradnik-bialy/usi_rp_12526.json,2026-05-25T02:05:58.025754,2026-06-02T23:12:39.178595,v0.7.0+
rp,/Volumes/Samsam/Public/USIdata/platforma-mieszkaniowa/welna-dom-w-sercu-zar-zarski-zary/usi_rp_12970.json,2026-05-25T02:05:58.031402,2026-06-02T23:12:39.197550,v0.7.0+
rp,/Volumes/Samsam/Public/USIdata/platforma-mieszkaniowa/widawa-wroclaw-widawa/usi_rp_16866.json,2026-05-25T02:05:58.034824,2026-06-02T23:12:39.206959,v0.7.0+
rp,/Volumes/Samsam/Public/USIdata/platforma-mieszkaniowa/wyszynskiego-56-wroclaw-srodmiescie-olbin/usi_rp_12589.json,2026-05-25T02:05:58.040410,2026-06-02T23:12:39.222545,v0.7.0+
rp,/Volumes/Samsam/Public/USIdata/platforma-mieszkaniowa/zacisze-tuwima-sosnowiec/usi_rp_20384.json,2026-06-02T10:52:50.381081,2026-06-02T23:12:39.230575,v0.7.0+
rp,/Volumes/Samsam/Public/USIdata/platforma-mieszkaniowa/zalasewo-park-poznanski-zalasewo/usi_rp_11713.json,2026-05-25T02:05:58.042993,2026-06-02T23:12:39.239420,v0.7.0+
rp,/Volumes/Samsam/Public/USIdata/platforma-mieszkaniowa/zapolskiej-12-rumia/usi_rp_17759.json,2026-05-25T02:05:58.045581,2026-06-02T23:12:39.249370,v0.7.0+
rp,/Volumes/Samsam/Public/USIdata/platforma-mieszkaniowa/ziebicka-30-poznan-junikowo/usi_rp_16562.json,2026-05-25T02:05:58.048645,2026-06-02T23:12:39.256669,v0.7.0+
rp,/Volumes/Samsam/Public/USIdata/platforma-mieszkaniowa/zielona-widawa-wroclaw-widawa/usi_rp_18887.json,2026-05-25T02:05:58.053873,2026-06-02T23:12:39.272281,v0.7.0+
rp,/Volumes/Samsam/Public/USIdata/platforma-mieszkaniowa/zwirki-i-wigury-43-rumia/usi_rp_17763.json,2026-05-25T02:05:58.064210,2026-06-02T23:12:39.294161,v0.7.0+
oto,/Volumes/Samsam/Public/USIdata/platforma-mieszkaniowa-s-a/dobrej-nadziei/usi_oto_4oZzF.json,2026-05-25T02:05:57.408826,2026-05-25T02:05:57.408827,v0.7.0+
oto,/Volumes/Samsam/Public/USIdata/platinum-park-sp-z-o-o/nowe-miasto/usi_oto_4AuNS.json,2026-05-25T02:05:57.395164,2026-05-25T02:05:57.395165,v0.7.0+
oto,/Volumes/Samsam/Public/USIdata/platinum-park-sp-z-o-o/nowe-miasto-budynek-a1/usi_oto_4ATSI.json,2026-05-25T02:05:57.400405,2026-05-25T02:05:57.400407,v0.7.0+
oto,/Volumes/Samsam/Public/USIdata/platinum-park-sp-z-o-o/nowe-miasto-budynek-a1/usi_oto_67899964.json,2026-05-25T02:05:57.400405,2026-06-02T11:05:20.669394,v0.7.0+
oto,/Volumes/Samsam/Public/USIdata/platinum-park-sp-z-o-o/nowe-miasto-budynek-a2/usi_oto_4AuNS.json,2026-05-25T02:05:57.404795,2026-05-25T02:05:57.404796,v0.7.0+
oto,/Volumes/Samsam/Public/USIdata/plazowa-park/plazowa-park-glowno-lodzkie/usi_oto_4sKh4.json,2026-05-25T02:05:57.387293,2026-05-25T02:05:57.387296,v0.7.0+
rp,/Volumes/Samsam/Public/USIdata/pm-development-sp-z-oo/rozana-28-wieliczka/usi_rp_13993.json,2026-05-25T02:05:57.383340,2026-06-02T23:12:37.686967,v0.7.0+
oto,/Volumes/Samsam/Public/USIdata/pmreco/pmreco-jasna-15/usi_oto_4sx9O.json,2026-05-25T02:05:57.364548,2026-05-25T02:05:57.364550,v0.7.0+
rp,/Volumes/Samsam/Public/USIdata/poc-partners-polska-sp-z-oo/marina-royale-slawienski-darlowo/usi_rp_13312.json,2026-05-25T02:05:57.360800,2026-06-02T23:12:37.656282,v0.7.0+
oto,/Volumes/Samsam/Public/USIdata/podzamkiem24/prestizowe-apartamenty-szczecin/usi_oto_4yurj.json,2026-05-25T02:05:57.356418,2026-05-25T02:05:57.356420,v0.7.0+
oto,/Volumes/Samsam/Public/USIdata/pol-kar-deweloper/osiedle-jarzebinowe/usi_oto_4mwrh.json,2026-05-25T02:05:57.351431,2026-05-25T02:05:57.351433,v0.7.0+
oto,/Volumes/Samsam/Public/USIdata/polandhouse-sp-z-o-o/k12-apartamenty/usi_oto_4rzzB.json,2026-05-25T02:05:57.347141,2026-05-25T02:05:57.347142,v0.7.0+
rp,/Volumes/Samsam/Public/USIdata/polaris-development/aleja-krakowska-201-warszawa-okecie/usi_rp_18063.json,2026-05-25T02:05:57.339618,2026-06-02T23:12:37.642419,v0.7.0+
oto,/Volumes/Samsam/Public/USIdata/polaris-development-sp-z-o-o/aleja-krakowska-201/usi_oto_4ALn7.json,2026-05-25T02:05:57.329764,2026-05-25T02:05:57.329765,v0.7.0+
oto,/Volumes/Samsam/Public/USIdata/polaris-development-sp-z-o-o/aleja-krakowska-201/usi_oto_67867253.json,2026-05-25T02:05:57.329764,2026-06-02T11:05:36.337314,v0.7.0+
oto,/Volumes/Samsam/Public/USIdata/polaris-development-sp-z-o-o/korkowa-146/usi_oto_4AL91.json,2026-05-25T02:05:57.335581,2026-05-25T02:05:57.335583,v0.7.0+
oto,/Volumes/Samsam/Public/USIdata/polaris-development-sp-z-o-o/korkowa-146/usi_oto_67866379.json,2026-05-25T02:05:57.335581,2026-06-02T11:05:36.928388,v0.7.0+
rp,/Volumes/Samsam/Public/USIdata/polna-park/polna-park-duszniki-zdroj/usi_rp_17620.json,2026-05-25T02:05:57.324542,2026-06-02T23:12:37.634478,v0.7.0+
rp,/Volumes/Samsam/Public/USIdata/polski-holding-nieruchomosci-sa/insta-21-warszawa-rakow/usi_rp_13734.json,2026-05-25T02:05:57.285408,2026-06-02T23:12:37.561860,v0.7.0+
rp,/Volumes/Samsam/Public/USIdata/polski-holding-nieruchomosci-sa/nowa-nakielska-by-phn-bydgoszcz/usi_rp_18829.json,2026-05-25T02:05:57.303205,2026-06-02T23:12:37.598800,v0.7.0+
rp,/Volumes/Samsam/Public/USIdata/polski-holding-nieruchomosci-sa/osiedle-olimpijczyk-ii-lodz-zlotno/usi_rp_16316.json,2026-05-25T02:05:57.307572,2026-06-02T23:12:37.606238,v0.7.0+
oto,/Volumes/Samsam/Public/USIdata/polskie-domy-drewniane-s-a/choroszcz-osiedle-jabloniowa-aleja/usi_oto_4j3vf.json,2026-05-25T02:05:57.271483,2026-05-25T02:05:57.271485,v0.7.0+
oto,/Volumes/Samsam/Public/USIdata/pomorska-68-sp-z-o-o/gaja-park-apartamenty/usi_oto_4hjfC.json,2026-05-25T02:05:57.266190,2026-05-25T02:05:57.266192,v0.7.0+
rp,/Volumes/Samsam/Public/USIdata/pomorska-spoldzielnia-mieszkaniowa/willa-falata-bydgoszcz/usi_rp_15904.json,2026-05-25T02:05:57.259580,2026-06-02T23:12:37.528027,v0.7.0+
rp,/Volumes/Samsam/Public/USIdata/pomorska-spoldzielnia-mieszkaniowa/zielony-las-budynek-1-bydgoszcz/usi_rp_13408.json,2026-05-25T02:05:57.263212,2026-06-02T23:12:37.536207,v0.7.0+
oto,/Volumes/Samsam/Public/USIdata/pomorskie-domy/aleja-wisniowa-pogorze/usi_oto_4thnI.json,2026-05-25T02:05:57.228624,2026-05-25T02:05:57.228626,v0.7.0+
oto,/Volumes/Samsam/Public/USIdata/pomorskie-domy/botanika-iv/usi_oto_4z7dk.json,2026-05-25T02:05:57.238721,2026-05-25T02:05:57.238722,v0.7.0+
rp,/Volumes/Samsam/Public/USIdata/pomorskie-domy/domy-u-zrodel-marii-gdynia-wielki-kack/usi_rp_18909.json,2026-05-25T02:05:57.242028,2026-06-02T23:12:37.505625,v0.7.0+
oto,/Volumes/Samsam/Public/USIdata/pomorskie-domy/focus-twoje-nowe-centrum-w-pruszczu-gdanskim/usi_oto_4pvW5.json,2026-05-25T02:05:57.245216,2026-05-25T02:05:57.245218,v0.7.0+
oto,/Volumes/Samsam/Public/USIdata/pomorskie-domy/luna-gdansk-galaktyczna-nowa-inwestycja-w-osowej/usi_oto_4pYz1.json,2026-05-25T02:05:57.249037,2026-05-25T02:05:57.249040,v0.7.0+
rp,/Volumes/Samsam/Public/USIdata/pomorskie-domy/stelo-gdansk-osowa/usi_rp_14413.json,2026-05-25T02:05:57.252453,2026-06-02T23:12:37.512424,v0.7.0+
rp,/Volumes/Samsam/Public/USIdata/pomorskie-domy/valor-rumia/usi_rp_14363.json,2026-05-25T02:05:57.256240,2026-06-02T23:12:37.519998,v0.7.0+
oto,/Volumes/Samsam/Public/USIdata/port-praski/port-praski/usi_oto_4AzSt.json,2026-05-25T02:05:57.219929,2026-05-25T02:05:57.219931,v0.7.0+
oto,/Volumes/Samsam/Public/USIdata/port-praski/port-praski/usi_oto_67823069.json,2026-05-25T02:05:57.219929,2026-06-02T11:05:56.000958,v0.7.0+
rp,/Volumes/Samsam/Public/USIdata/port-sp-z-oo-sp-k/blekitny-wawer-etap-ii-warszawa-nadwisle/usi_rp_16437.json,2026-05-25T02:05:57.211095,2026-06-02T23:12:37.472659,v0.7.0+
rp,/Volumes/Samsam/Public/USIdata/port-sp-z-oo-sp-k/blekitny-wawer-etap-iii-warszawa-nadwisle/usi_rp_17621.json,2026-05-25T02:05:57.215693,2026-06-02T23:12:37.481731,v0.7.0+
oto,/Volumes/Samsam/Public/USIdata/portal-blue-sp-zo-o/apartamenty-sopot-portal-blue/usi_oto_4sFN0.json,2026-05-25T02:05:57.207381,2026-05-25T02:05:57.207382,v0.7.0+
rp,/Volumes/Samsam/Public/USIdata/portico-marina-sp-z-oo-i-wspolnicy-sp-k/portico-marina-legionowski-zegrze/usi_rp_9187.json,2026-05-25T02:05:57.203151,2026-06-02T23:12:37.464182,v0.7.0+
oto,/Volumes/Samsam/Public/USIdata/portus-sp-z-o-o/osiedle-bandurskiego/usi_oto_4tnTU.json,2026-05-25T02:05:57.198458,2026-05-25T02:05:57.198460,v0.7.0+
oto,/Volumes/Samsam/Public/USIdata/posto-development-sp-z-o-o/enklawa-solarzow/usi_oto_4qwNf.json,2026-05-25T02:05:57.189653,2026-05-25T02:05:57.189655,v0.7.0+
oto,/Volumes/Samsam/Public/USIdata/posto-development-sp-z-o-o/osadnicza-23/usi_oto_4trWD.json,2026-05-25T02:05:57.193639,2026-05-25T02:05:57.193642,v0.7.0+
rp,/Volumes/Samsam/Public/USIdata/powazka-marek-firma-budowlano-deweloperska/osiedle-ostoja-bud-d-olsztyn/usi_rp_18977.json,2026-05-25T02:05:57.183833,2026-06-02T23:12:37.448501,v0.7.0+
rp,/Volumes/Samsam/Public/USIdata/powazka-marek-firma-budowlano-deweloperska/osiedle-ostoja-olsztyn/usi_rp_15611.json,2026-05-25T02:05:57.186916,2026-06-02T23:12:37.456556,v0.7.0+
rp,/Volumes/Samsam/Public/USIdata/poziom-inwestycje-sp-z-oo-spk/naukowa-55-warszawa-stare-wlochy/usi_rp_15388.json,2026-05-25T02:05:57.181270,2026-06-02T23:12:37.442019,v0.7.0+
rp,/Volumes/Samsam/Public/USIdata/poznan-kartuska-sp-z-oo-sp-k/stara-cegielnia-etap-iii-poznan-gorczyn/usi_rp_14977.json,2026-05-25T02:05:57.172880,2026-06-02T23:12:37.423616,v0.7.0+
oto,/Volumes/Samsam/Public/USIdata/pph-orion/osiedle-narcyzowe/usi_oto_4lqgm.json,2026-05-25T02:05:57.168760,2026-05-25T02:05:57.168762,v0.7.0+
oto,/Volumes/Samsam/Public/USIdata/pphu-as-arkadiusz-czyzewski/koscielna-2/usi_oto_4x62q.json,2026-05-25T02:05:57.164993,2026-05-25T02:05:57.164995,v0.7.0+
oto,/Volumes/Samsam/Public/USIdata/pphu-corpores/sprzeczna-6/usi_oto_4sCRq.json,2026-05-25T02:05:57.160805,2026-05-25T02:05:57.160807,v0.7.0+
oto,/Volumes/Samsam/Public/USIdata/pphu-corpores-sp-z-o-o/apartamenty-aroniowa-rzeszow-gotowe-mieszkania/usi_oto_45ch2.json,2026-05-25T02:05:57.155791,2026-05-25T02:05:57.155795,v0.7.0+
rp,/Volumes/Samsam/Public/USIdata/pphu-jordan-radoslaw-godlewski/osiedle-paprociowa-lodz-wiskitno/usi_rp_19426.json,2026-05-25T02:05:57.149777,2026-06-02T23:12:37.415675,v0.7.0+
oto,/Volumes/Samsam/Public/USIdata/ppi/nowa-mangalia-ii/usi_oto_4oFK5.json,2026-05-25T02:05:57.145036,2026-05-25T02:05:57.145038,v0.7.0+
rp,/Volumes/Samsam/Public/USIdata/ppuh-glif-slawomir-ziolkowski/przy-makowej-krasnik/usi_rp_16161.json,2026-05-25T02:05:57.109751,2026-06-02T23:12:37.399406,v0.7.0+
rp,/Volumes/Samsam/Public/USIdata/ppuh-kombinat-budowlany-sp-z-oo/apartamenty-alto-bialystok/usi_rp_15561.json,2026-05-25T02:05:57.051239,2026-06-02T23:12:37.330785,v0.7.0+
rp,/Volumes/Samsam/Public/USIdata/ppuh-kombinat-budowlany-sp-z-oo/apartamenty-czysta-bialystok-centrum/usi_rp_20226.json,2026-05-25T02:05:57.055789,2026-06-02T23:12:37.338623,v0.7.0+
rp,/Volumes/Samsam/Public/USIdata/ppuh-kombinat-budowlany-sp-z-oo/apartamenty-lakowa-bialystok/usi_rp_17584.json,2026-05-25T02:05:57.058904,2026-06-02T23:12:37.346039,v0.7.0+
rp,/Volumes/Samsam/Public/USIdata/ppuh-kombinat-budowlany-sp-z-oo/apartamenty-sosnowa-bialystok/usi_rp_15565.json,2026-05-25T02:05:57.062359,2026-06-02T23:12:37.352469,v0.7.0+
rp,/Volumes/Samsam/Public/USIdata/ppuh-kombinat-budowlany-sp-z-oo/kamienica-przy-cieplej-bialystok/usi_rp_18761.json,2026-05-25T02:05:57.068991,2026-06-02T23:12:37.366170,v0.7.0+
rp,/Volumes/Samsam/Public/USIdata/ppuh-kombinat-budowlany-sp-z-oo/osiedle-rytm-etap-2-bialystok/usi_rp_19103.json,2026-05-25T02:05:57.073985,2026-06-02T23:12:37.374003,v0.7.0+
rp,/Volumes/Samsam/Public/USIdata/ppuh-kombinat-budowlany-sp-z-oo/przy-kochanowskiego-bialystok/usi_rp_19179.json,2026-05-25T02:05:57.080902,2026-06-02T23:12:37.381527,v0.7.0+
rp,/Volumes/Samsam/Public/USIdata/ppuh-kombinat-budowlany-sp-z-oo/przy-kollataja-bialystok/usi_rp_15566.json,2026-05-25T02:05:57.091420,2026-06-02T23:12:37.391399,v0.7.0+
rp,/Volumes/Samsam/Public/USIdata/pratum/pratum-apartamenty-mikolajki/usi_rp_13925.json,2026-05-25T02:05:57.047351,2026-06-02T23:12:37.324021,v0.7.0+
oto,/Volumes/Samsam/Public/USIdata/precast-development/konstancin-hill-kameralne-osiedle-9-minut-od-warszawy/usi_oto_4AgjH.json,2026-05-25T02:05:57.028393,2026-05-25T02:05:57.028395,v0.7.0+
rp,/Volumes/Samsam/Public/USIdata/precast-development/osiedle-sosnowe-lazy-piaseczynski-lazy/usi_rp_18806.json,2026-05-25T02:05:57.033463,2026-06-02T23:12:37.307423,v0.7.0+
oto,/Volumes/Samsam/Public/USIdata/precast-development/osiedle-sosnowe-lazy-start-sprzedazy-10-min-od-warsawy/usi_oto_4xkCz.json,2026-05-25T02:05:57.036998,2026-05-25T02:05:57.036999,v0.7.0+
rp,/Volumes/Samsam/Public/USIdata/precast-development/osiedle-tarczyn-piaseczynski/usi_rp_17380.json,2026-05-25T02:05:57.040042,2026-06-02T23:12:37.314924,v0.7.0+
oto,/Volumes/Samsam/Public/USIdata/precast-development/start-sprzedazy-osiedle-sosnowe-lazy-aleja-akacjowa-3-etap/usi_oto_4AAS3.json,2026-05-25T02:05:57.044431,2026-05-25T02:05:57.044433,v0.7.0+
oto,/Volumes/Samsam/Public/USIdata/precision-sp-z-o-o/rzeszow-lesne-wzgorze/usi_oto_4AzTb.json,2026-05-25T02:05:57.023096,2026-05-25T02:05:57.023098,v0.7.0+
rp,/Volumes/Samsam/Public/USIdata/predict-sp-z-oo/millenova-piaseczynski-wladyslawow/usi_rp_18633.json,2026-05-25T02:05:57.018620,2026-06-02T23:12:37.297272,v0.7.0+
oto,/Volumes/Samsam/Public/USIdata/prem-sp-z-o-o/wisniowa-aleja-zabrze-heweliusza/usi_oto_4xnyR.json,2026-05-25T02:05:57.014061,2026-05-25T02:05:57.014064,v0.7.0+
rp,/Volumes/Samsam/Public/USIdata/premium-deweloper-sp-z-oo/kolobrzeska-36b-olsztyn/usi_rp_13192.json,2026-05-25T02:05:57.002647,2026-06-02T23:12:37.275443,v0.7.0+
rp,/Volumes/Samsam/Public/USIdata/premium-deweloper-sp-z-oo/osiedle-premium-etap-iii-olsztyn/usi_rp_15620.json,2026-05-25T02:05:57.008110,2026-06-02T23:12:37.283198,v0.7.0+
rp,/Volumes/Samsam/Public/USIdata/premium-deweloper-sp-z-oo/osiedle-premium-etap-iv-olsztyn/usi_rp_18296.json,2026-05-25T02:05:57.011176,2026-06-02T23:12:37.291444,v0.7.0+
oto,/Volumes/Samsam/Public/USIdata/premium-dom-sp-z-o-o/marina-serock/usi_oto_4vPeN.json,2026-05-25T02:05:56.997770,2026-05-25T02:05:56.997772,v0.7.0+
rp,/Volumes/Samsam/Public/USIdata/premium-invest-piotr-basiewicz-pawel-babinski-sc/jeziorna-19-elk/usi_rp_15974.json,2026-05-25T02:05:56.984621,2026-06-02T23:12:37.255127,v0.7.0+
rp,/Volumes/Samsam/Public/USIdata/premium-invest-piotr-basiewicz-pawel-babinski-sc/nowomiejska-etap-ii-suwalki/usi_rp_15976.json,2026-05-25T02:05:56.989638,2026-06-02T23:12:37.262023,v0.7.0+
rp,/Volumes/Samsam/Public/USIdata/premium-invest-piotr-basiewicz-pawel-babinski-sc/osiedle-nowomiejska-budynek-e-suwalki/usi_rp_17709.json,2026-05-25T02:05:56.993113,2026-06-02T23:12:37.267696,v0.7.0+
to,/Volumes/Samsam/Public/USIdata/pres/osiedle-jar-heweliusza-bud-d-j-heweliusza-15-15a-torun-wrzosy-jar-mieszkania-na-sprzedaz/usi_to_9124253.json,2026-05-25T02:04:58.916221,2026-05-25T02:04:58.916224,v0.7.0+
oto,/Volumes/Samsam/Public/USIdata/pres-grupa-deweloperska/mickiewicza-ciechocinek/usi_oto_4xwOQ.json,2026-05-25T02:04:58.896107,2026-05-25T02:04:58.896110,v0.7.0+
rp,/Volumes/Samsam/Public/USIdata/pres-grupa-deweloperska/mickiewicza-ciechocinek/usi_rp_18746.json,2026-05-25T02:05:56.926203,2026-06-02T23:12:37.104146,v0.7.0+
rp,/Volumes/Samsam/Public/USIdata/pres-grupa-deweloperska/miejska-przystan-bydgoszcz/usi_rp_1843.json,2026-05-25T02:05:56.929723,2026-06-02T23:12:37.163672,v0.7.0+
rp,/Volumes/Samsam/Public/USIdata/pres-grupa-deweloperska/miejska-przystan-etap-ii-bydgoszcz/usi_rp_3318.json,2026-05-25T02:05:56.932649,2026-06-02T23:12:37.171020,v0.7.0+
oto,/Volumes/Samsam/Public/USIdata/pres-grupa-deweloperska/nowe-horyzonty/usi_oto_4xtXM.json,2026-05-25T02:05:56.936015,2026-05-25T02:05:56.936016,v0.7.0+
rp,/Volumes/Samsam/Public/USIdata/pres-grupa-deweloperska/nowe-torpo-ii-etap-torun/usi_rp_14127.json,2026-05-25T02:05:56.939225,2026-06-02T23:12:37.177172,v0.7.0+
rp,/Volumes/Samsam/Public/USIdata/pres-grupa-deweloperska/nowe-torpo-torun/usi_rp_12310.json,2026-05-25T02:05:56.941781,2026-06-02T23:12:37.182954,v0.7.0+
oto,/Volumes/Samsam/Public/USIdata/pres-grupa-deweloperska/osiedle-jar-heweliusza/usi_oto_4xv9P.json,2026-05-25T02:05:56.946423,2026-05-25T02:05:56.946424,v0.7.0+
rp,/Volumes/Samsam/Public/USIdata/pres-grupa-deweloperska/osiedle-jar-heweliusza-bud-b-torun/usi_rp_18721.json,2026-05-25T02:05:56.949885,2026-06-02T23:12:37.190247,v0.7.0+
rp,/Volumes/Samsam/Public/USIdata/pres-grupa-deweloperska/osiedle-jar-heweliusza-bud-c-torun/usi_rp_18724.json,2026-05-25T02:05:56.952894,2026-06-02T23:12:37.196050,v0.7.0+
rp,/Volumes/Samsam/Public/USIdata/pres-grupa-deweloperska/osiedle-nowe-horyzonty-bydgoszcz/usi_rp_16465.json,2026-05-25T02:05:56.960559,2026-06-02T23:12:37.211314,v0.7.0+
rp,/Volumes/Samsam/Public/USIdata/pres-grupa-deweloperska/osiedle-nowe-horyzonty-etap-ii-warszawa-srodmiescie-poludniowe/usi_rp_18744.json,2026-05-25T02:05:56.963858,2026-06-02T23:12:37.217193,v0.7.0+
rp,/Volumes/Samsam/Public/USIdata/pres-grupa-deweloperska/osiedle-nowe-horyzonty-etap-iii-bydgoszcz/usi_rp_18745.json,2026-05-25T02:05:56.966669,2026-06-02T23:12:37.224799,v0.7.0+
rp,/Volumes/Samsam/Public/USIdata/pres-grupa-deweloperska/osiedle-podgorska-torun/usi_rp_13983.json,2026-05-25T02:05:56.969249,2026-06-02T23:12:37.230665,v0.7.0+
rp,/Volumes/Samsam/Public/USIdata/pres-grupa-deweloperska/park-nad-kanalem-bydgoszcz/usi_rp_11415.json,2026-05-25T02:05:56.972536,2026-06-02T23:12:37.237217,v0.7.0+
rp,/Volumes/Samsam/Public/USIdata/pres-grupa-deweloperska/rezydencja-metropolis-bydgoszcz/usi_rp_1924.json,2026-05-25T02:05:56.975617,2026-06-02T23:12:37.243849,v0.7.0+
oto,/Volumes/Samsam/Public/USIdata/pres-grupa-deweloperska/rubinova/usi_oto_4xwHW.json,2026-05-25T02:05:56.978409,2026-05-25T02:05:56.978410,v0.7.0+
rp,/Volumes/Samsam/Public/USIdata/pres-grupa-deweloperska/rubinova-torun/usi_rp_15725.json,2026-05-25T02:05:56.981592,2026-06-02T23:12:37.249399,v0.7.0+
to,/Volumes/Samsam/Public/USIdata/prestige/bel-mare-home-nowomysliwska-miedzyzdroje-mieszkania-na-sprzedaz/usi_to_9009570.json,2026-05-25T02:04:58.885205,2026-05-25T02:04:58.885208,v0.7.0+
to,/Volumes/Samsam/Public/USIdata/prestige/bel-mare-nowomysliwska-miedzyzdroje-mieszkania-na-sprzedaz/usi_to_5901587.json,2026-05-25T02:04:58.891301,2026-05-25T02:04:58.891303,v0.7.0+
rp,/Volumes/Samsam/Public/USIdata/pribo-epb-sp-z-oo/moniuszki-pisz/usi_rp_15548.json,2026-05-25T02:05:56.907358,2026-06-02T23:12:37.064528,v0.7.0+
oto,/Volumes/Samsam/Public/USIdata/prime-spot-grupa-inwestycyjna/przystan-jastarnia/usi_oto_4sXjO.json,2026-05-25T02:05:56.898469,2026-05-25T02:05:56.898471,v0.7.0+
oto,/Volumes/Samsam/Public/USIdata/prime-spot-grupa-inwestycyjna/przystan-jurata/usi_oto_4yMAC.json,2026-05-25T02:05:56.901941,2026-05-25T02:05:56.901942,v0.7.0+
oto,/Volumes/Samsam/Public/USIdata/prk7-nieruchomosci/paslecka-14/usi_oto_4x3CA.json,2026-05-25T02:05:56.890896,2026-05-25T02:05:56.890897,v0.7.0+
oto,/Volumes/Samsam/Public/USIdata/prm/kawalerki-inwestycyjne-renton-rumia/usi_oto_4ep7H.json,2026-05-25T02:05:56.875045,2026-05-25T02:05:56.875047,v0.7.0+
oto,/Volumes/Samsam/Public/USIdata/prm/osiedle-modesta/usi_oto_4hwZt.json,2026-05-25T02:05:56.878684,2026-05-25T02:05:56.878685,v0.7.0+
oto,/Volumes/Samsam/Public/USIdata/prm/willa-innova/usi_oto_4aS5U.json,2026-05-25T02:05:56.881870,2026-05-25T02:05:56.881871,v0.7.0+
rp,/Volumes/Samsam/Public/USIdata/prm-group/osiedle-modesta-etap-ii-rumia/usi_rp_18222.json,2026-05-25T02:05:56.871416,2026-06-02T23:12:37.030611,v0.7.0+
rp,/Volumes/Samsam/Public/USIdata/pro-urba/19-dzielnica-etap-2-warszawa-wola-czyste/usi_rp_2879.json,2026-05-25T02:05:56.853995,2026-06-02T23:12:37.001007,v0.7.0+
rp,/Volumes/Samsam/Public/USIdata/pro-urba/19-dzielnica-etap-iii-warszawa-wola-czyste/usi_rp_5712.json,2026-05-25T02:05:56.857968,2026-06-02T23:12:37.009235,v0.7.0+
rp,/Volumes/Samsam/Public/USIdata/pro-urba/19-dzielnica-etap-iv-warszawa-wola-czyste/usi_rp_8914.json,2026-05-25T02:05:56.861163,2026-06-02T23:12:37.016612,v0.7.0+
oto,/Volumes/Samsam/Public/USIdata/pro-urba/19-dzielnica-v/usi_oto_4vUIM.json,2026-05-25T02:05:56.867688,2026-05-25T02:05:56.867690,v0.7.0+
oto,/Volumes/Samsam/Public/USIdata/proam-home/gwiazdy-polarnej-2-miejsca-postojowe-w-cenie/usi_oto_4sYZ6.json,2026-05-25T02:05:56.847175,2026-05-25T02:05:56.847176,v0.7.0+
oto,/Volumes/Samsam/Public/USIdata/proam-home/sloneczne-tarasy-grafitowa-mierzyn/usi_oto_4sYXo.json,2026-05-25T02:05:56.850947,2026-05-25T02:05:56.850949,v0.7.0+
rp,/Volumes/Samsam/Public/USIdata/prodim-sp-z-oo/swierkowe-bielany-wroclawski-bielany-wroclawskie/usi_rp_18637.json,2026-05-25T02:05:56.842448,2026-06-02T23:12:36.991692,v0.7.0+
oto,/Volumes/Samsam/Public/USIdata/profbud/gaia-park/usi_oto_4jMmC.json,2026-05-25T02:05:56.802082,2026-05-25T02:05:56.802084,v0.7.0+
rp,/Volumes/Samsam/Public/USIdata/profbud/gaia-park-konstancin-jeziorna/usi_rp_15647.json,2026-05-25T02:05:56.806789,2026-06-02T23:12:36.938397,v0.7.0+
oto,/Volumes/Samsam/Public/USIdata/profbud/miasto-polskich-mistrzow-olimpijskich/usi_oto_4tn1p.json,2026-05-25T02:05:56.810120,2026-05-25T02:05:56.810122,v0.7.0+
oto,/Volumes/Samsam/Public/USIdata/profbud/miasto-polskich-mistrzow-olimpijskich-ii/usi_oto_68041123.json,2026-06-02T11:04:05.497296,2026-06-02T11:04:05.985156,v0.7.0+
oto,/Volumes/Samsam/Public/USIdata/profbud/osiedle-primo-iv/usi_oto_4jP1J.json,2026-05-25T02:05:56.829284,2026-05-25T02:05:56.829286,v0.7.0+
rp,/Volumes/Samsam/Public/USIdata/profit-development/atmosfera-wroclaw-fabryczna-zerniki/usi_rp_6681.json,2026-05-25T02:05:56.645817,2026-06-02T23:12:36.664469,v0.7.0+
rp,/Volumes/Samsam/Public/USIdata/profit-development/etiuda-lodz-srodmiescie/usi_rp_548.json,2026-05-25T02:05:56.655153,2026-06-02T23:12:36.685252,v0.7.0+
rp,/Volumes/Samsam/Public/USIdata/profit-development/forma-wysoka-wroclawski-wysoka/usi_rp_4534.json,2026-05-25T02:05:56.658053,2026-06-02T23:12:36.692242,v0.7.0+
rp,/Volumes/Samsam/Public/USIdata/profit-development/gdanska-141-lodz-polesie-stare-polesie/usi_rp_5391.json,2026-05-25T02:05:56.661116,2026-06-02T23:12:36.699658,v0.7.0+
rp,/Volumes/Samsam/Public/USIdata/profit-development/gdanska-141a-lodz-polesie-stare-polesie/usi_rp_9024.json,2026-05-25T02:05:56.664483,2026-06-02T23:12:36.705492,v0.7.0+
rp,/Volumes/Samsam/Public/USIdata/profit-development/kajdasza-etap-ii-wroclaw-krzyki-jagodno/usi_rp_13692.json,2026-05-25T02:05:56.669677,2026-06-02T23:12:36.711898,v0.7.0+
rp,/Volumes/Samsam/Public/USIdata/profit-development/kajdasza-wroclaw-krzyki-jagodno/usi_rp_10612.json,2026-05-25T02:05:56.676095,2026-06-02T23:12:36.726809,v0.7.0+
oto,/Volumes/Samsam/Public/USIdata/profit-development/konopacka/usi_oto_4m96f.json,2026-05-25T02:05:56.679934,2026-05-25T02:05:56.679935,v0.7.0+
rp,/Volumes/Samsam/Public/USIdata/profit-development/minimax-wroclaw-krzyki-partynice/usi_rp_4043.json,2026-05-25T02:05:56.698755,2026-06-02T23:12:36.759758,v0.7.0+
rp,/Volumes/Samsam/Public/USIdata/profit-development/moj-grabiszynek-wroclaw-fabryczna-grabiszyn-grabiszynek/usi_rp_459.json,2026-05-25T02:05:56.701570,2026-06-02T23:12:36.768526,v0.7.0+
rp,/Volumes/Samsam/Public/USIdata/profit-development/murowana-wroclaw-psie-pole-swojczyce/usi_rp_11808.json,2026-05-25T02:05:56.705386,2026-06-02T23:12:36.774339,v0.7.0+
oto,/Volumes/Samsam/Public/USIdata/profit-development/nowe-zlotno/usi_oto_4tpxt.json,2026-05-25T02:05:56.708268,2026-05-25T02:05:56.708270,v0.7.0+
oto,/Volumes/Samsam/Public/USIdata/profit-development/osiedle-hemara-3/usi_oto_4pVh3.json,2026-05-25T02:05:56.711275,2026-05-25T02:05:56.711277,v0.7.0+
rp,/Volumes/Samsam/Public/USIdata/profit-development/osiedle-nowe-zlotno-etap-v-lodz-polesie-zlotno/usi_rp_13246.json,2026-05-25T02:05:56.722673,2026-06-02T23:12:36.796068,v0.7.0+
rp,/Volumes/Samsam/Public/USIdata/profit-development/osiedle-nowe-zlotno-etap-vi-lodz-zlotno/usi_rp_16462.json,2026-05-25T02:05:56.725573,2026-06-02T23:12:36.803492,v0.7.0+
rp,/Volumes/Samsam/Public/USIdata/profit-development/osiedle-plejada-ii-lodz-widzew-zarzew/usi_rp_460.json,2026-05-25T02:05:56.728525,2026-06-02T23:12:36.810099,v0.7.0+
rp,/Volumes/Samsam/Public/USIdata/profit-development/osiedle-rumiankowe-wroclaw-fabryczna-zerniki/usi_rp_1530.json,2026-05-25T02:05:56.733767,2026-06-02T23:12:36.826087,v0.7.0+
rp,/Volumes/Samsam/Public/USIdata/profit-development/pod-przyjaznym-adresem-wroclaw-krzyki/usi_rp_1201.json,2026-05-25T02:05:56.736242,2026-06-02T23:12:36.834094,v0.7.0+
oto,/Volumes/Samsam/Public/USIdata/profit-development/pogonowskiego-52/usi_oto_4xW7w.json,2026-05-25T02:05:56.739047,2026-05-25T02:05:56.739049,v0.7.0+
rp,/Volumes/Samsam/Public/USIdata/profit-development/praga-17-warszawa-praga-poludnie-grochow/usi_rp_7237.json,2026-05-25T02:05:56.748729,2026-06-02T23:12:36.855076,v0.7.0+
rp,/Volumes/Samsam/Public/USIdata/profit-development/punkt-piekna-wroclaw-krzyki-tarnogaj/usi_rp_6855.json,2026-05-25T02:05:56.762073,2026-06-02T23:12:36.883571,v0.7.0+
oto,/Volumes/Samsam/Public/USIdata/profit-development/redzinska/usi_oto_4tdcS.json,2026-05-25T02:05:56.765898,2026-05-25T02:05:56.765900,v0.7.0+
rp,/Volumes/Samsam/Public/USIdata/profit-development/stablowicka-wroclaw-fabryczna-stablowice/usi_rp_10045.json,2026-05-25T02:05:56.780323,2026-06-02T23:12:36.903999,v0.7.0+
oto,/Volumes/Samsam/Public/USIdata/profit-development/wiaduktowa/usi_oto_4tddg.json,2026-05-25T02:05:56.786642,2026-05-25T02:05:56.786644,v0.7.0+
rp,/Volumes/Samsam/Public/USIdata/profit-development/zielone-stablowice-wroclaw-fabryczna-stablowice/usi_rp_458.json,2026-05-25T02:05:56.794741,2026-06-02T23:12:36.924563,v0.7.0+
rp,/Volumes/Samsam/Public/USIdata/profit-development/zyczliwa-wroclaw-krzyki-osiedle-krzyki/usi_rp_2905.json,2026-05-25T02:05:56.798656,2026-06-02T23:12:36.931277,v0.7.0+
to,/Volumes/Samsam/Public/USIdata/profitdevelopment/osiedle-hemara-3-mariana-hemara-warszawa-bialoleka-brzeziny-mieszkania-na-sprzedaz/usi_to_7220980.json,2026-05-25T02:04:58.869078,2026-05-25T02:04:58.869080,v0.7.0+
oto,/Volumes/Samsam/Public/USIdata/profstar-sp-z-o-o/plac-slowianski-9/usi_oto_4vRnK.json,2026-05-25T02:05:56.637685,2026-05-25T02:05:56.637686,v0.7.0+
rp,/Volumes/Samsam/Public/USIdata/profstar-sp-z-oo/odrowcow-7c-swinoujscie/usi_rp_20386.json,2026-06-02T10:52:48.773919,2026-06-02T23:12:36.634851,v0.7.0+
rp,/Volumes/Samsam/Public/USIdata/profstar-sp-z-oo/plac-slowianski-9-swinoujscie/usi_rp_20371.json,2026-05-25T02:05:56.632318,2026-06-02T23:12:36.647434,v0.7.0+
oto,/Volumes/Samsam/Public/USIdata/progres-budownictwo-development-sp-z-o-o-sp-komandytowa/apartamenty-miernicza/usi_oto_4pwJq.json,2026-05-25T02:05:56.627207,2026-05-25T02:05:56.627208,v0.7.0+
to,/Volumes/Samsam/Public/USIdata/progressdevelopment/zielony-horyzont-apartamenty-jedrowizna-lodz-widzew-stoki-mieszkania-na-sprzedaz/usi_to_8981840.json,2026-05-25T02:04:58.864225,2026-05-25T02:04:58.864227,v0.7.0+
oto,/Volumes/Samsam/Public/USIdata/proins/centralna-ii/usi_oto_4sWr5.json,2026-05-25T02:05:56.617289,2026-05-25T02:05:56.617291,v0.7.0+
oto,/Volumes/Samsam/Public/USIdata/proins/przewoz-a-b-c/usi_oto_4mFku.json,2026-05-25T02:05:56.622501,2026-05-25T02:05:56.622503,v0.7.0+
oto,/Volumes/Samsam/Public/USIdata/project-development-6-sp-z-o-o/shed-living-krakow/usi_oto_4l6it.json,2026-05-25T02:05:56.613522,2026-05-25T02:05:56.613523,v0.7.0+
oto,/Volumes/Samsam/Public/USIdata/projekt-1/maslowiecka-18/usi_oto_4jDXr.json,2026-05-25T02:05:56.609327,2026-05-25T02:05:56.609329,v0.7.0+
oto,/Volumes/Samsam/Public/USIdata/projekt-2-by-made-sp-z-o-iwiny-sp-k/osiedle-liviny/usi_oto_4ycg6.json,2026-05-25T02:05:56.603311,2026-05-25T02:05:56.603313,v0.7.0+
oto,/Volumes/Samsam/Public/USIdata/projekt-dom-deweloper/osiedle-for-rest-krupniki/usi_oto_4AYKE.json,2026-05-25T02:05:56.596721,2026-05-25T02:05:56.596722,v0.7.0+
oto,/Volumes/Samsam/Public/USIdata/projekt-dom-deweloper/osiedle-for-rest-krupniki/usi_oto_67918684.json,2026-05-25T02:05:56.596721,2026-06-02T11:05:14.603973,v0.7.0+
oto,/Volumes/Samsam/Public/USIdata/prolan-sp-z-o-o/inwestycja-lema-boguchwala-nowoczesne-mieszkania-blisko-rzeszowa/usi_oto_4ztz6.json,2026-05-25T02:05:56.590264,2026-05-25T02:05:56.590265,v0.7.0+
rp,/Volumes/Samsam/Public/USIdata/promenada-park/promenada-park-mragowo/usi_rp_15495.json,2026-05-25T02:05:56.586182,2026-06-02T23:12:36.623129,v0.7.0+
oto,/Volumes/Samsam/Public/USIdata/prometeon-marcin-klimaszewski/park-grotniki/usi_oto_4sLvG.json,2026-05-25T02:05:56.571338,2026-05-25T02:05:56.571340,v0.7.0+
oto,/Volumes/Samsam/Public/USIdata/proneko-sp-z-o-o/kaskada-jasien/usi_oto_4gY4k.json,2026-05-25T02:05:56.559531,2026-05-25T02:05:56.559532,v0.7.0+
oto,/Volumes/Samsam/Public/USIdata/proneko-sp-z-o-o/kaskada-jasien-ii/usi_oto_4lcvT.json,2026-05-25T02:05:56.564292,2026-05-25T02:05:56.564295,v0.7.0+
oto,/Volumes/Samsam/Public/USIdata/proneko-sp-z-o-o/osiedle-kompas/usi_oto_4t1aE.json,2026-05-25T02:05:56.567857,2026-05-25T02:05:56.567859,v0.7.0+
rp,/Volumes/Samsam/Public/USIdata/proneko-sp-z-oo/kaskada-jasien-etap-ii-gdansk-jasien/usi_rp_15840.json,2026-05-25T02:05:56.548374,2026-06-02T23:12:36.600354,v0.7.0+
rp,/Volumes/Samsam/Public/USIdata/proneko-sp-z-oo/kaskada-jasien-gdansk-jasien/usi_rp_14655.json,2026-05-25T02:05:56.552528,2026-06-02T23:12:36.608779,v0.7.0+
rp,/Volumes/Samsam/Public/USIdata/prox-invest-sp-z-oo-sp-k/nova-natura-etap-vii-gliwice/usi_rp_17731.json,2026-05-25T02:05:56.537010,2026-06-02T23:12:36.576907,v0.7.0+
rp,/Volumes/Samsam/Public/USIdata/prox-invest-sp-z-oo-sp-k/nova-natura-v-i-vi-gliwice/usi_rp_16259.json,2026-05-25T02:05:56.540634,2026-06-02T23:12:36.585229,v0.7.0+
oto,/Volumes/Samsam/Public/USIdata/prox-inwestycje-sp-z-o-o/nova-natura/usi_oto_4sqWv.json,2026-05-25T02:05:56.530433,2026-05-25T02:05:56.530434,v0.7.0+
rp,/Volumes/Samsam/Public/USIdata/proxin-investment-sp-z-oo/izera-park-swieradow-zdroj/usi_rp_16215.json,2026-05-25T02:05:56.513780,2026-06-02T23:12:36.547716,v0.7.0+
rp,/Volumes/Samsam/Public/USIdata/proxin-investment-sp-z-oo/nowe-ogrody-70-poznan-jezyce-wola/usi_rp_13670.json,2026-05-25T02:05:56.520558,2026-06-02T23:12:36.561863,v0.7.0+
rp,/Volumes/Samsam/Public/USIdata/proxin-investment-sp-z-oo/nowe-ogrody-80-poznan-wola/usi_rp_14679.json,2026-05-25T02:05:56.526605,2026-06-02T23:12:36.568556,v0.7.0+
oto,/Volumes/Samsam/Public/USIdata/przedsiebiorstwo-administracji-i-zarzadzania-nieruchomosciami-centrum-administracyjne-ii/apartamenty-graniczna-12/usi_oto_4zlED.json,2026-05-25T02:05:56.509941,2026-05-25T02:05:56.509943,v0.7.0+
rp,/Volumes/Samsam/Public/USIdata/przedsiebiorstwo-budowlane-budrem-leszek-cwiklinski/osiedle-sloneczny-zakatek-bydgoski-niemcz/usi_rp_15797.json,2026-05-25T02:05:56.505535,2026-06-02T23:12:36.540179,v0.7.0+
oto,/Volumes/Samsam/Public/USIdata/przedsiebiorstwo-budowlane-dombud-s-a/chrzanow-lesna-osiedle-zielona-dolina/usi_oto_4hGvU.json,2026-05-25T02:05:56.497507,2026-05-25T02:05:56.497509,v0.7.0+
oto,/Volumes/Samsam/Public/USIdata/przedsiebiorstwo-budowlane-dombud-s-a/harmony-park-w-chorzowie-przy-ul-bojarskiego/usi_oto_4mJbW.json,2026-05-25T02:05:56.501471,2026-05-25T02:05:56.501473,v0.7.0+
rp,/Volumes/Samsam/Public/USIdata/przedsiebiorstwo-budowlane-pbr-sa/leszczynskiego-32-bydgoszcz/usi_rp_15486.json,2026-05-25T02:05:56.478998,2026-06-02T23:12:36.511963,v0.7.0+
rp,/Volumes/Samsam/Public/USIdata/przedsiebiorstwo-budowlane-portal-henryk-janicki/wiedenski-park-kolobrzeg/usi_rp_14676.json,2026-05-25T02:05:56.475295,2026-06-02T23:12:36.503929,v0.7.0+
oto,/Volumes/Samsam/Public/USIdata/przedsiebiorstwo-budowlane-start-g-szmolke-m-szmolke-spolka-jawna/zawila-65/usi_oto_4tja1.json,2026-05-25T02:05:56.471343,2026-05-25T02:05:56.471345,v0.7.0+
rp,/Volumes/Samsam/Public/USIdata/przedsiebiorstwo-budowlane-szymichowski-jacek-szymichowski/dywizjonu-303-pruszcz-gdanski/usi_rp_20358.json,2026-05-25T02:05:56.463585,2026-06-02T23:12:36.489489,v0.7.0+
oto,/Volumes/Samsam/Public/USIdata/przedsiebiorstwo-budowlane-szymichowski-sp-z-o-o/dywizjonu-303/usi_oto_4p5Yp.json,2026-05-25T02:05:56.452561,2026-05-25T02:05:56.452563,v0.7.0+
oto,/Volumes/Samsam/Public/USIdata/przedsiebiorstwo-budowlane-szymichowski-sp-z-o-o/pruszcz-park-ul-arctowskiego-pruszcz-gdanski/usi_oto_42YCv.json,2026-05-25T02:05:56.457080,2026-05-25T02:05:56.457081,v0.7.0+
oto,/Volumes/Samsam/Public/USIdata/przedsiebiorstwo-budowlane-szymichowski-sp-z-o-o/silva-straszyn/usi_oto_4rafZ.json,2026-05-25T02:05:56.460193,2026-05-25T02:05:56.460194,v0.7.0+
oto,/Volumes/Samsam/Public/USIdata/przedsiebiorstwo-budowlane-walmar-maria-krzywopust/apartamenty-rzeczypospolitej-119a/usi_oto_4tBid.json,2026-05-25T02:05:56.448039,2026-05-25T02:05:56.448041,v0.7.0+
oto,/Volumes/Samsam/Public/USIdata/przedsiebiorstwo-budowlano-montazowe-i-rusztowaniowe-budros-sp-z-o-o/dualis-mieszkania/usi_oto_4yv9S.json,2026-05-25T02:05:56.439277,2026-05-25T02:05:56.439278,v0.7.0+
oto,/Volumes/Samsam/Public/USIdata/przedsiebiorstwo-budowlano-montazowe-i-rusztowaniowe-budros-sp-z-o-o/lunaria/usi_oto_4zC8H.json,2026-05-25T02:05:56.444064,2026-05-25T02:05:56.444066,v0.7.0+
oto,/Volumes/Samsam/Public/USIdata/przedsiebiorstwo-budownictwa-ogolnego-sp-z-o-o/ekonomiczna-4-i-4a-w-nowej-soli/usi_oto_4zRui.json,2026-05-25T02:05:56.420954,2026-05-25T02:05:56.420956,v0.7.0+
oto,/Volumes/Samsam/Public/USIdata/przedsiebiorstwo-budownictwa-ogolnego-sp-z-o-o/osiedle-niwa/usi_oto_4nyXM.json,2026-05-25T02:05:56.425561,2026-05-25T02:05:56.425562,v0.7.0+
oto,/Volumes/Samsam/Public/USIdata/przedsiebiorstwo-budownictwa-ogolnego-sp-z-o-o/osiedle-slaskie/usi_oto_4xrAH.json,2026-05-25T02:05:56.429045,2026-05-25T02:05:56.429047,v0.7.0+
oto,/Volumes/Samsam/Public/USIdata/przedsiebiorstwo-budownictwa-ogolnego-sp-z-o-o/osiedle-zielonogorskie-w-nowej-soli/usi_oto_4nrir.json,2026-05-25T02:05:56.432516,2026-05-25T02:05:56.432519,v0.7.0+
oto,/Volumes/Samsam/Public/USIdata/przedsiebiorstwo-budownictwa-ogolnego-sp-z-o-o/sady-batorego/usi_oto_4Br0U.json,2026-05-25T02:05:56.436060,2026-05-25T02:05:56.436062,v0.7.0+
oto,/Volumes/Samsam/Public/USIdata/przedsiebiorstwo-budownictwa-ogolnego-sp-z-o-o/sady-batorego/usi_oto_68027324.json,2026-05-25T02:05:56.436060,2026-06-02T11:04:17.010696,v0.7.0+
oto,/Volumes/Samsam/Public/USIdata/przedsiebiorstwo-handlowo-uslugowe-jantar-ryszard-lach/nowy-sikornik/usi_oto_4BhpK.json,2026-05-25T02:05:56.414956,2026-05-25T02:05:56.414958,v0.7.0+
oto,/Volumes/Samsam/Public/USIdata/przedsiebiorstwo-handlowo-uslugowe-jantar-ryszard-lach/nowy-sikornik/usi_oto_67990424.json,2026-05-25T02:05:56.414956,2026-06-02T11:04:41.145760,v0.7.0+
oto,/Volumes/Samsam/Public/USIdata/przedsiebiorstwo-inwestycyjno-budowlane-btm-sp-z-o-o/osiedle-parkowa-biedrusko/usi_oto_4xGS4.json,2026-05-25T02:05:56.409341,2026-05-25T02:05:56.409343,v0.7.0+
rp,/Volumes/Samsam/Public/USIdata/przedsiebiorstwo-inzynieryjne-wri-complex/park-rataje-chodzieski/usi_rp_15024.json,2026-05-25T02:05:56.398116,2026-06-02T23:12:36.467810,v0.7.0+
to,/Volumes/Samsam/Public/USIdata/przedsiebiorstwo-kamar/zdrojowa-park-bud-2-prof-w-grotta-busko-zdroj-mieszkania-na-sprzedaz/usi_to_9226110.json,2026-05-25T02:04:58.850617,2026-05-25T02:04:58.850621,v0.7.0+
oto,/Volumes/Samsam/Public/USIdata/przedsiebiorstwo-perfekt-dom-zdzislaw-brazkiewicz-leszek-waldowski/longinowka/usi_oto_3IJqQ.json,2026-05-25T02:05:56.389854,2026-05-25T02:05:56.389856,v0.7.0+
oto,/Volumes/Samsam/Public/USIdata/przedsiebiorstwo-perfekt-dom-zdzislaw-brazkiewicz-leszek-waldowski/osiedle-polnoc/usi_oto_3XWBq.json,2026-05-25T02:05:56.394024,2026-05-25T02:05:56.394026,v0.7.0+
rp,/Volumes/Samsam/Public/USIdata/przedsiebiorstwo-uslugowo-handlowe-lem-bud-sp-z-oo/awangarda-etap-ii-torun/usi_rp_11470.json,2026-05-25T02:05:56.341540,2026-06-02T23:12:36.364541,v0.7.0+
rp,/Volumes/Samsam/Public/USIdata/przedsiebiorstwo-uslugowo-handlowe-lem-bud-sp-z-oo/awangarda-torun/usi_rp_9005.json,2026-05-25T02:05:56.345025,2026-06-02T23:12:36.370670,v0.7.0+
rp,/Volumes/Samsam/Public/USIdata/przedsiebiorstwo-uslugowo-handlowe-lem-bud-sp-z-oo/nobilis-torun/usi_rp_16569.json,2026-05-25T02:05:56.347977,2026-06-02T23:12:36.377558,v0.7.0+
rp,/Volumes/Samsam/Public/USIdata/przedsiebiorstwo-uslugowo-handlowe-lem-bud-sp-z-oo/okolna-123-torun/usi_rp_16385.json,2026-05-25T02:05:56.351296,2026-06-02T23:12:36.384854,v0.7.0+
rp,/Volumes/Samsam/Public/USIdata/przedsiebiorstwo-uslugowo-handlowe-lem-bud-sp-z-oo/osiedle-botanika-etap-2-torun/usi_rp_13022.json,2026-05-25T02:05:56.353869,2026-06-02T23:12:36.393088,v0.7.0+
rp,/Volumes/Samsam/Public/USIdata/przedsiebiorstwo-uslugowo-handlowe-lem-bud-sp-z-oo/osiedle-botanika-torun/usi_rp_12402.json,2026-05-25T02:05:56.356444,2026-06-02T23:12:36.398663,v0.7.0+
rp,/Volumes/Samsam/Public/USIdata/przedsiebiorstwo-uslugowo-handlowe-lem-bud-sp-z-oo/osiedle-harmonia-bud-b6-torun/usi_rp_17184.json,2026-05-25T02:05:56.359268,2026-06-02T23:12:36.404554,v0.7.0+
rp,/Volumes/Samsam/Public/USIdata/przedsiebiorstwo-uslugowo-handlowe-lem-bud-sp-z-oo/osiedle-harmonia-bud-b8-torun/usi_rp_18039.json,2026-05-25T02:05:56.364960,2026-06-02T23:12:36.419840,v0.7.0+
rp,/Volumes/Samsam/Public/USIdata/przedsiebiorstwo-uslugowo-handlowe-lem-bud-sp-z-oo/osiedle-harmonia-torun/usi_rp_14189.json,2026-05-25T02:05:56.368143,2026-06-02T23:12:36.427271,v0.7.0+
rp,/Volumes/Samsam/Public/USIdata/przedsiebiorstwo-uslugowo-handlowe-lem-bud-sp-z-oo/osiedle-natura-torun/usi_rp_11471.json,2026-05-25T02:05:56.371950,2026-06-02T23:12:36.432784,v0.7.0+
rp,/Volumes/Samsam/Public/USIdata/przedsiebiorstwo-uslugowo-handlowe-lem-bud-sp-z-oo/osiedle-panorama-wislana-etap-c2-bydgoszcz/usi_rp_14723.json,2026-05-25T02:05:56.375764,2026-06-02T23:12:36.439268,v0.7.0+
rp,/Volumes/Samsam/Public/USIdata/przedsiebiorstwo-uslugowo-handlowe-lem-bud-sp-z-oo/osiedle-panorama-wislana-etap-iii-budynek-c3-bydgoszcz/usi_rp_16350.json,2026-05-25T02:05:56.380078,2026-06-02T23:12:36.446873,v0.7.0+
rp,/Volumes/Samsam/Public/USIdata/przedsiebiorstwo-uslugowo-handlowe-lem-bud-sp-z-oo/osiedle-panorama-wislana-etap-iv-budynek-c5-bydgoszcz/usi_rp_17151.json,2026-05-25T02:05:56.383995,2026-06-02T23:12:36.452818,v0.7.0+
rp,/Volumes/Samsam/Public/USIdata/przedsiebiorstwo-uslugowo-handlowe-lem-bud-sp-z-oo/sobieskiego-29-torun/usi_rp_16764.json,2026-05-25T02:05:56.387002,2026-06-02T23:12:36.461687,v0.7.0+
oto,/Volumes/Samsam/Public/USIdata/przedsiebiorstwo-wielobranzowe-as-bud-sp-z-o-o/rezydencja-przystan/usi_oto_4rKbP.json,2026-05-25T02:05:56.331134,2026-05-25T02:05:56.331135,v0.7.0+
oto,/Volumes/Samsam/Public/USIdata/przedsiebiorstwo-wielobranzowe-budomex/mieszkaj-zyrardow-etap-vii/usi_oto_4oBLk.json,2026-05-25T02:05:56.322537,2026-05-25T02:05:56.322539,v0.7.0+
oto,/Volumes/Samsam/Public/USIdata/przedsiebiorstwo-wielobranzowe-budomex/zielona-przystan/usi_oto_4yQbU.json,2026-05-25T02:05:56.327900,2026-05-25T02:05:56.327902,v0.7.0+
rp,/Volumes/Samsam/Public/USIdata/przedsiebiorstwo-wielobranzowe-inter-kompleks-sp-z-oo/dom-rybaka-kolobrzeg/usi_rp_14923.json,2026-05-25T02:05:56.318650,2026-06-02T23:12:36.346429,v0.7.0+
rp,/Volumes/Samsam/Public/USIdata/przedsiebiorstwo-wielobranzowe-trak-bud/osiedle-niekanin-kolobrzeski-niekanin/usi_rp_3222.json,2026-05-25T02:05:56.314960,2026-06-02T23:12:36.337037,v0.7.0+
oto,/Volumes/Samsam/Public/USIdata/przestrzenie-1-0-spolka-z-o-o/przestrzenie-1-0/usi_oto_4x67x.json,2026-05-25T02:05:56.309971,2026-05-25T02:05:56.309973,v0.7.0+
oto,/Volumes/Samsam/Public/USIdata/ps-invest-sp-z-o-o/nova-litewska/usi_oto_4ioHx.json,2026-05-25T02:05:56.305316,2026-05-25T02:05:56.305317,v0.7.0+
oto,/Volumes/Samsam/Public/USIdata/ptasia-sp-z-o-o/ptasia-23/usi_oto_4BhUK.json,2026-05-25T02:05:56.294807,2026-05-25T02:05:56.294810,v0.7.0+
oto,/Volumes/Samsam/Public/USIdata/ptasia-sp-z-o-o/ptasia-23/usi_oto_67992346.json,2026-05-25T02:05:56.294807,2026-06-02T11:04:39.305300,v0.7.0+
oto,/Volumes/Samsam/Public/USIdata/pth-tech-trade/kosciuszki-82/usi_oto_4oc0A.json,2026-05-25T02:05:56.289629,2026-05-25T02:05:56.289630,v0.7.0+
oto,/Volumes/Samsam/Public/USIdata/pulso/pulso/usi_oto_4AxnU.json,2026-05-25T02:05:56.284867,2026-05-25T02:05:56.284869,v0.7.0+
rp,/Volumes/Samsam/Public/USIdata/pure-development/osiedle-architektow-etap-viii-warszawski-zachodni-duchnice/usi_rp_19530.json,2026-05-25T02:05:56.274655,2026-06-02T23:12:36.309786,v0.7.0+
rp,/Volumes/Samsam/Public/USIdata/pure-development/projekt-zalasewo-etap-ii-poznanski-zalasewo/usi_rp_16958.json,2026-05-25T02:05:56.281100,2026-06-02T23:12:36.323596,v0.7.0+
oto,/Volumes/Samsam/Public/USIdata/pw-lech-sp-z-o-o/osiedle-sloneczne/usi_oto_4haMU.json,2026-05-25T02:05:56.263304,2026-05-25T02:05:56.263305,v0.7.0+
oto,/Volumes/Samsam/Public/USIdata/pw-lech-sp-z-o-o/osiedle-sloneczne-ii-etap-ii/usi_oto_4Ah1d.json,2026-05-25T02:05:56.268246,2026-05-25T02:05:56.268247,v0.7.0+
oto,/Volumes/Samsam/Public/USIdata/pw-lech-sp-z-o-o/osiedle-sloneczne-ii-etap-iii/usi_oto_4Ahgs.json,2026-05-25T02:05:56.271149,2026-05-25T02:05:56.271151,v0.7.0+
rp,/Volumes/Samsam/Public/USIdata/pw-pubr-sp-z-oo/bydgoska-19-bydgoszcz/usi_rp_17844.json,2026-05-25T02:05:56.251217,2026-06-02T23:12:36.288579,v0.7.0+
rp,/Volumes/Samsam/Public/USIdata/pw-pubr-sp-z-oo/glinki-17-bydgoszcz/usi_rp_16450.json,2026-05-25T02:05:56.256780,2026-06-02T23:12:36.296656,v0.7.0+
rp,/Volumes/Samsam/Public/USIdata/pw-pubr-sp-z-oo/lokietka-46-bydgoszcz/usi_rp_13030.json,2026-05-25T02:05:56.260514,2026-06-02T23:12:36.303577,v0.7.0+
oto,/Volumes/Samsam/Public/USIdata/pwd-deweloper-sp-z-o-o/osiedle-zagajnik/usi_oto_4wuyX.json,2026-05-25T02:05:56.244648,2026-05-25T02:05:56.244649,v0.7.0+
oto,/Volumes/Samsam/Public/USIdata/pwd-deweloper-sp-z-o-o/swierzawska-19/usi_oto_4j7EQ.json,2026-05-25T02:05:56.248422,2026-05-25T02:05:56.248423,v0.7.0+
rp,/Volumes/Samsam/Public/USIdata/pwd-deweloper-sp-z-oo/osiedle-zagajnik-poznan-umultowo/usi_rp_17475.json,2026-05-25T02:05:56.239098,2026-06-02T23:12:36.275316,v0.7.0+
oto,/Volumes/Samsam/Public/USIdata/q3d-locum-sp-z-o-o/greendustry-zablocie/usi_oto_4dZfv.json,2026-05-25T02:05:56.224647,2026-05-25T02:05:56.224648,v0.7.0+
oto,/Volumes/Samsam/Public/USIdata/quadra-development-sp-z-o-o/cicha9-jedlnia-letnisko-gotowe-domy-od-dewelopera/usi_oto_4jljI.json,2026-05-25T02:05:56.209474,2026-05-25T02:05:56.209475,v0.7.0+
oto,/Volumes/Samsam/Public/USIdata/quadra-development-sp-z-o-o/krakowska-etap-i/usi_oto_4twCu.json,2026-05-25T02:05:56.214949,2026-05-25T02:05:56.214951,v0.7.0+
oto,/Volumes/Samsam/Public/USIdata/quadro-development/nowe-mieszkania-przy-parku-kameralny-gorczyn-ul-daleka-35-poznan/usi_oto_4B4Dv.json,2026-05-25T02:05:56.196654,2026-05-25T02:05:56.196655,v0.7.0+
oto,/Volumes/Samsam/Public/USIdata/quadro-development/nowe-mieszkania-przy-parku-kameralny-gorczyn-ul-daleka-35-poznan/usi_oto_67941306.json,2026-05-25T02:05:56.196654,2026-06-02T11:05:05.361175,v0.7.0+
rp,/Volumes/Samsam/Public/USIdata/quadro-development/rezydencja-winiary-etap-2-poznan-winiary/usi_rp_18661.json,2026-05-25T02:05:56.200394,2026-06-02T23:12:36.232914,v0.7.0+
oto,/Volumes/Samsam/Public/USIdata/quadro-development/rezydencja-winiary-etap-ii/usi_oto_4tiks.json,2026-05-25T02:05:56.203135,2026-05-25T02:05:56.203137,v0.7.0+
rp,/Volumes/Samsam/Public/USIdata/quadro-development/rynek-wschodni-poznan-glowna/usi_rp_13749.json,2026-05-25T02:05:56.206632,2026-06-02T23:12:36.239612,v0.7.0+
rp,/Volumes/Samsam/Public/USIdata/quelle-locum-sp-z-oo/3-wymiary-bronowice-krakow-pradnik-bialy/usi_rp_19014.json,2026-05-25T02:05:56.182094,2026-06-02T23:12:36.204320,v0.7.0+
rp,/Volumes/Samsam/Public/USIdata/quelle-locum-sp-z-oo/park-lesny-bronowice-etap-iv-krakow-pradnik-bialy/usi_rp_15076.json,2026-05-25T02:05:56.190901,2026-06-02T23:12:36.218752,v0.7.0+
rp,/Volumes/Samsam/Public/USIdata/quelle-locum-sp-z-oo/park-lesny-bronowice-krakow-pradnik-bialy/usi_rp_9010.json,2026-05-25T02:05:56.193548,2026-06-02T23:12:36.226544,v0.7.0+
rp,/Volumes/Samsam/Public/USIdata/quest-sc-robert-bartos-stanislaw-bartos/apartamenty-konopnickiej-skarzysko-kamienna/usi_rp_15896.json,2026-05-25T02:05:56.178741,2026-06-02T23:12:36.195970,v0.7.0+
oto,/Volumes/Samsam/Public/USIdata/r4r-gdansk-kolobrzeska-sp-z-o-o/resi4rent-gdansk-kolobrzeska/usi_oto_4tfAe.json,2026-05-25T02:05:56.174436,2026-05-25T02:05:56.174438,v0.7.0+
oto,/Volumes/Samsam/Public/USIdata/r4r-krakow-3-maja-spolka-z-ograniczona-odpowiedzialnoscia/resi4rent-krakow-blonia/usi_oto_4sQej.json,2026-05-25T02:05:56.169482,2026-05-25T02:05:56.169483,v0.7.0+
oto,/Volumes/Samsam/Public/USIdata/r4r-lodz-kilinskiego-sp-z-o-o/resi4rent-lodz-kilinskiego/usi_oto_4tfwK.json,2026-05-25T02:05:56.163867,2026-05-25T02:05:56.163869,v0.7.0+
oto,/Volumes/Samsam/Public/USIdata/r4r-poznan-nowe-miasto-spolka-z-ograniczona-odpowiedzialnoscia/resi4rent-poznan-brnenska/usi_oto_4tPjC.json,2026-05-25T02:05:56.160086,2026-05-25T02:05:56.160088,v0.7.0+
oto,/Volumes/Samsam/Public/USIdata/r4r-wroclaw-jaworska-ii-spolka-z-ograniczona-odpowiedzialnoscia/resi4rent-wroclaw-jaworska/usi_oto_4ssoP.json,2026-05-25T02:05:56.156172,2026-05-25T02:05:56.156174,v0.7.0+
oto,/Volumes/Samsam/Public/USIdata/r4r-wroclaw-park-zachodni-sp-z-o-o/r4r-park-zachodni/usi_oto_4sZYB.json,2026-05-25T02:05:56.152142,2026-05-25T02:05:56.152143,v0.7.0+
to,/Volumes/Samsam/Public/USIdata/racis-development/villa-park-bud-d-apartamenty-augustow-wypoczynkowa-augustow-mieszkania-na-sprzedaz/usi_to_9225505.json,2026-05-25T02:04:58.824109,2026-05-25T02:04:58.824111,v0.7.0+
oto,/Volumes/Samsam/Public/USIdata/racis-development-sp-z-o-o/nowa-inwestycja-w-suwalkach-piano-park/usi_oto_44mGN.json,2026-05-25T02:05:56.131979,2026-05-25T02:05:56.131980,v0.7.0+
oto,/Volumes/Samsam/Public/USIdata/racis-development-sp-z-o-o/sloneczne-tarasy-ii/usi_oto_4xWmA.json,2026-05-25T02:05:56.137287,2026-05-25T02:05:56.137289,v0.7.0+
oto,/Volumes/Samsam/Public/USIdata/racis-development-sp-z-o-o/villa-park-apartamenty-augustow-etap-ii/usi_oto_4jhrV.json,2026-05-25T02:05:56.141753,2026-05-25T02:05:56.141755,v0.7.0+
oto,/Volumes/Samsam/Public/USIdata/racis-development-sp-z-o-o/villa-park-apartamenty-augustow-etap-iv/usi_oto_4AnHf.json,2026-05-25T02:05:56.146963,2026-05-25T02:05:56.146966,v0.7.0+
rp,/Volumes/Samsam/Public/USIdata/racis-development-sp-z-oo/perla-poludnia-suwalki/usi_rp_15572.json,2026-05-25T02:05:56.091859,2026-06-02T23:12:36.104310,v0.7.0+
rp,/Volumes/Samsam/Public/USIdata/racis-development-sp-z-oo/piano-park-etap-ii-suwalki/usi_rp_13218.json,2026-05-25T02:05:56.095371,2026-06-02T23:12:36.114090,v0.7.0+
rp,/Volumes/Samsam/Public/USIdata/racis-development-sp-z-oo/piano-park-etap-iii-suwalki/usi_rp_14255.json,2026-05-25T02:05:56.099071,2026-06-02T23:12:36.122142,v0.7.0+
rp,/Volumes/Samsam/Public/USIdata/racis-development-sp-z-oo/piano-park-etap-iv-suwalki/usi_rp_16127.json,2026-05-25T02:05:56.102642,2026-06-02T23:12:36.129763,v0.7.0+
rp,/Volumes/Samsam/Public/USIdata/racis-development-sp-z-oo/piano-park-etap-v-suwalki/usi_rp_18903.json,2026-05-25T02:05:56.105458,2026-06-02T23:12:36.136816,v0.7.0+
rp,/Volumes/Samsam/Public/USIdata/racis-development-sp-z-oo/piano-park-etap-vi-suwalki/usi_rp_20223.json,2026-05-25T02:05:56.110284,2026-06-02T23:12:36.145238,v0.7.0+
rp,/Volumes/Samsam/Public/USIdata/racis-development-sp-z-oo/piano-park-suwalki/usi_rp_11807.json,2026-05-25T02:05:56.113956,2026-06-02T23:12:36.153307,v0.7.0+
rp,/Volumes/Samsam/Public/USIdata/racis-development-sp-z-oo/sloneczne-tarasy-ii-suwalki/usi_rp_19525.json,2026-05-25T02:05:56.117075,2026-06-02T23:12:36.160640,v0.7.0+
rp,/Volumes/Samsam/Public/USIdata/racis-development-sp-z-oo/villa-park-etap-ii-augustow/usi_rp_16997.json,2026-05-25T02:05:56.119802,2026-06-02T23:12:36.166851,v0.7.0+
rp,/Volumes/Samsam/Public/USIdata/racis-development-sp-z-oo/villa-park-etap-iii-augustow/usi_rp_18902.json,2026-05-25T02:05:56.122864,2026-06-02T23:12:36.174443,v0.7.0+
rp,/Volumes/Samsam/Public/USIdata/rad-bud-sp-z-oo-spk/widokowe-tarasy-kielce/usi_rp_15889.json,2026-05-25T02:05:56.088693,2026-06-02T23:12:36.097720,v0.7.0+
oto,/Volumes/Samsam/Public/USIdata/radan-spolka-z-ograniczona-odpowiedzialnoscia-deweloper-spolka-komandytowa/bojkowska-59c/usi_oto_4j3b8.json,2026-05-25T02:05:56.075770,2026-05-25T02:05:56.075772,v0.7.0+
oto,/Volumes/Samsam/Public/USIdata/radan-spolka-z-ograniczona-odpowiedzialnoscia-deweloper-spolka-komandytowa/dom-powstanca-slaskiego/usi_oto_4hiG7.json,2026-05-25T02:05:56.079525,2026-05-25T02:05:56.079526,v0.7.0+
oto,/Volumes/Samsam/Public/USIdata/radan-spolka-z-ograniczona-odpowiedzialnoscia-deweloper-spolka-komandytowa/ogrody-krolowej-bony/usi_oto_4a9wf.json,2026-05-25T02:05:56.082291,2026-05-25T02:05:56.082293,v0.7.0+
oto,/Volumes/Samsam/Public/USIdata/radan-spolka-z-ograniczona-odpowiedzialnoscia-deweloper-spolka-komandytowa/zwyciestwa-52/usi_oto_4pa1a.json,2026-05-25T02:05:56.085444,2026-05-25T02:05:56.085445,v0.7.0+
oto,/Volumes/Samsam/Public/USIdata/radius-projekt/park-lesny-rembertow/usi_oto_4fQEA.json,2026-05-25T02:05:56.071634,2026-05-25T02:05:56.071636,v0.7.0+
oto,/Volumes/Samsam/Public/USIdata/radosne-sp-z-o-o/osiedle-radosne-ii-4-etap/usi_oto_4skqk.json,2026-05-25T02:05:56.062499,2026-05-25T02:05:56.062501,v0.7.0+
oto,/Volumes/Samsam/Public/USIdata/radosne-sp-z-o-o/zakonczona-inwestycja-zakup-mozliwy-na-juz/usi_oto_4azto.json,2026-05-25T02:05:56.068238,2026-05-25T02:05:56.068240,v0.7.0+
oto,/Volumes/Samsam/Public/USIdata/radzikowskiego-apv-sp-z-o-o/apartamenty-radzikowskiego/usi_oto_4q0kA.json,2026-05-25T02:05:56.057719,2026-05-25T02:05:56.057721,v0.7.0+
oto,/Volumes/Samsam/Public/USIdata/radzyminska-14-sp-z-o-o/fabryka-na-pradze-radzyminska-14/usi_oto_4B2ha.json,2026-05-25T02:05:56.051539,2026-05-25T02:05:56.051541,v0.7.0+
oto,/Volumes/Samsam/Public/USIdata/radzyminska-14-sp-z-o-o/fabryka-na-pradze-radzyminska-14/usi_oto_67932232.json,2026-05-25T02:05:56.051539,2026-06-02T11:05:11.439312,v0.7.0+
oto,/Volumes/Samsam/Public/USIdata/rafin/mieszczanska-park-twoja-enklawa-spokoju-w-samym-centrum-wroclawia/usi_oto_4AeuZ.json,2026-05-25T02:05:56.032986,2026-05-25T02:05:56.032987,v0.7.0+
oto,/Volumes/Samsam/Public/USIdata/rafin/wybrzeze-reymonta-3/usi_oto_4thu5.json,2026-05-25T02:05:56.037257,2026-05-25T02:05:56.037259,v0.7.0+
oto,/Volumes/Samsam/Public/USIdata/rai-deweloper/kielnienska-35/usi_oto_4pESF.json,2026-05-25T02:05:55.997438,2026-05-25T02:05:55.997440,v0.7.0+
oto,/Volumes/Samsam/Public/USIdata/rai-deweloper/meva-gdynia-grabowek/usi_oto_4m2Th.json,2026-05-25T02:05:56.001577,2026-05-25T02:05:56.001578,v0.7.0+
oto,/Volumes/Samsam/Public/USIdata/rai-deweloper/ogrody-diany/usi_oto_4farA.json,2026-05-25T02:05:56.005311,2026-05-25T02:05:56.005313,v0.7.0+
rp,/Volumes/Samsam/Public/USIdata/rai-przedsiebiorstwo-budowlane/meva-gdynia-grabowek/usi_rp_18665.json,2026-05-25T02:05:55.990473,2026-06-02T23:12:36.039535,v0.7.0+
oto,/Volumes/Samsam/Public/USIdata/rajbud-development/eko-park-residence-domy-klodawa/usi_oto_4jmWq.json,2026-05-25T02:05:55.981104,2026-05-25T02:05:55.981107,v0.7.0+
oto,/Volumes/Samsam/Public/USIdata/rajbud-development/osiedle-mieszkaniowe-przy-murawach-gorzowskich/usi_oto_3zTkX.json,2026-05-25T02:05:55.986606,2026-05-25T02:05:55.986609,v0.7.0+
oto,/Volumes/Samsam/Public/USIdata/rajbud-development-sp-z-o-o/osiedle-zrodlane-inwestycja-e1-e2/usi_oto_4sAfw.json,2026-05-25T02:05:55.976022,2026-05-25T02:05:55.976024,v0.7.0+
oto,/Volumes/Samsam/Public/USIdata/ram-invest-iv-sp-z-o-o/nadmorska-florina/usi_oto_4tfAB.json,2026-05-25T02:05:55.971793,2026-05-25T02:05:55.971795,v0.7.0+
to,/Volumes/Samsam/Public/USIdata/rataja18/botanika-skierniewice-aleja-macieja-rataja-18-skierniewice-mieszkania-na-sprzedaz/usi_to_9224841.json,2026-05-25T02:04:58.812926,2026-05-25T02:04:58.812930,v0.7.0+
oto,/Volumes/Samsam/Public/USIdata/rbw-grupa-deweloperska/kamienica-garbary-40/usi_oto_4xmSv.json,2026-05-25T02:05:55.959181,2026-05-25T02:05:55.959184,v0.7.0+
oto,/Volumes/Samsam/Public/USIdata/rbw-grupa-deweloperska/prestizowa-elegancka-kamienica-modern-design/usi_oto_4kNGC.json,2026-05-25T02:05:55.963047,2026-05-25T02:05:55.963049,v0.7.0+
oto,/Volumes/Samsam/Public/USIdata/rbw-grupa-deweloperska/river-house-iii/usi_oto_4oApS.json,2026-05-25T02:05:55.965804,2026-05-25T02:05:55.965806,v0.7.0+
oto,/Volumes/Samsam/Public/USIdata/rbw-grupa-deweloperska/river-house-iii-zamieszkaj-tuz-przy-rzece-i-terenach-zielonych/usi_oto_4zhoN.json,2026-05-25T02:05:55.968641,2026-05-25T02:05:55.968643,v0.7.0+
rp,/Volumes/Samsam/Public/USIdata/rbw-sp-z-oo/river-house-etap-ii-poznan-staroleka-minikowo-marlewo/usi_rp_14969.json,2026-05-25T02:05:55.955090,2026-06-02T23:12:36.033394,v0.7.0+
oto,/Volumes/Samsam/Public/USIdata/real-construct/czerwienskiego-3/usi_oto_4t4tr.json,2026-05-25T02:05:55.938501,2026-05-25T02:05:55.938503,v0.7.0+
oto,/Volumes/Samsam/Public/USIdata/real-construct/pekowicka-94/usi_oto_4t4tp.json,2026-05-25T02:05:55.943957,2026-05-25T02:05:55.943959,v0.7.0+
oto,/Volumes/Samsam/Public/USIdata/real-construct/pekowicka-96/usi_oto_4t4tn.json,2026-05-25T02:05:55.948135,2026-05-25T02:05:55.948137,v0.7.0+
rp,/Volumes/Samsam/Public/USIdata/real-construct-sp-z-oo/czerwienskiego-3-krakow-pradnik-bialy/usi_rp_14664.json,2026-05-25T02:05:55.917265,2026-06-02T23:12:35.992201,v0.7.0+
rp,/Volumes/Samsam/Public/USIdata/real-construct-sp-z-oo/domy-na-spacerowej-krakowski/usi_rp_17629.json,2026-05-25T02:05:55.922532,2026-06-02T23:12:35.998571,v0.7.0+
rp,/Volumes/Samsam/Public/USIdata/real-construct-sp-z-oo/pekowicka-94-krakow-pradnik-bialy/usi_rp_17632.json,2026-05-25T02:05:55.934470,2026-06-02T23:12:36.017811,v0.7.0+
rp,/Volumes/Samsam/Public/USIdata/real-development-group/enklawa-arturowek-lodz-lagiewniki/usi_rp_18630.json,2026-05-25T02:05:55.785131,2026-06-02T23:12:35.938691,v0.7.0+
rp,/Volumes/Samsam/Public/USIdata/real-development-group/mirabelkowa-aleja-lodz-zlotno/usi_rp_14248.json,2026-05-25T02:05:55.801182,2026-06-02T23:12:35.952543,v0.7.0+
oto,/Volumes/Samsam/Public/USIdata/real-development-group/moja-retkinia-ii/usi_oto_4zPsN.json,2026-05-25T02:05:55.850305,2026-05-25T02:05:55.850309,v0.7.0+
oto,/Volumes/Samsam/Public/USIdata/real-development-group/pianoforte/usi_oto_4zkOi.json,2026-05-25T02:05:55.902124,2026-05-25T02:05:55.902129,v0.7.0+
rp,/Volumes/Samsam/Public/USIdata/real-development-group/platon-lodz-stare-polesie/usi_rp_14310.json,2026-05-25T02:05:55.906694,2026-06-02T23:12:35.977785,v0.7.0+
oto,/Volumes/Samsam/Public/USIdata/real-development-group/przystan-mlynek/usi_oto_4syRy.json,2026-05-25T02:05:55.910230,2026-05-25T02:05:55.910232,v0.7.0+
rp,/Volumes/Samsam/Public/USIdata/real-development-group/przystan-mlynek-lodz-chojny-dabrowa/usi_rp_17745.json,2026-05-25T02:05:55.914267,2026-06-02T23:12:35.984474,v0.7.0+
oto,/Volumes/Samsam/Public/USIdata/real-estate-zielone-tarasy-sp-z-o-o/zielone-tarasy-sosnowiec-ul-zaglebiowska-watta/usi_oto_40WT9.json,2026-05-25T02:05:55.781326,2026-05-25T02:05:55.781329,v0.7.0+
oto,/Volumes/Samsam/Public/USIdata/real-invest-sp-z-o-o-sp-k/las-wawer/usi_oto_4pueQ.json,2026-05-25T02:05:55.776120,2026-05-25T02:05:55.776123,v0.7.0+
rp,/Volumes/Samsam/Public/USIdata/real-invest-sp-z-oo/aleja-ptakow-lesnych-piaseczynski/usi_rp_18352.json,2026-05-25T02:05:55.759457,2026-06-02T23:12:35.913131,v0.7.0+
rp,/Volumes/Samsam/Public/USIdata/real-invest-sp-z-oo/las-wawer-warszawa-las/usi_rp_16110.json,2026-05-25T02:05:55.764658,2026-06-02T23:12:35.920230,v0.7.0+
rp,/Volumes/Samsam/Public/USIdata/real-invest-sp-z-oo/ostoja-vogla-warszawa-zawady/usi_rp_16838.json,2026-05-25T02:05:55.767532,2026-06-02T23:12:35.927193,v0.7.0+
to,/Volumes/Samsam/Public/USIdata/realco/elewator-mieszkania-lofty-lofty-rychtalska-wroclaw-kleczkow-psie-pole-mieszkania-na-sprzedaz/usi_to_9199582.json,2026-05-25T02:04:58.791215,2026-05-25T02:04:58.791219,v0.7.0+
to,/Volumes/Samsam/Public/USIdata/realco/elewator-mieszkania-lofty-mieszkania-rychtalska-zakladowa-wroclaw-kleczkow-psie-pole-mieszkania-na-sprzedaz/usi_to_9199191.json,2026-05-25T02:04:58.797634,2026-05-25T02:04:58.797636,v0.7.0+
to,/Volumes/Samsam/Public/USIdata/realco/nowa-pabianicka-pabianicka-25-wroclaw-krzyki-partynice-mieszkania-na-sprzedaz/usi_to_8885551.json,2026-05-25T02:04:58.802478,2026-05-25T02:04:58.802483,v0.7.0+
oto,/Volumes/Samsam/Public/USIdata/realco-property-investment-and-development/elewator/usi_oto_4zE7t.json,2026-05-25T02:05:55.744701,2026-05-25T02:05:55.744703,v0.7.0+
oto,/Volumes/Samsam/Public/USIdata/realco-property-investment-and-development/michalowice-parkowa/usi_oto_4h4y3.json,2026-05-25T02:05:55.750397,2026-05-25T02:05:55.750399,v0.7.0+
rp,/Volumes/Samsam/Public/USIdata/realia-group/marina-ilawa-apartamenty-turystyczne-ilawa/usi_rp_15684.json,2026-05-25T02:05:55.727583,2026-06-02T23:12:35.876613,v0.7.0+
rp,/Volumes/Samsam/Public/USIdata/realia-group/port-ostroda-ostrodzki/usi_rp_16389.json,2026-05-25T02:05:55.731570,2026-06-02T23:12:35.884066,v0.7.0+
oto,/Volumes/Samsam/Public/USIdata/realia-group-apartamenty-ilawa-sp-z-o-o/marina-ilawa-apartamenty-turystyczne/usi_oto_4m1bB.json,2026-05-25T02:05:55.723797,2026-05-25T02:05:55.723798,v0.7.0+
oto,/Volumes/Samsam/Public/USIdata/realia-group-port-ostroda-sp-z-o-o/port-ostroda/usi_oto_4m2kR.json,2026-05-25T02:05:55.719943,2026-05-25T02:05:55.719945,v0.7.0+
oto,/Volumes/Samsam/Public/USIdata/realimpex-inwestycje-sp-z-o-o/glogera-32-w-harmonii-z-natura/usi_oto_4nmYI.json,2026-05-25T02:05:55.715826,2026-05-25T02:05:55.715827,v0.7.0+
oto,/Volumes/Samsam/Public/USIdata/reapolis-dev-31-sp-z-o-o/mala-chylonska/usi_oto_4lzQs.json,2026-05-25T02:05:55.711889,2026-05-25T02:05:55.711890,v0.7.0+
oto,/Volumes/Samsam/Public/USIdata/rebud-sp-z-o-o/jagiellonczyka-1-w-gorzowie-wlkp/usi_oto_4qs3P.json,2026-05-25T02:05:55.693090,2026-05-25T02:05:55.693092,v0.7.0+
rp,/Volumes/Samsam/Public/USIdata/rebud-sp-z-o-o/kostrzynska-gorzow-wielkopolski/usi_rp_15529.json,2026-05-25T02:05:55.698272,2026-06-02T23:12:35.863056,v0.7.0+
oto,/Volumes/Samsam/Public/USIdata/rebud-sp-z-o-o/stargardzka-1-w-gorzowie-wlkp/usi_oto_4lJwK.json,2026-05-25T02:05:55.701824,2026-05-25T02:05:55.701826,v0.7.0+
rp,/Volumes/Samsam/Public/USIdata/rebud-sp-z-o-o/stargardzka-gorzow-wielkopolski/usi_rp_16164.json,2026-05-25T02:05:55.704608,2026-06-02T23:12:35.870216,v0.7.0+
oto,/Volumes/Samsam/Public/USIdata/rebud-sp-z-o-o/stargardzka-w-gorzowie-wlkp/usi_oto_4B32J.json,2026-05-25T02:05:55.708331,2026-05-25T02:05:55.708332,v0.7.0+
oto,/Volumes/Samsam/Public/USIdata/rebud-sp-z-o-o/stargardzka-w-gorzowie-wlkp/usi_oto_67935181.json,2026-05-25T02:05:55.708331,2026-06-02T11:05:09.776501,v0.7.0+
rp,/Volumes/Samsam/Public/USIdata/red-co/lowicka-25-bydgoszcz/usi_rp_14545.json,2026-05-25T02:05:55.686353,2026-06-02T23:12:35.847022,v0.7.0+
to,/Volumes/Samsam/Public/USIdata/red-co/lowicka-25-bydgoszcz-brdyujscie-mieszkania-na-sprzedaz/usi_to_8463003.json,2026-05-25T02:04:58.779852,2026-05-25T02:04:58.779855,v0.7.0+
rp,/Volumes/Samsam/Public/USIdata/red-co/osiedle-impresja-2-bydgoszcz/usi_rp_11325.json,2026-05-25T02:05:55.690015,2026-06-02T23:12:35.853819,v0.7.0+
oto,/Volumes/Samsam/Public/USIdata/red-forest-development/cypryjska/usi_oto_4BcJE.json,2026-05-25T02:05:55.682247,2026-05-25T02:05:55.682248,v0.7.0+
oto,/Volumes/Samsam/Public/USIdata/red-forest-development/cypryjska/usi_oto_67972438.json,2026-05-25T02:05:55.682247,2026-06-02T11:04:48.647732,v0.7.0+
oto,/Volumes/Samsam/Public/USIdata/rednet-investment/lets-sea-baltic-park/usi_oto_4x8c5.json,2026-05-25T02:05:55.662244,2026-05-25T02:05:55.662246,v0.7.0+
oto,/Volumes/Samsam/Public/USIdata/rednet-investment/lets-sea-baltic-park-apartamenty-inwestycyjne/usi_oto_4x8ex.json,2026-05-25T02:05:55.667707,2026-05-25T02:05:55.667709,v0.7.0+
oto,/Volumes/Samsam/Public/USIdata/rednet-investment/osiedle-witaj/usi_oto_4uarb.json,2026-05-25T02:05:55.671852,2026-05-25T02:05:55.671853,v0.7.0+
oto,/Volumes/Samsam/Public/USIdata/rednet-investment/widok-warta/usi_oto_4uar5.json,2026-05-25T02:05:55.676969,2026-05-25T02:05:55.676970,v0.7.0+
oto,/Volumes/Samsam/Public/USIdata/regal-development/apartamenty-berensona-4/usi_oto_4vIsT.json,2026-05-25T02:05:55.657456,2026-05-25T02:05:55.657457,v0.7.0+
rp,/Volumes/Samsam/Public/USIdata/remax/apartamenty-marina-rogowo-gryficki-rogowo/usi_rp_11981.json,2026-05-25T02:05:55.645176,2026-06-02T23:12:35.826568,v0.7.0+
rp,/Volumes/Samsam/Public/USIdata/remax/nova-baltica-kolobrzeg/usi_rp_16060.json,2026-05-25T02:05:55.650261,2026-06-02T23:12:35.834314,v0.7.0+
rp,/Volumes/Samsam/Public/USIdata/remax/wild-pearl-kolobrzeg/usi_rp_18518.json,2026-05-25T02:05:55.653795,2026-06-02T23:12:35.840685,v0.7.0+
oto,/Volumes/Samsam/Public/USIdata/remax-construct-sp-z-o-o/apartamenty-dabrowskiego-12/usi_oto_4zWBo.json,2026-05-25T02:05:55.641289,2026-05-25T02:05:55.641290,v0.7.0+
rp,/Volumes/Samsam/Public/USIdata/rembud-development/apartamenty-roza-ostroleka/usi_rp_20393.json,2026-06-02T10:52:47.168062,2026-06-02T23:12:35.819111,v0.7.0+
oto,/Volumes/Samsam/Public/USIdata/remex-1-sp-z-o-o/baltica-pilsudskiego-38/usi_oto_4tkjk.json,2026-05-25T02:05:55.634416,2026-05-25T02:05:55.634418,v0.7.0+
oto,/Volumes/Samsam/Public/USIdata/renner/osiedle-glivia-gliwice/usi_oto_4p4IX.json,2026-05-25T02:05:55.630882,2026-05-25T02:05:55.630883,v0.7.0+
oto,/Volumes/Samsam/Public/USIdata/renner-sp-z-o-o/osiedle-bolko-bytom-etap-ii/usi_oto_4plYf.json,2026-05-25T02:05:55.627319,2026-05-25T02:05:55.627320,v0.7.0+
rp,/Volumes/Samsam/Public/USIdata/renner-sp-z-oo/osiedle-bolko-bytom/usi_rp_13475.json,2026-05-25T02:05:55.615181,2026-06-02T23:12:35.792540,v0.7.0+
rp,/Volumes/Samsam/Public/USIdata/renner-sp-z-oo/osiedle-bolko-etap-ii-bytom/usi_rp_19099.json,2026-05-25T02:05:55.621239,2026-06-02T23:12:35.799526,v0.7.0+
rp,/Volumes/Samsam/Public/USIdata/renner-sp-z-oo/osiedle-glivia-zachodnia-gliwice/usi_rp_19089.json,2026-05-25T02:05:55.624229,2026-06-02T23:12:35.805158,v0.7.0+
oto,/Volumes/Samsam/Public/USIdata/renoma-inwestycje-sp-z-o-o/mieszkania-deweloperskie-z-ogordkami-lub-balkonami/usi_oto_4tVTL.json,2026-05-25T02:05:55.605560,2026-05-25T02:05:55.605562,v0.7.0+
oto,/Volumes/Samsam/Public/USIdata/renoma-inwestycje-sp-z-o-o/mieszkania-z-dwoma-balkonami-deweloperskie/usi_oto_4tZIj.json,2026-05-25T02:05:55.609635,2026-05-25T02:05:55.609636,v0.7.0+
oto,/Volumes/Samsam/Public/USIdata/renoma-inwestycje-sp-z-o-o/sroda-wielkopolska-mieszkania-z-ogrodkiem-lub-balk/usi_oto_4tVlp.json,2026-05-25T02:05:55.612387,2026-05-25T02:05:55.612388,v0.7.0+
oto,/Volumes/Samsam/Public/USIdata/renskie-i-sp-z-o-o/osiedle-renskie/usi_oto_4tGMu.json,2026-05-25T02:05:55.601677,2026-05-25T02:05:55.601678,v0.7.0+
oto,/Volumes/Samsam/Public/USIdata/reproperties-south-sp-z-o-o/apartamenty-dr-antoniego-bukowego-17-swietochlowice/usi_oto_4xjFj.json,2026-05-25T02:05:55.597671,2026-05-25T02:05:55.597673,v0.7.0+
rp,/Volumes/Samsam/Public/USIdata/resi-capital-sa/apartamenty-reytana-bielsko-biala/usi_rp_18162.json,2026-05-25T02:05:55.554104,2026-06-02T23:12:35.706410,v0.7.0+
oto,/Volumes/Samsam/Public/USIdata/resi-capital-spolka-akcyjna/apartamenty-reytana/usi_oto_4tQAy.json,2026-05-25T02:05:55.537088,2026-05-25T02:05:55.537090,v0.7.0+
oto,/Volumes/Samsam/Public/USIdata/resi-capital-spolka-akcyjna/global-apartments/usi_oto_4tJe6.json,2026-05-25T02:05:55.543128,2026-05-25T02:05:55.543130,v0.7.0+
oto,/Volumes/Samsam/Public/USIdata/resi-capital-spolka-akcyjna/tuwima-apartments/usi_oto_4kLzd.json,2026-05-25T02:05:55.547242,2026-05-25T02:05:55.547243,v0.7.0+
oto,/Volumes/Samsam/Public/USIdata/residence-iii/apartamenty-klifova-apartamenty-inwestycyjne/usi_oto_4tSoh.json,2026-05-25T02:05:55.531989,2026-05-25T02:05:55.531991,v0.7.0+
rp,/Volumes/Samsam/Public/USIdata/revbud-sa/osiedle-rybaki-bydgoszcz/usi_rp_15101.json,2026-05-25T02:05:55.521880,2026-06-02T23:12:35.678747,v0.7.0+
oto,/Volumes/Samsam/Public/USIdata/rezydencja-szklarska-poreba-sp-z-o-o-sp-k/rezydencja-aqua-szklarska-poreba/usi_oto_4rePH.json,2026-05-25T02:05:55.503857,2026-05-25T02:05:55.503860,v0.7.0+
oto,/Volumes/Samsam/Public/USIdata/rezydencja-szklarska-poreba-sp-z-o-o-sp-k/rezydencja-karkonoska/usi_oto_4nR11.json,2026-05-25T02:05:55.511416,2026-05-25T02:05:55.511417,v0.7.0+
oto,/Volumes/Samsam/Public/USIdata/rezydencje-lawendowa/rezydencje-lawendowa/usi_oto_4AFxG.json,2026-05-25T02:05:55.497775,2026-05-25T02:05:55.497780,v0.7.0+
oto,/Volumes/Samsam/Public/USIdata/rezydencje-lawendowa/rezydencje-lawendowa/usi_oto_67844844.json,2026-05-25T02:05:55.497775,2026-06-02T11:05:40.909454,v0.7.0+
rp,/Volumes/Samsam/Public/USIdata/rezydent-sp-z-oo/reda-city-etap-iii-szczecin-gumience/usi_rp_17588.json,2026-05-25T02:05:55.492040,2026-06-02T23:12:35.589727,v0.7.0+
oto,/Volumes/Samsam/Public/USIdata/rfr-marcin-supernak/pawlow-premium/usi_oto_4ssvh.json,2026-05-25T02:05:55.487901,2026-05-25T02:05:55.487902,v0.7.0+
oto,/Volumes/Samsam/Public/USIdata/rgm-invest-sp-z-o-o/osiedle-park-lochowo-rgm-invest/usi_oto_4lkAj.json,2026-05-25T02:05:55.483471,2026-05-25T02:05:55.483473,v0.7.0+
oto,/Volumes/Samsam/Public/USIdata/risto/krzeslawickie-tarasy/usi_oto_4yvAG.json,2026-05-25T02:05:55.474621,2026-05-25T02:05:55.474623,v0.7.0+
oto,/Volumes/Samsam/Public/USIdata/risto/malownicze-tarasy-ii/usi_oto_4zRzB.json,2026-05-25T02:05:55.479947,2026-05-25T02:05:55.479948,v0.7.0+
rp,/Volumes/Samsam/Public/USIdata/ritex-development/ksiazeca-24-legnica/usi_rp_15852.json,2026-05-25T02:05:55.434677,2026-06-02T23:12:35.556439,v0.7.0+
oto,/Volumes/Samsam/Public/USIdata/ritex-development/ksiazeca24/usi_oto_4eNsK.json,2026-05-25T02:05:55.439789,2026-05-25T02:05:55.439790,v0.7.0+
oto,/Volumes/Samsam/Public/USIdata/ritex-development/onyx-resort-spa/usi_oto_4s7Lt.json,2026-05-25T02:05:55.446606,2026-05-25T02:05:55.446607,v0.7.0+
rp,/Volumes/Samsam/Public/USIdata/ritex-development/onyx-resort-spa-karpacz/usi_rp_17667.json,2026-05-25T02:05:55.452591,2026-06-02T23:12:35.563444,v0.7.0+
oto,/Volumes/Samsam/Public/USIdata/ritex-development/palatium/usi_oto_4r9Ja.json,2026-05-25T02:05:55.458301,2026-05-25T02:05:55.458303,v0.7.0+
oto,/Volumes/Samsam/Public/USIdata/rj-house-sp-z-o-o/17-dzielnica/usi_oto_4ojlT.json,2026-05-25T02:05:55.404606,2026-05-25T02:05:55.404608,v0.7.0+
oto,/Volumes/Samsam/Public/USIdata/rj-house-sp-z-o-o/17-dzielnica-apartamenty/usi_oto_4AWmL.json,2026-05-21T19:16:28.968287,2026-06-02T11:05:19.205624,v0.7.0+
oto,/Volumes/Samsam/Public/USIdata/rj-house-sp-z-o-o/apartamenty-atlantis-w-zegrzu/usi_oto_4fpZX.json,2026-05-25T02:05:55.410228,2026-05-25T02:05:55.410230,v0.7.0+
oto,/Volumes/Samsam/Public/USIdata/rj-house-sp-z-o-o/osiedle-enklawa-budynek-d2-ii-etap/usi_oto_4xgDI.json,2026-05-25T02:05:55.414176,2026-05-25T02:05:55.414178,v0.7.0+
oto,/Volumes/Samsam/Public/USIdata/rj-house-sp-z-o-o/park-dulina-nowa-inwestycja-w-gdansku/usi_oto_4gHWt.json,2026-05-25T02:05:55.418724,2026-05-25T02:05:55.418726,v0.7.0+
oto,/Volumes/Samsam/Public/USIdata/rj-house-sp-z-o-o/porto-lago-inwestycja-nad-rzeka-narew/usi_oto_4rCg6.json,2026-05-25T02:05:55.423541,2026-05-25T02:05:55.423544,v0.7.0+
oto,/Volumes/Samsam/Public/USIdata/rmi-development-sp-z-o-o/projekt-redena/usi_oto_4oxR8.json,2026-05-25T02:05:55.400247,2026-05-25T02:05:55.400249,v0.7.0+
oto,/Volumes/Samsam/Public/USIdata/robert-roda-p-p-u-h-rodbud/osiedle-dolina-jeziora-glebokiego/usi_oto_4AALZ.json,2026-05-25T02:05:55.385189,2026-05-25T02:05:55.385191,v0.7.0+
oto,/Volumes/Samsam/Public/USIdata/robert-roda-p-p-u-h-rodbud/osiedle-dolina-jeziora-glebokiego/usi_oto_67826511.json,2026-05-25T02:05:55.385189,2026-06-02T11:05:53.728042,v0.7.0+
to,/Volumes/Samsam/Public/USIdata/robyg/apartamenty-krakowska-8-wroclaw-przedmiescie-olawskie-krzyki-mieszkania-na-sprzedaz/usi_to_9009780.json,2026-06-02T10:53:47.444854,2026-06-02T10:53:47.752748,v0.7.0+
to,/Volumes/Samsam/Public/USIdata/robyg/rytm-mokotowa-1b-antoniewska-piramowicza-warszawa-mokotow-augustowka-mieszkania-na-sprzedaz/usi_to_9078650.json,2026-05-25T02:04:58.756543,2026-05-25T02:04:58.756546,v0.7.0+
to,/Volumes/Samsam/Public/USIdata/robyg/rytm-mokotowa-antoniewska-piramowicza-warszawa-mokotow-augustowka-mieszkania-na-sprzedaz/usi_to_8547040.json,2026-05-25T02:04:58.761678,2026-05-25T02:04:58.761680,v0.7.0+
oto,/Volumes/Samsam/Public/USIdata/robyg-gdansk/faro/usi_oto_4nlxy.json,2026-05-25T02:05:55.351673,2026-05-25T02:05:55.351675,v0.7.0+
oto,/Volumes/Samsam/Public/USIdata/robyg-gdansk/foresteria/usi_oto_4tqhl.json,2026-05-25T02:05:55.355686,2026-05-25T02:05:55.355688,v0.7.0+
oto,/Volumes/Samsam/Public/USIdata/robyg-gdansk/kobieli-4/usi_oto_4sUH5.json,2026-05-25T02:05:55.358852,2026-05-25T02:05:55.358854,v0.7.0+
oto,/Volumes/Samsam/Public/USIdata/robyg-gdansk/leszczynskich-2/usi_oto_4vLTp.json,2026-05-25T02:05:55.362698,2026-05-25T02:05:55.362700,v0.7.0+
oto,/Volumes/Samsam/Public/USIdata/robyg-gdansk/nowa-walowa/usi_oto_4vOrw.json,2026-05-25T02:05:55.366824,2026-05-25T02:05:55.366825,v0.7.0+
oto,/Volumes/Samsam/Public/USIdata/robyg-gdansk/rosa-residence/usi_oto_4okZk.json,2026-05-25T02:05:55.371164,2026-05-25T02:05:55.371165,v0.7.0+
oto,/Volumes/Samsam/Public/USIdata/robyg-gdansk/sea-salt/usi_oto_4jhnq.json,2026-05-25T02:05:55.374843,2026-05-25T02:05:55.374845,v0.7.0+
oto,/Volumes/Samsam/Public/USIdata/robyg-gdansk/szumilas/usi_oto_4gtFG.json,2026-05-25T02:05:55.378062,2026-05-25T02:05:55.378063,v0.7.0+
oto,/Volumes/Samsam/Public/USIdata/robyg-gdansk/wendy/usi_oto_4sbQN.json,2026-05-25T02:05:55.381164,2026-05-25T02:05:55.381166,v0.7.0+
oto,/Volumes/Samsam/Public/USIdata/robyg-grupa-deweloperska/apartamenty-krakowska/usi_oto_4u65S.json,2026-05-25T02:05:55.008565,2026-05-25T02:05:55.008566,v0.7.0+
rp,/Volumes/Samsam/Public/USIdata/robyg-grupa-deweloperska/apartamenty-przy-metrze-warszawa-chrzanow/usi_rp_16010.json,2026-05-25T02:05:55.020823,2026-06-02T23:12:34.824663,v0.7.0+
rp,/Volumes/Samsam/Public/USIdata/robyg-grupa-deweloperska/dobre-miejsce-gdynia-pogorze/usi_rp_20245.json,2026-05-25T02:05:55.025846,2026-06-02T23:12:34.832713,v0.7.0+
rp,/Volumes/Samsam/Public/USIdata/robyg-grupa-deweloperska/dozynkowa-43-wroclaw-klecina/usi_rp_14434.json,2026-05-25T02:05:55.030067,2026-06-02T23:12:34.839104,v0.7.0+
rp,/Volumes/Samsam/Public/USIdata/robyg-grupa-deweloperska/faro-gdansk-letnica/usi_rp_16769.json,2026-05-25T02:05:55.037386,2026-06-02T23:12:34.857147,v0.7.0+
rp,/Volumes/Samsam/Public/USIdata/robyg-grupa-deweloperska/foresteria-gdynia-wielki-kack/usi_rp_17971.json,2026-05-25T02:05:55.040266,2026-06-02T23:12:34.864653,v0.7.0+
rp,/Volumes/Samsam/Public/USIdata/robyg-grupa-deweloperska/kobieli-4-gdansk-brzezno/usi_rp_17824.json,2026-05-25T02:05:55.046222,2026-06-02T23:12:34.881316,v0.7.0+
rp,/Volumes/Samsam/Public/USIdata/robyg-grupa-deweloperska/lawendowe-wzgorza-etap-d5-i-d6-gdansk-jasien/usi_rp_8592.json,2026-05-25T02:05:55.058941,2026-06-02T23:12:34.908742,v0.7.0+
rp,/Volumes/Samsam/Public/USIdata/robyg-grupa-deweloperska/lawendowe-wzgorza-etap-n1-i-n2-gdansk-jasien/usi_rp_8961.json,2026-05-25T02:05:55.067104,2026-06-02T23:12:34.923610,v0.7.0+
rp,/Volumes/Samsam/Public/USIdata/robyg-grupa-deweloperska/lawendowe-wzgorza-gdansk-jasien/usi_rp_7856.json,2026-05-25T02:05:55.070356,2026-06-02T23:12:34.929868,v0.7.0+
rp,/Volumes/Samsam/Public/USIdata/robyg-grupa-deweloperska/mlode-stogi-gdansk-stogi/usi_rp_13167.json,2026-05-25T02:05:55.087013,2026-06-02T23:12:34.964912,v0.7.0+
rp,/Volumes/Samsam/Public/USIdata/robyg-grupa-deweloperska/modern-space-warszawa-wlochy-stare-wlochy/usi_rp_11789.json,2026-05-25T02:05:55.106511,2026-06-02T23:12:35.052347,v0.7.0+
rp,/Volumes/Samsam/Public/USIdata/robyg-grupa-deweloperska/moment-gdansk-ujescisko-lostowice/usi_rp_9882.json,2026-05-25T02:05:55.115841,2026-06-02T23:12:35.071991,v0.7.0+
rp,/Volumes/Samsam/Public/USIdata/robyg-grupa-deweloperska/morenova-r1-gdansk-siedlce/usi_rp_8830.json,2026-05-25T02:05:55.119646,2026-06-02T23:12:35.078827,v0.7.0+
rp,/Volumes/Samsam/Public/USIdata/robyg-grupa-deweloperska/nowa-letnica-etap-a-gdansk-letnica/usi_rp_7990.json,2026-05-25T02:05:55.140522,2026-06-02T23:12:35.120700,v0.7.0+
rp,/Volumes/Samsam/Public/USIdata/robyg-grupa-deweloperska/nowa-letnica-etap-f2-gdansk-letnica/usi_rp_9396.json,2026-05-25T02:05:55.143645,2026-06-02T23:12:35.126147,v0.7.0+
rp,/Volumes/Samsam/Public/USIdata/robyg-grupa-deweloperska/nowa-letnica-etap-g1-gdansk-letnica/usi_rp_10371.json,2026-05-25T02:05:55.146739,2026-06-02T23:12:35.133016,v0.7.0+
rp,/Volumes/Samsam/Public/USIdata/robyg-grupa-deweloperska/osiedle-moment-bud-bcd-gdansk-ujescisko-lostowice/usi_rp_15643.json,2026-05-25T02:05:55.160249,2026-06-02T23:12:35.161155,v0.7.0+
rp,/Volumes/Samsam/Public/USIdata/robyg-grupa-deweloperska/park-poludnie-gdansk-ujescisko-lostowice/usi_rp_10618.json,2026-05-25T02:05:55.172872,2026-06-02T23:12:35.187980,v0.7.0+
rp,/Volumes/Samsam/Public/USIdata/robyg-grupa-deweloperska/pas-startowy-bud-a-i-b-gdansk-zaspa-mlyniec/usi_rp_20331.json,2026-05-25T02:05:55.176944,2026-06-02T23:12:35.196425,v0.7.0+
rp,/Volumes/Samsam/Public/USIdata/robyg-grupa-deweloperska/piatkowo-residence-etap-ii-poznan-piatkowo/usi_rp_20326.json,2026-05-25T02:05:55.181457,2026-06-02T23:12:35.204483,v0.7.0+
rp,/Volumes/Samsam/Public/USIdata/robyg-grupa-deweloperska/poczatek-piatkowo-bud-i-poznan-piatkowo/usi_rp_20308.json,2026-05-25T02:05:55.203254,2026-06-02T23:12:35.243403,v0.7.0+
oto,/Volumes/Samsam/Public/USIdata/robyg-grupa-deweloperska/port-popowice-nowa-oferta-mieszkan/usi_oto_4l1nq.json,2026-05-25T02:05:55.221694,2026-05-25T02:05:55.221696,v0.7.0+
rp,/Volumes/Samsam/Public/USIdata/robyg-grupa-deweloperska/robyg-jagodno-wroclaw-krzyki-wojszyce/usi_rp_11014.json,2026-05-25T02:05:55.239640,2026-06-02T23:12:35.295880,v0.7.0+
rp,/Volumes/Samsam/Public/USIdata/robyg-grupa-deweloperska/rosa-residence-2-gdansk-ujescisko-lostowice/usi_rp_17831.json,2026-05-25T02:05:55.242756,2026-06-02T23:12:35.301456,v0.7.0+
rp,/Volumes/Samsam/Public/USIdata/robyg-grupa-deweloperska/rosa-residence-gdansk-ujescisko-lostowice/usi_rp_16772.json,2026-05-25T02:05:55.245779,2026-06-02T23:12:35.309147,v0.7.0+
rp,/Volumes/Samsam/Public/USIdata/robyg-grupa-deweloperska/rytm-mokotowa-etap-1b-warszawa-augustowka/usi_rp_19043.json,2026-05-25T02:05:55.271566,2026-06-02T23:12:35.363024,v0.7.0+
rp,/Volumes/Samsam/Public/USIdata/robyg-grupa-deweloperska/rytm-mokotowa-etap-2a-warszawa-augustowka/usi_rp_17608.json,2026-05-25T02:05:55.275110,2026-06-02T23:12:35.371554,v0.7.0+
rp,/Volumes/Samsam/Public/USIdata/robyg-grupa-deweloperska/sloneczna-morena-domy-gdansk-piecki-migowo/usi_rp_7860.json,2026-05-25T02:05:55.289575,2026-06-02T23:12:35.408560,v0.7.0+
rp,/Volumes/Samsam/Public/USIdata/robyg-grupa-deweloperska/sloneczna-morena-etap-s5-gdansk-piecki-migowo/usi_rp_327.json,2026-05-25T02:05:55.292351,2026-06-02T23:12:35.415373,v0.7.0+
rp,/Volumes/Samsam/Public/USIdata/robyg-grupa-deweloperska/sloneczna-morena-gdansk-piecki-migowo/usi_rp_7132.json,2026-05-25T02:05:55.295466,2026-06-02T23:12:35.423593,v0.7.0+
rp,/Volumes/Samsam/Public/USIdata/robyg-grupa-deweloperska/stacja-nowy-gdansk-gdansk-jasien/usi_rp_11028.json,2026-05-25T02:05:55.305039,2026-06-02T23:12:35.444109,v0.7.0+
rp,/Volumes/Samsam/Public/USIdata/robyg-grupa-deweloperska/villa-viva-wroclawski-iwiny/usi_rp_20309.json,2026-05-25T02:05:55.314829,2026-06-02T23:12:35.465636,v0.7.0+
rp,/Volumes/Samsam/Public/USIdata/robyg-grupa-deweloperska/wiecej-gdansk-orunia-gorna-gdansk-poludnie/usi_rp_11920.json,2026-05-25T02:05:55.325117,2026-06-02T23:12:35.488399,v0.7.0+
rp,/Volumes/Samsam/Public/USIdata/robyg-grupa-deweloperska/zajezdnia-wrzeszcz-etap-a-i-b-gdansk-wrzeszcz/usi_rp_7711.json,2026-05-25T02:05:55.332856,2026-06-02T23:12:35.503049,v0.7.0+
rp,/Volumes/Samsam/Public/USIdata/robyg-grupa-deweloperska/zajezdnia-wrzeszcz-etap-h-gdansk-wrzeszcz/usi_rp_9250.json,2026-05-25T02:05:55.340811,2026-06-02T23:12:35.517995,v0.7.0+
rp,/Volumes/Samsam/Public/USIdata/robyg-grupa-deweloperska/zielony-widok-gdansk-jasien/usi_rp_10081.json,2026-05-25T02:05:55.348686,2026-06-02T23:12:35.532008,v0.7.0+
oto,/Volumes/Samsam/Public/USIdata/robyg-poznan/elektrovnia-garbary/usi_oto_4Ao9t.json,2026-05-25T02:05:54.988051,2026-05-25T02:05:54.988053,v0.7.0+
oto,/Volumes/Samsam/Public/USIdata/robyg-poznan/piatkowo-residence/usi_oto_4ugyz.json,2026-05-25T02:05:54.993462,2026-05-25T02:05:54.993464,v0.7.0+
oto,/Volumes/Samsam/Public/USIdata/robyg-poznan/poczatek-piatkowo/usi_oto_4ugyE.json,2026-05-25T02:05:54.996993,2026-05-25T02:05:54.996995,v0.7.0+
oto,/Volumes/Samsam/Public/USIdata/robyg-poznan/stacja-jezyce/usi_oto_4mLbK.json,2026-05-25T02:05:55.004579,2026-05-25T02:05:55.004581,v0.7.0+
rp,/Volumes/Samsam/Public/USIdata/robyg-sa/apartamenty-krolewskie-warszawa-wilanow-blonia-wilanowskie/usi_rp_11030.json,2026-05-25T02:05:54.706706,2026-06-02T23:12:34.394750,v0.7.0+
rp,/Volumes/Samsam/Public/USIdata/robyg-sa/city-apartments-warszawa-zoliborz-sady-zoliborskie/usi_rp_323.json,2026-05-25T02:05:54.709988,2026-06-02T23:12:34.401824,v0.7.0+
rp,/Volumes/Samsam/Public/USIdata/robyg-sa/forum-wola-etap-iii-warszawa-wola-odolany/usi_rp_9932.json,2026-05-25T02:05:54.716779,2026-06-02T23:12:34.415861,v0.7.0+
rp,/Volumes/Samsam/Public/USIdata/robyg-sa/forum-wola-warszawa-wola-odolany/usi_rp_8111.json,2026-05-25T02:05:54.719862,2026-06-02T23:12:34.422271,v0.7.0+
rp,/Volumes/Samsam/Public/USIdata/robyg-sa/green-mokotow-etap-i-warszawa-mokotow-stegny/usi_rp_6582.json,2026-05-25T02:05:54.722525,2026-06-02T23:12:34.427957,v0.7.0+
rp,/Volumes/Samsam/Public/USIdata/robyg-sa/green-mokotow-etap-v-warszawa-mokotow-stegny/usi_rp_8074.json,2026-05-25T02:05:54.728988,2026-06-02T23:12:34.440319,v0.7.0+
rp,/Volumes/Samsam/Public/USIdata/robyg-sa/green-mokotow-etap-vi-warszawa-mokotow-stegny/usi_rp_8576.json,2026-05-25T02:05:54.732141,2026-06-02T23:12:34.447432,v0.7.0+
rp,/Volumes/Samsam/Public/USIdata/robyg-sa/green-mokotow-etap-vii-warszawa-mokotow-stegny/usi_rp_8909.json,2026-05-25T02:05:54.735018,2026-06-02T23:12:34.454161,v0.7.0+
rp,/Volumes/Samsam/Public/USIdata/robyg-sa/green-mokotow-etap-viii-warszawa-mokotow-stegny/usi_rp_9706.json,2026-05-25T02:05:54.737647,2026-06-02T23:12:34.460092,v0.7.0+
rp,/Volumes/Samsam/Public/USIdata/robyg-sa/mlody-wilanow-etap-ii-warszawa-wilanow-blonia-wilanowskie/usi_rp_6820.json,2026-05-25T02:05:54.744997,2026-06-02T23:12:34.473381,v0.7.0+
rp,/Volumes/Samsam/Public/USIdata/robyg-sa/mlody-wilanow-etap-iii-warszawa-wilanow-blonia-wilanowskie/usi_rp_5566.json,2026-05-25T02:05:54.747654,2026-06-02T23:12:34.480510,v0.7.0+
rp,/Volumes/Samsam/Public/USIdata/robyg-sa/modern-city-etap-b-warszawa-bemowo-chrzanow/usi_rp_12706.json,2026-05-25T02:05:54.750298,2026-06-02T23:12:34.487682,v0.7.0+
rp,/Volumes/Samsam/Public/USIdata/robyg-sa/modern-city-etap-c-warszawa-bemowo-chrzanow/usi_rp_13427.json,2026-05-25T02:05:54.752874,2026-06-02T23:12:34.493473,v0.7.0+
rp,/Volumes/Samsam/Public/USIdata/robyg-sa/modern-city-etap-d-warszawa-bemowo-chrzanow/usi_rp_12708.json,2026-05-25T02:05:54.756519,2026-06-02T23:12:34.498945,v0.7.0+
rp,/Volumes/Samsam/Public/USIdata/robyg-sa/moj-ursus-etap-2-warszawa-ursus-szamoty/usi_rp_10584.json,2026-05-25T02:05:54.779241,2026-06-02T23:12:34.526670,v0.7.0+
rp,/Volumes/Samsam/Public/USIdata/robyg-sa/moj-ursus-etap-3-warszawa-ursus-szamoty/usi_rp_11183.json,2026-05-25T02:05:54.784520,2026-06-02T23:12:34.532650,v0.7.0+
rp,/Volumes/Samsam/Public/USIdata/robyg-sa/moj-ursus-etap-3b-warszawa-ursus-szamoty/usi_rp_11531.json,2026-05-25T02:05:54.788368,2026-06-02T23:12:34.540359,v0.7.0+
rp,/Volumes/Samsam/Public/USIdata/robyg-sa/moj-ursus-etap-4-warszawa-ursus-szamoty/usi_rp_12471.json,2026-05-25T02:05:54.796184,2026-06-02T23:12:34.546351,v0.7.0+
rp,/Volumes/Samsam/Public/USIdata/robyg-sa/moj-ursus-etap-4b-warszawa-szamoty/usi_rp_13811.json,2026-05-25T02:05:54.808000,2026-06-02T23:12:34.554373,v0.7.0+
rp,/Volumes/Samsam/Public/USIdata/robyg-sa/moj-ursus-etap-6a-warszawa-ursus-szamoty/usi_rp_13464.json,2026-05-25T02:05:54.826114,2026-06-02T23:12:34.563008,v0.7.0+
rp,/Volumes/Samsam/Public/USIdata/robyg-sa/moj-ursus-warszawa-ursus-szamoty/usi_rp_10350.json,2026-05-25T02:05:54.840801,2026-06-02T23:12:34.570084,v0.7.0+
rp,/Volumes/Samsam/Public/USIdata/robyg-sa/nowa-rezydencja-krolowej-marysienki-vii-warszawa-wilanow-blonia-wilanowskie/usi_rp_6505.json,2026-05-25T02:05:54.850328,2026-06-02T23:12:34.576925,v0.7.0+
rp,/Volumes/Samsam/Public/USIdata/robyg-sa/ogrody-wilanow-warszawa-wilanow-blonia-wilanowskie/usi_rp_8717.json,2026-05-25T02:05:54.857369,2026-06-02T23:12:34.582525,v0.7.0+
rp,/Volumes/Samsam/Public/USIdata/robyg-sa/osiedle-kameralne-etap-vii-warszawa-bemowo-jelonki-poludniowe/usi_rp_7934.json,2026-05-25T02:05:54.862823,2026-06-02T23:12:34.589687,v0.7.0+
rp,/Volumes/Samsam/Public/USIdata/robyg-sa/osiedle-krolewskie-etap-vi-warszawa-wilanow-blonia-wilanowskie/usi_rp_6215.json,2026-05-25T02:05:54.872029,2026-06-02T23:12:34.602995,v0.7.0+
rp,/Volumes/Samsam/Public/USIdata/robyg-sa/osiedle-zdrowa-etap-ii-warszawa-wilanow-blonia-wilanowskie/usi_rp_881.json,2026-05-25T02:05:54.875632,2026-06-02T23:12:34.610102,v0.7.0+
rp,/Volumes/Samsam/Public/USIdata/robyg-sa/osiedle-zyczliwa-praga-etap-i-warszawa-bialoleka-zeran/usi_rp_8605.json,2026-05-25T02:05:54.878991,2026-06-02T23:12:34.616517,v0.7.0+
rp,/Volumes/Samsam/Public/USIdata/robyg-sa/osiedle-zyczliwa-praga-etap-ii-warszawa-bialoleka-zeran/usi_rp_9054.json,2026-05-25T02:05:54.883510,2026-06-02T23:12:34.623039,v0.7.0+
rp,/Volumes/Samsam/Public/USIdata/robyg-sa/osiedle-zyczliwa-praga-etap-iii-warszawa-bialoleka-zeran/usi_rp_13139.json,2026-05-25T02:05:54.888656,2026-06-02T23:12:34.629902,v0.7.0+
rp,/Volumes/Samsam/Public/USIdata/robyg-sa/osiedle-zyczliwa-praga-etap-iv-warszawa-bialoleka-zeran/usi_rp_12545.json,2026-05-25T02:05:54.893065,2026-06-02T23:12:34.636196,v0.7.0+
rp,/Volumes/Samsam/Public/USIdata/robyg-sa/osiedle-zyczliwa-praga-etap-ix-warszawa-bialoleka-zeran/usi_rp_13517.json,2026-05-25T02:05:54.897055,2026-06-02T23:12:34.644464,v0.7.0+
rp,/Volumes/Samsam/Public/USIdata/robyg-sa/osiedle-zyczliwa-praga-etap-v-warszawa-zeran/usi_rp_13859.json,2026-05-25T02:05:54.913767,2026-06-02T23:12:34.651538,v0.7.0+
rp,/Volumes/Samsam/Public/USIdata/robyg-sa/osiedle-zyczliwa-praga-etap-vii-warszawa-bialoleka-zeran/usi_rp_9735.json,2026-05-25T02:05:54.918041,2026-06-02T23:12:34.657911,v0.7.0+
rp,/Volumes/Samsam/Public/USIdata/robyg-sa/osiedle-zyczliwa-praga-etap-viii-warszawa-bialoleka-zeran/usi_rp_13140.json,2026-05-25T02:05:54.921658,2026-06-02T23:12:34.664569,v0.7.0+
rp,/Volumes/Samsam/Public/USIdata/robyg-sa/osiedle-zyczliwa-praga-etap-x-warszawa-zeran/usi_rp_13812.json,2026-05-25T02:05:54.924798,2026-06-02T23:12:34.671446,v0.7.0+
rp,/Volumes/Samsam/Public/USIdata/robyg-sa/praga-arte-warszawa-praga-poludnie-kamionek/usi_rp_10051.json,2026-05-25T02:05:54.928370,2026-06-02T23:12:34.679071,v0.7.0+
rp,/Volumes/Samsam/Public/USIdata/robyg-sa/praga-deco-warszawa-praga-poludnie-kamionek/usi_rp_12929.json,2026-05-25T02:05:54.931941,2026-06-02T23:12:34.686034,v0.7.0+
rp,/Volumes/Samsam/Public/USIdata/robyg-sa/robyg-jagodno-etap-ii-wroclaw-krzyki-wojszyce/usi_rp_11140.json,2026-05-25T02:05:54.935470,2026-06-02T23:12:34.694568,v0.7.0+
rp,/Volumes/Samsam/Public/USIdata/robyg-sa/robyg-jagodno-etap-iii-wroclaw-krzyki-wojszyce/usi_rp_12893.json,2026-05-25T02:05:54.939706,2026-06-02T23:12:34.701168,v0.7.0+
rp,/Volumes/Samsam/Public/USIdata/robyg-sa/robyg-jagodno-wroclaw-krzyki-wojszyce/usi_rp_10493.json,2026-05-25T02:05:54.943726,2026-06-02T23:12:34.709386,v0.7.0+
rp,/Volumes/Samsam/Public/USIdata/robyg-sa/wola-park-residence-warszawa-wola-odolany/usi_rp_4280.json,2026-05-25T02:05:54.956128,2026-06-02T23:12:34.735691,v0.7.0+
rp,/Volumes/Samsam/Public/USIdata/robyg-sa/young-city-2-etap-a-i-b-warszawa-bemowo-chrzanow/usi_rp_7546.json,2026-05-25T02:05:54.959738,2026-06-02T23:12:34.742547,v0.7.0+
rp,/Volumes/Samsam/Public/USIdata/robyg-sa/young-city-2-etap-c-warszawa-bemowo-chrzanow/usi_rp_8721.json,2026-05-25T02:05:54.962543,2026-06-02T23:12:34.749450,v0.7.0+
rp,/Volumes/Samsam/Public/USIdata/robyg-sa/young-city-etap-iii-warszawa-bemowo-jelonki-polnocne/usi_rp_3186.json,2026-05-25T02:05:54.975504,2026-06-02T23:12:34.771859,v0.7.0+
rp,/Volumes/Samsam/Public/USIdata/robyg-sa/young-city-etap-v-warszawa-bemowo-chrzanow/usi_rp_3850.json,2026-05-25T02:05:54.978299,2026-06-02T23:12:34.778756,v0.7.0+
rp,/Volumes/Samsam/Public/USIdata/robyg-sa/young-city-etap-viii-warszawa-bemowo-chrzanow/usi_rp_6660.json,2026-05-25T02:05:54.981353,2026-06-02T23:12:34.785125,v0.7.0+
oto,/Volumes/Samsam/Public/USIdata/robyg-warszawa/modern-city/usi_oto_4xzBY.json,2026-05-25T02:05:54.696093,2026-05-25T02:05:54.696094,v0.7.0+
oto,/Volumes/Samsam/Public/USIdata/robyg-wroclaw/villa-viva/usi_oto_4Blcg.json,2026-05-25T02:05:54.691115,2026-05-25T02:05:54.691119,v0.7.0+
oto,/Volumes/Samsam/Public/USIdata/robyg-wroclaw/villa-viva/usi_oto_68004964.json,2026-05-25T02:05:54.691115,2026-06-02T11:04:30.281170,v0.7.0+
to,/Volumes/Samsam/Public/USIdata/robyggrupadeweloperska/elektrovnia-garbary-panny-marii-poznan-ostrow-tumski-srodka-zawady-komandoria-mieszkania-na-sprzedaz/usi_to_9212585.json,2026-05-25T02:04:58.713992,2026-05-25T02:04:58.713994,v0.7.0+
to,/Volumes/Samsam/Public/USIdata/robyggrupadeweloperska/nowa-walowa-i1-stepkarska-wiosna-ludow-gdansk-srodmiescie-mieszkania-na-sprzedaz/usi_to_9209305.json,2026-05-25T02:04:58.719841,2026-05-25T02:04:58.719843,v0.7.0+
to,/Volumes/Samsam/Public/USIdata/robyggrupadeweloperska/piatkowo-residence-wojciechowskiego-poznan-piatkowo-mieszkania-na-sprzedaz/usi_to_9000597.json,2026-05-25T02:04:58.724150,2026-05-25T02:04:58.724152,v0.7.0+
to,/Volumes/Samsam/Public/USIdata/robyggrupadeweloperska/wendy-budynek-b-gdynia-srodmiescie-mieszkania-na-sprzedaz/usi_to_9202163.json,2026-05-25T02:04:58.728498,2026-05-25T02:04:58.728501,v0.7.0+
rp,/Volumes/Samsam/Public/USIdata/rock-development-sp-z-o-o/nawrot-34-lodz-srodmiescie/usi_rp_13929.json,2026-05-25T02:05:54.680140,2026-06-02T23:12:34.373548,v0.7.0+
rp,/Volumes/Samsam/Public/USIdata/rock-development-sp-z-o-o/nowy-karolew-lodz-karolew-retkinia-wschod/usi_rp_16918.json,2026-05-25T02:05:54.685014,2026-06-02T23:12:34.380283,v0.7.0+
oto,/Volumes/Samsam/Public/USIdata/rock-haus-sp-z-o-o/jeleniogorska-5/usi_oto_4nPPJ.json,2026-05-25T02:05:54.675625,2026-05-25T02:05:54.675628,v0.7.0+
to,/Volumes/Samsam/Public/USIdata/rodis/osiedle-emaya-ernsta-maya-wroclaw-zerniki-fabryczna-mieszkania-na-sprzedaz/usi_to_9201676.json,2026-05-25T02:04:58.706708,2026-05-25T02:04:58.706711,v0.7.0+
oto,/Volumes/Samsam/Public/USIdata/rodis-sp-z-o-o/emaya-by-rodis/usi_oto_4zPAh.json,2026-05-25T02:05:54.668860,2026-05-25T02:05:54.668862,v0.7.0+
rp,/Volumes/Samsam/Public/USIdata/rodzinne-resorty-sp-z-o-o/kaizen-karkonosze-karkonoski-wojcieszyce/usi_rp_18127.json,2026-05-25T02:05:54.658461,2026-06-02T23:12:34.352136,v0.7.0+
rp,/Volumes/Samsam/Public/USIdata/rodzinne-resorty-sp-z-o-o/kyriad-karkonosze-karkonoski-wojcieszyce/usi_rp_15892.json,2026-05-25T02:05:54.661746,2026-06-02T23:12:34.359082,v0.7.0+
oto,/Volumes/Samsam/Public/USIdata/rogowski-development/promenada-biala-laka/usi_oto_4cCMr.json,2026-05-25T02:05:54.644122,2026-05-25T02:05:54.644123,v0.7.0+
oto,/Volumes/Samsam/Public/USIdata/rogowski-development/rezydencja-wilanowka/usi_oto_4fC4q.json,2026-05-25T02:05:54.648588,2026-05-25T02:05:54.648591,v0.7.0+
oto,/Volumes/Samsam/Public/USIdata/rogowski-development/ruczaj-residence/usi_oto_4iORm.json,2026-05-25T02:05:54.652495,2026-05-25T02:05:54.652497,v0.7.0+
rp,/Volumes/Samsam/Public/USIdata/rogowski-development-sp-z-oo/apartamenty-kopernik-iii-bialystok/usi_rp_15544.json,2026-05-25T02:05:54.613085,2026-06-02T23:12:34.267661,v0.7.0+
rp,/Volumes/Samsam/Public/USIdata/rogowski-development-sp-z-oo/apartamenty-rog-mlynowej-bialystok/usi_rp_18616.json,2026-05-25T02:05:54.620805,2026-06-02T23:12:34.283081,v0.7.0+
rp,/Volumes/Samsam/Public/USIdata/rogowski-development-sp-z-oo/apartamenty-warszawska-wysokie-mazowieckie/usi_rp_15546.json,2026-05-25T02:05:54.623279,2026-06-02T23:12:34.289488,v0.7.0+
rp,/Volumes/Samsam/Public/USIdata/rogowski-development-sp-z-oo/apartamenty-zwyciestwa-bialystok/usi_rp_15554.json,2026-05-25T02:05:54.625756,2026-06-02T23:12:34.295011,v0.7.0+
rp,/Volumes/Samsam/Public/USIdata/rogowski-development-sp-z-oo/enklawa-starosielce-bialystok/usi_rp_17271.json,2026-05-25T02:05:54.628315,2026-06-02T23:12:34.302541,v0.7.0+
rp,/Volumes/Samsam/Public/USIdata/rogowski-development-sp-z-oo/twoja-harmonia-bialystok/usi_rp_15841.json,2026-05-25T02:05:54.633486,2026-06-02T23:12:34.315960,v0.7.0+
rp,/Volumes/Samsam/Public/USIdata/rogowski-development-sp-z-oo/wspolna-zachodnia-bialystok/usi_rp_15555.json,2026-05-25T02:05:54.639014,2026-06-02T23:12:34.329059,v0.7.0+
rp,/Volumes/Samsam/Public/USIdata/rogowski-development-sp-z-oo/zlota-rezydencja-bialystok/usi_rp_15545.json,2026-05-25T02:05:54.641461,2026-06-02T23:12:34.335769,v0.7.0+
oto,/Volumes/Samsam/Public/USIdata/rohe/kozielska-park/usi_oto_4Acmw.json,2026-05-25T02:05:54.607206,2026-05-25T02:05:54.607208,v0.7.0+
oto,/Volumes/Samsam/Public/USIdata/rohe-development-kozdra-kowalczyk-zawisza-sp-k/osiedle-brzozowy/usi_oto_4likX.json,2026-05-25T02:05:54.602631,2026-05-25T02:05:54.602632,v0.7.0+
oto,/Volumes/Samsam/Public/USIdata/rohe-group/kownatki-lake-house/usi_oto_4qzQA.json,2026-05-25T02:05:54.593414,2026-05-25T02:05:54.593416,v0.7.0+
oto,/Volumes/Samsam/Public/USIdata/rohe-group/kozielska-park/usi_oto_4pvzo.json,2026-05-25T02:05:54.596961,2026-05-25T02:05:54.596963,v0.7.0+
oto,/Volumes/Samsam/Public/USIdata/rohe-group/osiedle-natura-konstancin/usi_oto_4hCMJ.json,2026-05-25T02:05:54.599794,2026-05-25T02:05:54.599795,v0.7.0+
rp,/Volumes/Samsam/Public/USIdata/rohe-sp-z-oo/kozielska-park-e1-katowice-zespol-dzielnic-srodmiejskich/usi_rp_15238.json,2026-05-25T02:05:54.582968,2026-06-02T23:12:34.245153,v0.7.0+
rp,/Volumes/Samsam/Public/USIdata/rohe-sp-z-oo/natura-konstancin-konstancin-jeziorna/usi_rp_15065.json,2026-05-25T02:05:54.586886,2026-06-02T23:12:34.254157,v0.7.0+
oto,/Volumes/Samsam/Public/USIdata/roman-jedrzejczyk-spolka-komandytowo-akcyjna/osiedle-lutynia-vii/usi_oto_4BdGa.json,2026-05-25T02:05:54.577930,2026-05-25T02:05:54.577931,v0.7.0+
oto,/Volumes/Samsam/Public/USIdata/roman-jedrzejczyk-spolka-komandytowo-akcyjna/osiedle-lutynia-vii/usi_oto_67976066.json,2026-05-25T02:05:54.577930,2026-06-02T11:04:48.011702,v0.7.0+
to,/Volumes/Samsam/Public/USIdata/ronson/grunwald-miedzy-drzewami-3-unii-europejskiej-smardzewska-poznan-grunwald-grunwald-poludnie-mieszkania-na-sprzedaz/usi_to_9135253.json,2026-05-25T02:04:58.688873,2026-05-25T02:04:58.688876,v0.7.0+
oto,/Volumes/Samsam/Public/USIdata/ronson-development/grunwald-miedzy-drzewami/usi_oto_4umK8.json,2026-05-25T02:05:54.556172,2026-05-25T02:05:54.556173,v0.7.0+
oto,/Volumes/Samsam/Public/USIdata/ronson-development/nowa-polnoc/usi_oto_4kg3f.json,2026-05-25T02:05:54.560185,2026-05-25T02:05:54.560186,v0.7.0+
oto,/Volumes/Samsam/Public/USIdata/ronson-development/nowe-warzymice-domy/usi_oto_4ro9o.json,2026-05-25T02:05:54.563467,2026-05-25T02:05:54.563468,v0.7.0+
oto,/Volumes/Samsam/Public/USIdata/ronson-development/osiedle-startowe/usi_oto_4xmdp.json,2026-05-25T02:05:54.566490,2026-05-25T02:05:54.566491,v0.7.0+
oto,/Volumes/Samsam/Public/USIdata/ronson-development/viva-jagodno/usi_oto_4c8eL.json,2026-05-25T02:05:54.570318,2026-05-25T02:05:54.570321,v0.7.0+
oto,/Volumes/Samsam/Public/USIdata/ronson-development/zielono-mi/usi_oto_4oUbj.json,2026-05-25T02:05:54.573990,2026-05-25T02:05:54.573991,v0.7.0+
rp,/Volumes/Samsam/Public/USIdata/ronson-development-sp-z-oo/chillicity-poznanski-tulce/usi_rp_1376.json,2026-05-25T02:05:54.387868,2026-06-02T23:12:33.855021,v0.7.0+
rp,/Volumes/Samsam/Public/USIdata/ronson-development-sp-z-oo/constans-piaseczynski-konstancin-jeziorna/usi_rp_1390.json,2026-05-25T02:05:54.396397,2026-06-02T23:12:33.872550,v0.7.0+
rp,/Volumes/Samsam/Public/USIdata/ronson-development-sp-z-oo/eko-falenty-pruszkowski-falenty-nowe/usi_rp_14623.json,2026-05-25T02:05:54.399379,2026-06-02T23:12:33.880023,v0.7.0+
rp,/Volumes/Samsam/Public/USIdata/ronson-development-sp-z-oo/galileo-poznan-stare-miasto-osiedle-stare-miasto/usi_rp_1411.json,2026-05-25T02:05:54.402202,2026-06-02T23:12:33.886751,v0.7.0+
rp,/Volumes/Samsam/Public/USIdata/ronson-development-sp-z-oo/grunwald2-poznan-grunwald-lawica/usi_rp_9660.json,2026-05-25T02:05:54.416982,2026-06-02T23:12:33.924604,v0.7.0+
rp,/Volumes/Samsam/Public/USIdata/ronson-development-sp-z-oo/imaginarium-iii-warszawa-bielany-las-bielanski/usi_rp_281.json,2026-05-25T02:05:54.422521,2026-06-02T23:12:33.940047,v0.7.0+
rp,/Volumes/Samsam/Public/USIdata/ronson-development-sp-z-oo/impressio-wroclaw-fabryczna-grabiszyn-grabiszynek/usi_rp_1398.json,2026-05-25T02:05:54.425736,2026-06-02T23:12:33.948633,v0.7.0+
rp,/Volumes/Samsam/Public/USIdata/ronson-development-sp-z-oo/kamienica-jezyce-poznan-jezyce-osiedle-jezyce/usi_rp_6692.json,2026-05-25T02:05:54.428467,2026-06-02T23:12:33.955662,v0.7.0+
rp,/Volumes/Samsam/Public/USIdata/ronson-development-sp-z-oo/miasto-marina-wroclaw-krzyki/usi_rp_9610.json,2026-05-25T02:05:54.431610,2026-06-02T23:12:33.963256,v0.7.0+
rp,/Volumes/Samsam/Public/USIdata/ronson-development-sp-z-oo/mlody-grunwald-poznan-grunwald-junikowo/usi_rp_6691.json,2026-05-25T02:05:54.443569,2026-06-02T23:12:33.996851,v0.7.0+
rp,/Volumes/Samsam/Public/USIdata/ronson-development-sp-z-oo/moko-warszawa-mokotow-ksawerow/usi_rp_5113.json,2026-05-25T02:05:54.450512,2026-06-02T23:12:34.012202,v0.7.0+
rp,/Volumes/Samsam/Public/USIdata/ronson-development-sp-z-oo/nova-krolikarnia-ii-warszawa-stegny/usi_rp_16144.json,2026-05-25T02:05:54.454511,2026-06-02T23:12:34.019762,v0.7.0+
rp,/Volumes/Samsam/Public/USIdata/ronson-development-sp-z-oo/nova-krolikarnia-warszawa-mokotow-stegny/usi_rp_8747.json,2026-05-25T02:05:54.459093,2026-06-02T23:12:34.026314,v0.7.0+
rp,/Volumes/Samsam/Public/USIdata/ronson-development-sp-z-oo/nowa-polnoc-etap-2-szczecin-stolczyn/usi_rp_16758.json,2026-05-25T02:05:54.463237,2026-06-02T23:12:34.034259,v0.7.0+
rp,/Volumes/Samsam/Public/USIdata/ronson-development-sp-z-oo/nowa-polnoc-etap-2a-szczecin-stolczyn/usi_rp_19520.json,2026-05-25T02:05:54.466978,2026-06-02T23:12:34.041894,v0.7.0+
rp,/Volumes/Samsam/Public/USIdata/ronson-development-sp-z-oo/nowa-polnoc-szczecin-stolczyn/usi_rp_15149.json,2026-05-25T02:05:54.470134,2026-06-02T23:12:34.050511,v0.7.0+
rp,/Volumes/Samsam/Public/USIdata/ronson-development-sp-z-oo/nowe-warzymice-5-szczecin-zachod/usi_rp_17093.json,2026-05-25T02:05:54.473248,2026-06-02T23:12:34.057055,v0.7.0+
rp,/Volumes/Samsam/Public/USIdata/ronson-development-sp-z-oo/nowe-warzymice-etap-2-szczecin-zachod-gumience/usi_rp_13145.json,2026-05-25T02:05:54.476957,2026-06-02T23:12:34.063775,v0.7.0+
rp,/Volumes/Samsam/Public/USIdata/ronson-development-sp-z-oo/nowe-warzymice-etap-3-policki-warzymice/usi_rp_13764.json,2026-05-25T02:05:54.480357,2026-06-02T23:12:34.073142,v0.7.0+
rp,/Volumes/Samsam/Public/USIdata/ronson-development-sp-z-oo/nowe-warzymice-etap-4-policki-warzymice/usi_rp_14215.json,2026-05-25T02:05:54.483024,2026-06-02T23:12:34.081075,v0.7.0+
rp,/Volumes/Samsam/Public/USIdata/ronson-development-sp-z-oo/nowe-warzymice-szczecin-zachod-gumience/usi_rp_11662.json,2026-05-25T02:05:54.485814,2026-06-02T23:12:34.089687,v0.7.0+
rp,/Volumes/Samsam/Public/USIdata/ronson-development-sp-z-oo/osiedle-espresso-iii-i-iv-etap-warszawa-wola-odolany/usi_rp_5205.json,2026-05-25T02:05:54.492463,2026-06-02T23:12:34.106127,v0.7.0+
rp,/Volumes/Samsam/Public/USIdata/ronson-development-sp-z-oo/panoramika-szczecin-zachod-arkonskie-niemierzyn/usi_rp_1392.json,2026-05-25T02:05:54.506904,2026-06-02T23:12:34.144773,v0.7.0+
rp,/Volumes/Samsam/Public/USIdata/ronson-development-sp-z-oo/tamka-29-warszawa-srodmiescie-powisle/usi_rp_6858.json,2026-05-25T02:05:54.509413,2026-06-02T23:12:34.152341,v0.7.0+
rp,/Volumes/Samsam/Public/USIdata/ronson-development-sp-z-oo/tulip-wilanow-warszawa-wilanow-zawady/usi_rp_11102.json,2026-05-25T02:05:54.511884,2026-06-02T23:12:34.157960,v0.7.0+
rp,/Volumes/Samsam/Public/USIdata/ronson-development-sp-z-oo/vitalia-residence-wroclaw-fabryczna-oporow/usi_rp_7042.json,2026-05-25T02:05:54.535506,2026-06-02T23:12:34.202753,v0.7.0+
rp,/Volumes/Samsam/Public/USIdata/ronson-development-sp-z-oo/viva-jagodno-etap-ii-wroclaw-krzyki-jagodno/usi_rp_13416.json,2026-05-25T02:05:54.539500,2026-06-02T23:12:34.209050,v0.7.0+
rp,/Volumes/Samsam/Public/USIdata/ronson-development-sp-z-oo/viva-jagodno-wroclaw-krzyki-jagodno/usi_rp_11541.json,2026-05-25T02:05:54.547205,2026-06-02T23:12:34.222773,v0.7.0+
rp,/Volumes/Samsam/Public/USIdata/roome-sp-z-oo/domy-przy-wyspie-wroclawski-gajkow/usi_rp_14748.json,2026-05-25T02:05:54.385077,2026-06-02T23:12:33.845412,v0.7.0+
rp,/Volumes/Samsam/Public/USIdata/rorbach-development-sp-z-oo/nowosolna-residence-lodz-nowosolna/usi_rp_20341.json,2026-05-25T02:05:54.358854,2026-06-02T23:12:33.813935,v0.7.0+
rp,/Volumes/Samsam/Public/USIdata/rorbach-development-sp-z-oo/slaska-park-lodz-chojny-dabrowa/usi_rp_18818.json,2026-05-25T02:05:54.379031,2026-06-02T23:12:33.830262,v0.7.0+
rp,/Volumes/Samsam/Public/USIdata/rorbach-development-sp-z-oo/zlotno-residence-lodz-zlotno/usi_rp_20271.json,2026-05-25T02:05:54.382162,2026-06-02T23:12:33.837273,v0.7.0+
oto,/Volumes/Samsam/Public/USIdata/rossa-park-ii-sp-z-o-o/arnikowa-10d/usi_oto_4m3J6.json,2026-05-25T02:05:54.346940,2026-05-25T02:05:54.346942,v0.7.0+
oto,/Volumes/Samsam/Public/USIdata/rossa-park-ii-sp-z-o-o/miodowa-15/usi_oto_4oGVZ.json,2026-05-25T02:05:54.351167,2026-05-25T02:05:54.351168,v0.7.0+
oto,/Volumes/Samsam/Public/USIdata/rossa-park-ii-sp-z-o-o/miodowa-17/usi_oto_4lSDz.json,2026-05-25T02:05:54.355532,2026-05-25T02:05:54.355533,v0.7.0+
oto,/Volumes/Samsam/Public/USIdata/royal-invest-sp-z-o-o/apartamenty-starowiejska/usi_oto_4noVd.json,2026-05-25T02:05:54.327477,2026-05-25T02:05:54.327479,v0.7.0+
oto,/Volumes/Samsam/Public/USIdata/royal-invest-sp-z-o-o/green-park/usi_oto_4sA3v.json,2026-05-25T02:05:54.331920,2026-05-25T02:05:54.331922,v0.7.0+
oto,/Volumes/Samsam/Public/USIdata/royal-invest-sp-z-o-o/jagiellonska-park/usi_oto_4tSwN.json,2026-05-25T02:05:54.336007,2026-05-25T02:05:54.336008,v0.7.0+
oto,/Volumes/Samsam/Public/USIdata/royal-invest-sp-z-o-o/matejki-residence/usi_oto_4sA2j.json,2026-05-25T02:05:54.343038,2026-05-25T02:05:54.343040,v0.7.0+
oto,/Volumes/Samsam/Public/USIdata/royal-sail-investment-group/osiedle-termalne/usi_oto_4Axxx.json,2026-05-25T02:05:54.322466,2026-05-25T02:05:54.322468,v0.7.0+
oto,/Volumes/Samsam/Public/USIdata/royal-sail-investment-group/osiedle-termalne/usi_oto_67814083.json,2026-05-25T02:05:54.322466,2026-06-02T11:05:58.976948,v0.7.0+
oto,/Volumes/Samsam/Public/USIdata/rr-bud/apartamenty-mickiewicza-w-bielsku-podlaskim/usi_oto_4sLlp.json,2026-05-25T02:05:54.317899,2026-05-25T02:05:54.317900,v0.7.0+
rp,/Volumes/Samsam/Public/USIdata/rsig-sp-z-oo-nowy-manhattan-sp-k/nowy-manhattan-zdunska-wola/usi_rp_13928.json,2026-05-25T02:05:54.314053,2026-06-02T23:12:33.804210,v0.7.0+
rp,/Volumes/Samsam/Public/USIdata/rsj-house/17-dzielnica-etap-iii-nowy-dwor-mazowiecki/usi_rp_14781.json,2026-05-25T02:05:54.308425,2026-06-02T23:12:33.787629,v0.7.0+
rp,/Volumes/Samsam/Public/USIdata/rsj-house/atlantis-apartamenty-legionowski-zegrze/usi_rp_14782.json,2026-05-25T02:05:54.311643,2026-06-02T23:12:33.796674,v0.7.0+
rp,/Volumes/Samsam/Public/USIdata/rsm-praga/barkocinska-3-warszawa-targowek-mieszkaniowy/usi_rp_14720.json,2026-05-25T02:05:54.297160,2026-06-02T23:12:33.764984,v0.7.0+
rp,/Volumes/Samsam/Public/USIdata/rsm-praga/stacja-targowek-etap-ii-warszawa-targowek-targowek-mieszkaniowy/usi_rp_13061.json,2026-05-25T02:05:54.305363,2026-06-02T23:12:33.780657,v0.7.0+
oto,/Volumes/Samsam/Public/USIdata/rt-ii-deweloper/zamieszkaj-na-rudawskiej-5/usi_oto_4ncQZ.json,2026-05-25T02:05:54.286072,2026-05-25T02:05:54.286074,v0.7.0+
oto,/Volumes/Samsam/Public/USIdata/rtbs-administrator-sp-zo-o/nowe-borki-apartamenty/usi_oto_4yMKM.json,2026-05-25T02:05:54.282341,2026-05-25T02:05:54.282343,v0.7.0+
oto,/Volumes/Samsam/Public/USIdata/rth-sp-zo-o/pilsudskiego-park/usi_oto_4B99B.json,2026-05-25T02:05:54.278499,2026-05-25T02:05:54.278500,v0.7.0+
oto,/Volumes/Samsam/Public/USIdata/rth-sp-zo-o/pilsudskiego-park/usi_oto_67958671.json,2026-05-25T02:05:54.278499,2026-06-02T11:04:56.452594,v0.7.0+
oto,/Volumes/Samsam/Public/USIdata/rtinvest-sp-z-o-o/nowe-mieszkania-kornice/usi_oto_4B0bK.json,2026-05-25T02:05:54.273321,2026-05-25T02:05:54.273323,v0.7.0+
oto,/Volumes/Samsam/Public/USIdata/rtinvest-sp-z-o-o/nowe-mieszkania-kornice/usi_oto_67924208.json,2026-05-25T02:05:54.273321,2026-06-02T11:05:13.515692,v0.7.0+
oto,/Volumes/Samsam/Public/USIdata/rutkowski-development/apartamenty-przystan-ii/usi_oto_4vZuZ.json,2026-05-25T02:05:54.253793,2026-05-25T02:05:54.253795,v0.7.0+
oto,/Volumes/Samsam/Public/USIdata/rutkowski-development/matemblevo/usi_oto_4fabs.json,2026-05-25T02:05:54.259206,2026-05-25T02:05:54.259209,v0.7.0+
oto,/Volumes/Samsam/Public/USIdata/rutkowski-development/monsa/usi_oto_4dZE9.json,2026-05-25T02:05:54.264599,2026-05-25T02:05:54.264601,v0.7.0+
oto,/Volumes/Samsam/Public/USIdata/rutkowski-development/unikat-apartamenty/usi_oto_4iJIn.json,2026-05-25T02:05:54.267399,2026-05-25T02:05:54.267400,v0.7.0+
oto,/Volumes/Samsam/Public/USIdata/rutkowski-development/unikat-apartamenty-ii/usi_oto_4vEPi.json,2026-05-25T02:05:54.270094,2026-05-25T02:05:54.270095,v0.7.0+
rp,/Volumes/Samsam/Public/USIdata/rutkowski-development-sp-j/aleja-bialystok/usi_rp_18275.json,2026-05-25T02:05:54.037179,2026-06-02T23:12:33.351399,v0.7.0+
rp,/Volumes/Samsam/Public/USIdata/rutkowski-development-sp-j/apartamenty-antoniuk-bialystok/usi_rp_8632.json,2026-05-25T02:05:54.041926,2026-06-02T23:12:33.359935,v0.7.0+
rp,/Volumes/Samsam/Public/USIdata/rutkowski-development-sp-j/apartamenty-przystan-bud-f-gizycko/usi_rp_19242.json,2026-05-25T02:05:54.049993,2026-06-02T23:12:33.376397,v0.7.0+
rp,/Volumes/Samsam/Public/USIdata/rutkowski-development-sp-j/apartamenty-przystan-gizycki-gizycko/usi_rp_10097.json,2026-05-25T02:05:54.053334,2026-06-02T23:12:33.382037,v0.7.0+
rp,/Volumes/Samsam/Public/USIdata/rutkowski-development-sp-j/centrum-park-elcki-elk/usi_rp_2737.json,2026-05-25T02:05:54.056427,2026-06-02T23:12:33.389229,v0.7.0+
rp,/Volumes/Samsam/Public/USIdata/rutkowski-development-sp-j/duo-apartamenty-bialystok/usi_rp_13522.json,2026-05-25T02:05:54.059297,2026-06-02T23:12:33.394671,v0.7.0+
rp,/Volumes/Samsam/Public/USIdata/rutkowski-development-sp-j/forma-augustow-augustow/usi_rp_19302.json,2026-05-25T02:05:54.063119,2026-06-02T23:12:33.400472,v0.7.0+
rp,/Volumes/Samsam/Public/USIdata/rutkowski-development-sp-j/ignatki-forest-bialostocki/usi_rp_18277.json,2026-05-25T02:05:54.067070,2026-06-02T23:12:33.408232,v0.7.0+
rp,/Volumes/Samsam/Public/USIdata/rutkowski-development-sp-j/ignatki-forest-etap-ii-bialostocki-ignatki-osiedle/usi_rp_18278.json,2026-05-25T02:05:54.072553,2026-06-02T23:12:33.414461,v0.7.0+
rp,/Volumes/Samsam/Public/USIdata/rutkowski-development-sp-j/komfort-house-elcki-elk/usi_rp_5028.json,2026-05-25T02:05:54.077281,2026-06-02T23:12:33.421302,v0.7.0+
rp,/Volumes/Samsam/Public/USIdata/rutkowski-development-sp-j/komfort-house-etap-b-elcki-elk/usi_rp_7722.json,2026-05-25T02:05:54.082382,2026-06-02T23:12:33.431638,v0.7.0+
rp,/Volumes/Samsam/Public/USIdata/rutkowski-development-sp-j/komfort-house-etap-c-elcki-elk/usi_rp_8730.json,2026-05-25T02:05:54.086117,2026-06-02T23:12:33.450333,v0.7.0+
rp,/Volumes/Samsam/Public/USIdata/rutkowski-development-sp-j/komfort-house-etap-d-elcki-elk/usi_rp_10107.json,2026-05-25T02:05:54.089134,2026-06-02T23:12:33.482071,v0.7.0+
rp,/Volumes/Samsam/Public/USIdata/rutkowski-development-sp-j/komfort-house-etap-e-elcki-elk/usi_rp_11533.json,2026-05-25T02:05:54.092135,2026-06-02T23:12:33.489987,v0.7.0+
rp,/Volumes/Samsam/Public/USIdata/rutkowski-development-sp-j/koszarova-gizycki-gizycko/usi_rp_12049.json,2026-05-25T02:05:54.094979,2026-06-02T23:12:33.495570,v0.7.0+
rp,/Volumes/Samsam/Public/USIdata/rutkowski-development-sp-j/masuria-park-piski-pisz/usi_rp_6605.json,2026-05-25T02:05:54.100750,2026-06-02T23:12:33.508956,v0.7.0+
rp,/Volumes/Samsam/Public/USIdata/rutkowski-development-sp-j/modern-house-elcki-elk/usi_rp_10106.json,2026-05-25T02:05:54.107156,2026-06-02T23:12:33.520254,v0.7.0+
rp,/Volumes/Samsam/Public/USIdata/rutkowski-development-sp-j/modern-house-ii-elk/usi_rp_19262.json,2026-05-25T02:05:54.110485,2026-06-02T23:12:33.527137,v0.7.0+
rp,/Volumes/Samsam/Public/USIdata/rutkowski-development-sp-j/mono-apartamenty-elcki-elk/usi_rp_13231.json,2026-05-25T02:05:54.113458,2026-06-02T23:12:33.533822,v0.7.0+
rp,/Volumes/Samsam/Public/USIdata/rutkowski-development-sp-j/nova-forma-wegorzewski-wegorzewo/usi_rp_12552.json,2026-05-25T02:05:54.121603,2026-06-02T23:12:33.559568,v0.7.0+
rp,/Volumes/Samsam/Public/USIdata/rutkowski-development-sp-j/nova-port-wegorzewski-wegorzewo/usi_rp_9335.json,2026-05-25T02:05:54.127001,2026-06-02T23:12:33.573838,v0.7.0+
rp,/Volumes/Samsam/Public/USIdata/rutkowski-development-sp-j/ogrody-tuwima-etap-e-elcki-elk/usi_rp_2833.json,2026-05-25T02:05:54.129769,2026-06-02T23:12:33.580028,v0.7.0+
rp,/Volumes/Samsam/Public/USIdata/rutkowski-development-sp-j/ogrody-tuwima-ii-elcki-elk/usi_rp_2044.json,2026-05-25T02:05:54.135607,2026-06-02T23:12:33.596391,v0.7.0+
rp,/Volumes/Samsam/Public/USIdata/rutkowski-development-sp-j/olimpijskie-ogrody-budynek-a-suwalki/usi_rp_2738.json,2026-05-25T02:05:54.138432,2026-06-02T23:12:33.603430,v0.7.0+
rp,/Volumes/Samsam/Public/USIdata/rutkowski-development-sp-j/olimpijskie-ogrody-budynek-c-suwalki/usi_rp_3777.json,2026-05-25T02:05:54.145125,2026-06-02T23:12:33.617905,v0.7.0+
rp,/Volumes/Samsam/Public/USIdata/rutkowski-development-sp-j/olimpijskie-ogrody-budynek-f-g-h-i-j-suwalki/usi_rp_5029.json,2026-05-25T02:05:54.153458,2026-06-02T23:12:33.631249,v0.7.0+
rp,/Volumes/Samsam/Public/USIdata/rutkowski-development-sp-j/osiedle-parkowa-etap-b-grajewo/usi_rp_19341.json,2026-05-25T02:05:54.156703,2026-06-02T23:12:33.638239,v0.7.0+
rp,/Volumes/Samsam/Public/USIdata/rutkowski-development-sp-j/panorama-mazur-piski-pisz/usi_rp_2083.json,2026-05-25T02:05:54.165446,2026-06-02T23:12:33.660223,v0.7.0+
rp,/Volumes/Samsam/Public/USIdata/rutkowski-development-sp-j/ultra-marina-elk/usi_rp_14500.json,2026-05-25T02:05:54.168137,2026-06-02T23:12:33.667385,v0.7.0+
rp,/Volumes/Samsam/Public/USIdata/rutkowski-development-sp-j/ultra-sonata-bialystok/usi_rp_10102.json,2026-05-25T02:05:54.171354,2026-06-02T23:12:33.674383,v0.7.0+
rp,/Volumes/Samsam/Public/USIdata/rutkowski-development-sp-j/voda-apartamenty-gdansk-jasien/usi_rp_11081.json,2026-05-25T02:05:54.191528,2026-06-02T23:12:33.712232,v0.7.0+
rp,/Volumes/Samsam/Public/USIdata/rutkowski-development-sp-j/wave-apartamenty-gizycko/usi_rp_14277.json,2026-05-25T02:05:54.204536,2026-06-02T23:12:33.719955,v0.7.0+
rp,/Volumes/Samsam/Public/USIdata/rutkowski-development-sp-j/wave-etap-ii-gizycko/usi_rp_18281.json,2026-05-25T02:05:54.215507,2026-06-02T23:12:33.727769,v0.7.0+
rp,/Volumes/Samsam/Public/USIdata/rutkowski-development-sp-j/wroclawska-park-bialystok/usi_rp_5577.json,2026-05-25T02:05:54.245847,2026-06-02T23:12:33.734706,v0.7.0+
rp,/Volumes/Samsam/Public/USIdata/rutkowski-development-sp-j/yacht-house-gizycki-gizycko/usi_rp_3790.json,2026-05-25T02:05:54.250479,2026-06-02T23:12:33.742839,v0.7.0+
oto,/Volumes/Samsam/Public/USIdata/rutkowski-group-sp-z-o-o/aleja/usi_oto_4u4HQ.json,2026-05-25T02:05:54.007737,2026-05-25T02:05:54.007739,v0.7.0+
oto,/Volumes/Samsam/Public/USIdata/rutkowski-group-sp-z-o-o/apartamenty-przystan-ii/usi_oto_4x4LB.json,2026-05-25T02:05:54.012631,2026-05-25T02:05:54.012633,v0.7.0+
oto,/Volumes/Samsam/Public/USIdata/rutkowski-group-sp-z-o-o/forma-augustow/usi_oto_4u4GK.json,2026-05-25T02:05:54.017327,2026-05-25T02:05:54.017329,v0.7.0+
oto,/Volumes/Samsam/Public/USIdata/rutkowski-group-sp-z-o-o/ignatki-forest-apartamenty/usi_oto_4qOOW.json,2026-05-25T02:05:54.021251,2026-05-25T02:05:54.021253,v0.7.0+
oto,/Volumes/Samsam/Public/USIdata/rutkowski-group-sp-z-o-o/mono-apartamenty-ostatnie-mieszkania-w-promocji/usi_oto_49N7r.json,2026-05-25T02:05:54.025407,2026-05-25T02:05:54.025409,v0.7.0+
oto,/Volumes/Samsam/Public/USIdata/rutkowski-group-sp-z-o-o/osiedle-radosne-pisz/usi_oto_4nGXU.json,2026-05-25T02:05:54.028915,2026-05-25T02:05:54.028917,v0.7.0+
oto,/Volumes/Samsam/Public/USIdata/rutkowski-group-sp-z-o-o/sobola-biel-inwestycja-roku-2019/usi_oto_4u4Kb.json,2026-05-25T02:05:54.033076,2026-05-25T02:05:54.033077,v0.7.0+
oto,/Volumes/Samsam/Public/USIdata/rw-brylantowa-sp-z-o-o-sp-k/brylantowa-10/usi_oto_4xpmU.json,2026-05-25T02:05:54.002200,2026-05-25T02:05:54.002202,v0.7.0+
rp,/Volumes/Samsam/Public/USIdata/rwp/apartamenty-poligonowa-etap-4-lublin/usi_rp_17173.json,2026-05-25T02:05:53.986295,2026-06-02T23:12:33.329103,v0.7.0+
rp,/Volumes/Samsam/Public/USIdata/rwp/apartamenty-poligonowa-etap-5-lublin/usi_rp_18598.json,2026-05-25T02:05:53.993175,2026-06-02T23:12:33.337233,v0.7.0+
rp,/Volumes/Samsam/Public/USIdata/rwp/dereckiego-park-lublin/usi_rp_18601.json,2026-05-25T02:05:53.998057,2026-06-02T23:12:33.345288,v0.7.0+
oto,/Volumes/Samsam/Public/USIdata/rwp-development/apartamenty-poligonowa-etap-4/usi_oto_4zMV8.json,2026-05-25T02:05:53.975946,2026-05-25T02:05:53.975947,v0.7.0+
oto,/Volumes/Samsam/Public/USIdata/rwp-development/apartamenty-poligonowa-etap-5/usi_oto_4zMRE.json,2026-05-25T02:05:53.979927,2026-05-25T02:05:53.979929,v0.7.0+
oto,/Volumes/Samsam/Public/USIdata/rwp-inwestycje-sp-z-o-o/apartamenty-poligonowa-etap-4/usi_oto_4oOON.json,2026-05-25T02:05:53.966974,2026-05-25T02:05:53.966976,v0.7.0+
oto,/Volumes/Samsam/Public/USIdata/rwp-inwestycje-sp-z-o-o/apartamenty-poligonowa-etap-5/usi_oto_4tvwr.json,2026-05-25T02:05:53.972407,2026-05-25T02:05:53.972409,v0.7.0+
rp,/Volumes/Samsam/Public/USIdata/rws-investment-group/sianowska-polana-gdansk-kokoszki/usi_rp_16201.json,2026-05-25T02:05:53.962274,2026-06-02T23:12:33.320542,v0.7.0+
oto,/Volumes/Samsam/Public/USIdata/rydzewski-k-rydzewski-spolka-komandytowa/jeziorna-18/usi_oto_4tzcH.json,2026-05-25T02:05:53.958150,2026-05-25T02:05:53.958152,v0.7.0+
to,/Volumes/Samsam/Public/USIdata/rygiel-i-wspolnicy/marina-residence-puck-aleja-lipowa-4-puck-apartamenty-na-sprzedaz/usi_to_9158486.json,2026-05-25T02:04:58.662352,2026-05-25T02:04:58.662354,v0.7.0+
rp,/Volumes/Samsam/Public/USIdata/rynek-nieruchomosci/wita-stwosza-bielsko-biala/usi_rp_17773.json,2026-05-25T02:05:53.952471,2026-06-02T23:12:33.311441,v0.7.0+
rp,/Volumes/Samsam/Public/USIdata/s-d-izerskie-sp-z-o-o/infinity-mountain-resort-swieradow-zdroj/usi_rp_15516.json,2026-05-25T02:05:53.945147,2026-06-02T23:12:33.301025,v0.7.0+
oto,/Volumes/Samsam/Public/USIdata/s1-zielinski-development-sp-zoo/soltysowska-vidok/usi_oto_4zweY.json,2026-05-25T02:05:53.940971,2026-05-25T02:05:53.940973,v0.7.0+
rp,/Volumes/Samsam/Public/USIdata/sabe-investments-sp-z-oo/aquamarina-dabki-slawienski-dabki/usi_rp_19208.json,2026-05-25T02:05:53.934256,2026-06-02T23:12:33.291701,v0.7.0+
oto,/Volumes/Samsam/Public/USIdata/sagaris/atria-nowe-zerniki/usi_oto_4zHi3.json,2026-05-25T02:05:53.912458,2026-05-25T02:05:53.912460,v0.7.0+
oto,/Volumes/Samsam/Public/USIdata/sagaris/niedzialkowskiego-park/usi_oto_4yNCm.json,2026-05-25T02:05:53.917555,2026-05-25T02:05:53.917557,v0.7.0+
oto,/Volumes/Samsam/Public/USIdata/sagaris/przystan-krolewiecka-iii/usi_oto_4fLSQ.json,2026-05-25T02:05:53.920819,2026-05-25T02:05:53.920821,v0.7.0+
oto,/Volumes/Samsam/Public/USIdata/sagaris/sagaris-kepa-wynajem/usi_oto_4eWQY.json,2026-05-25T02:05:53.924144,2026-05-25T02:05:53.924146,v0.7.0+
oto,/Volumes/Samsam/Public/USIdata/sagaris/sagaris-parowozownia-malta/usi_oto_47QrO.json,2026-05-25T02:05:53.926991,2026-05-25T02:05:53.926993,v0.7.0+
oto,/Volumes/Samsam/Public/USIdata/sagaris/szklarska-village/usi_oto_4gkdN.json,2026-05-25T02:05:53.931239,2026-05-25T02:05:53.931240,v0.7.0+
to,/Volumes/Samsam/Public/USIdata/sagaris-constructions/atria-nowe-zerniki-ernesta-maya-wroclaw-zerniki-fabryczna-mieszkania-na-sprzedaz/usi_to_9196796.json,2026-05-25T02:04:58.652817,2026-05-25T02:04:58.652819,v0.7.0+
rp,/Volumes/Samsam/Public/USIdata/sagaris-constructions-sp-z-oo/essense-baltic-resort-dziwnow/usi_rp_16459.json,2026-05-25T02:05:53.891452,2026-06-02T23:12:33.236525,v0.7.0+
rp,/Volumes/Samsam/Public/USIdata/sagaris-constructions-sp-z-oo/osada-nadolicka-okolice-wroclawia/usi_rp_15170.json,2026-05-25T02:05:53.897008,2026-06-02T23:12:33.253636,v0.7.0+
rp,/Volumes/Samsam/Public/USIdata/sagaris-constructions-sp-z-oo/sagaris-malta-poznan-nowe-miasto-antoninek-zieliniec-kobylepole/usi_rp_12903.json,2026-05-25T02:05:53.899798,2026-06-02T23:12:33.260003,v0.7.0+
rp,/Volumes/Samsam/Public/USIdata/sagaris-constructions-sp-z-oo/swieradow-zdroj-swieradow-zdroj/usi_rp_16800.json,2026-05-25T02:05:53.904322,2026-06-02T23:12:33.271495,v0.7.0+
rp,/Volumes/Samsam/Public/USIdata/sagaris-constructions-sp-z-oo/szklarska-village-szklarska-poreba/usi_rp_16351.json,2026-05-25T02:05:53.908353,2026-06-02T23:12:33.282741,v0.7.0+
oto,/Volumes/Samsam/Public/USIdata/sagaris-rent/sagaris-kepa-i-nowoczesne-apartamenty-na-kepie-mieszczanskiej/usi_oto_4ASgg.json,2026-05-25T02:05:53.882079,2026-05-25T02:05:53.882081,v0.7.0+
oto,/Volumes/Samsam/Public/USIdata/sagaris-rent/sagaris-kepa-i-nowoczesne-apartamenty-na-kepie-mieszczanskiej/usi_oto_67893736.json,2026-05-25T02:05:53.882079,2026-06-02T11:05:21.853937,v0.7.0+
oto,/Volumes/Samsam/Public/USIdata/sainz-development/kameralny-ursynow/usi_oto_4e889.json,2026-05-25T02:05:53.873028,2026-05-25T02:05:53.873029,v0.7.0+
oto,/Volumes/Samsam/Public/USIdata/sainz-development/zielone-tarasy-iii/usi_oto_4sTlF.json,2026-05-25T02:05:53.877410,2026-05-25T02:05:53.877411,v0.7.0+
rp,/Volumes/Samsam/Public/USIdata/sainz-development-sa/kameralny-ursynow-warszawa-pyry/usi_rp_14238.json,2026-05-25T02:05:53.869063,2026-06-02T23:12:33.212470,v0.7.0+
oto,/Volumes/Samsam/Public/USIdata/salwirak-sp-z-o-o/grzybowa/usi_oto_4yvp1.json,2026-05-25T02:05:53.861520,2026-05-25T02:05:53.861521,v0.7.0+
oto,/Volumes/Samsam/Public/USIdata/salwirak-sp-z-o-o/maslicka/usi_oto_4jrQq.json,2026-05-25T02:05:53.865846,2026-05-25T02:05:53.865848,v0.7.0+
oto,/Volumes/Samsam/Public/USIdata/samax-development-sp-z-o-o/akacjowa/usi_oto_4tpzh.json,2026-05-25T02:05:53.853548,2026-05-25T02:05:53.853550,v0.7.0+
rp,/Volumes/Samsam/Public/USIdata/samson-dom/garden-zlotno-lodz-zlotno/usi_rp_17415.json,2026-05-25T02:05:53.819333,2026-06-02T23:12:33.151569,v0.7.0+
rp,/Volumes/Samsam/Public/USIdata/samson-dom/green-west-ii-lodz/usi_rp_13873.json,2026-05-25T02:05:53.822017,2026-06-02T23:12:33.158646,v0.7.0+
oto,/Volumes/Samsam/Public/USIdata/samson-dom/nova-ceramiczna/usi_oto_4yjtL.json,2026-05-25T02:05:53.825314,2026-05-25T02:05:53.825316,v0.7.0+
oto,/Volumes/Samsam/Public/USIdata/samson-dom/nowa-ceramiczna/usi_oto_4A2x0.json,2026-05-25T02:05:53.831657,2026-05-25T02:05:53.831659,v0.7.0+
rp,/Volumes/Samsam/Public/USIdata/samson-dom/olechowska-verde-lodz-nr-33/usi_rp_17416.json,2026-05-25T02:05:53.835661,2026-06-02T23:12:33.173474,v0.7.0+
rp,/Volumes/Samsam/Public/USIdata/samson-dom/opatkowicka-park-krakow-swoszowice/usi_rp_15783.json,2026-05-25T02:05:53.839141,2026-06-02T23:12:33.179278,v0.7.0+
oto,/Volumes/Samsam/Public/USIdata/samson-dom/pekowicka-trio/usi_oto_4rMPE.json,2026-05-25T02:05:53.843426,2026-05-25T02:05:53.843427,v0.7.0+
rp,/Volumes/Samsam/Public/USIdata/samson-dom/zloty-dab-lodz-zlotno/usi_rp_14237.json,2026-05-25T02:05:53.849491,2026-06-02T23:12:33.193915,v0.7.0+
oto,/Volumes/Samsam/Public/USIdata/sanbet-development/apartamenty-jezdziecka/usi_oto_4nGNh.json,2026-05-25T02:05:53.779395,2026-05-25T02:05:53.779396,v0.7.0+
oto,/Volumes/Samsam/Public/USIdata/sanbet-development/nowe-osiedle-winda-garaz-komorki-lokatorskie/usi_oto_4zSKY.json,2026-05-25T02:05:53.786660,2026-05-25T02:05:53.786662,v0.7.0+
oto,/Volumes/Samsam/Public/USIdata/sanbet-development/panorama-slezanska-zamieszkaj-u-stop-slezy/usi_oto_4yAX7.json,2026-05-25T02:05:53.789418,2026-05-25T02:05:53.789419,v0.7.0+
oto,/Volumes/Samsam/Public/USIdata/sanbet-development/parkowy-dwor-poludnie-wroclawia-kobierzyce/usi_oto_43SoV.json,2026-05-25T02:05:53.803486,2026-05-25T02:05:53.803488,v0.7.0+
oto,/Volumes/Samsam/Public/USIdata/sanbet-development/sloneczny-zakatek/usi_oto_47SuQ.json,2026-05-25T02:05:53.807911,2026-05-25T02:05:53.807912,v0.7.0+
oto,/Volumes/Samsam/Public/USIdata/sanbet-development/twoje-wymarzone-mieszkanie/usi_oto_4yd3B.json,2026-05-25T02:05:53.811165,2026-05-25T02:05:53.811167,v0.7.0+
oto,/Volumes/Samsam/Public/USIdata/sarnowscy-development-paula-sarnowska/bazancia-natura/usi_oto_4rmvS.json,2026-05-25T02:05:53.761908,2026-05-25T02:05:53.761910,v0.7.0+
oto,/Volumes/Samsam/Public/USIdata/sasiedzi-development/sasiedzi-development-sp-z-o-o/usi_oto_4tuYH.json,2026-05-25T02:05:53.756707,2026-05-25T02:05:53.756710,v0.7.0+
rp,/Volumes/Samsam/Public/USIdata/sato/broniewskiego-sokolka/usi_rp_15575.json,2026-05-25T02:05:53.750868,2026-06-02T23:12:33.100902,v0.7.0+
oto,/Volumes/Samsam/Public/USIdata/sbi-development-sp-z-o-o/zory-os-sikorskiego-ul-okrezna-18-woj-slaskie/usi_oto_4tzWL.json,2026-05-25T02:05:53.746762,2026-05-25T02:05:53.746764,v0.7.0+
oto,/Volumes/Samsam/Public/USIdata/sbm-natolin/3-ogrody/usi_oto_4sFmq.json,2026-05-25T02:05:53.737350,2026-05-25T02:05:53.737352,v0.7.0+
rp,/Volumes/Samsam/Public/USIdata/sbm-natolin/3-ogrody-piaseczynski-zamienie/usi_rp_15355.json,2026-05-25T02:05:53.741769,2026-06-02T23:12:33.092588,v0.7.0+
oto,/Volumes/Samsam/Public/USIdata/sbm-prodom-zacisze/zacisze-16/usi_oto_4yfLE.json,2026-05-25T02:05:53.732908,2026-05-25T02:05:53.732910,v0.7.0+
rp,/Volumes/Samsam/Public/USIdata/sbs-3-spz-oo/las-marcina-rzeszow/usi_rp_17466.json,2026-05-25T02:05:53.728503,2026-06-02T23:12:33.083568,v0.7.0+
rp,/Volumes/Samsam/Public/USIdata/scandi-home/osiedle-scandi-wroclaw-krzyki-brochow/usi_rp_10377.json,2026-05-25T02:05:53.721851,2026-06-02T23:12:33.070780,v0.7.0+
rp,/Volumes/Samsam/Public/USIdata/scandi-home/scandi-city-wroclawski-siechnice/usi_rp_11996.json,2026-05-25T02:05:53.725846,2026-06-02T23:12:33.077267,v0.7.0+
oto,/Volumes/Samsam/Public/USIdata/scandic-park/bajkowy-dopiewiec-ii-pelna-wlasnosc-fotowoltaika/usi_oto_4mpEq.json,2026-05-25T02:05:53.716134,2026-05-25T02:05:53.716136,v0.7.0+
oto,/Volumes/Samsam/Public/USIdata/sczanieckiej-8/sczanieckiej-8-twoj-styl-zycia-ma-swoj-adres/usi_oto_4Bfhj.json,2026-05-25T02:05:53.710042,2026-05-25T02:05:53.710044,v0.7.0+
oto,/Volumes/Samsam/Public/USIdata/sczanieckiej-8/sczanieckiej-8-twoj-styl-zycia-ma-swoj-adres/usi_oto_67982213.json,2026-05-25T02:05:53.710042,2026-06-02T11:04:43.101773,v0.7.0+
rp,/Volumes/Samsam/Public/USIdata/sea-house-wicie/sea-house-wicie-slawienski-wicie/usi_rp_18680.json,2026-05-25T02:05:53.705058,2026-06-02T23:12:33.062339,v0.7.0+
oto,/Volumes/Samsam/Public/USIdata/sea-lake-ii-sp-z-o-o/sea-lake/usi_oto_4a0sG.json,2026-05-25T02:05:53.700429,2026-05-25T02:05:53.700431,v0.7.0+
oto,/Volumes/Samsam/Public/USIdata/sea-park/bulvar-apartments/usi_oto_4xdkI.json,2026-05-25T02:05:53.695639,2026-05-25T02:05:53.695640,v0.7.0+
to,/Volumes/Samsam/Public/USIdata/sea-park/bulvar-apartments-czarny-dwor-gdansk-przymorze-apartamenty-na-sprzedaz/usi_to_8163544.json,2026-05-25T02:04:58.638190,2026-05-25T02:04:58.638194,v0.7.0+
oto,/Volumes/Samsam/Public/USIdata/seabreeze-project-sp-z-o-o/sea-breeze/usi_oto_4z9DJ.json,2026-05-25T02:05:53.691058,2026-05-25T02:05:53.691059,v0.7.0+
rp,/Volumes/Samsam/Public/USIdata/sebo-sp-z-oo/belzacka-park-etap-ii-piotrkow-trybunalski/usi_rp_13999.json,2026-05-25T02:05:53.683306,2026-06-02T23:12:33.046336,v0.7.0+
oto,/Volumes/Samsam/Public/USIdata/sebtom/apartamenty-walcz-pod-zaglami-ii/usi_oto_4tPzq.json,2026-05-25T02:05:53.677250,2026-05-25T02:05:53.677252,v0.7.0+
oto,/Volumes/Samsam/Public/USIdata/sebtom-deweloper/apartamenty-pod-zaglami-walcz/usi_oto_4qjzf.json,2026-05-25T02:05:53.667825,2026-05-25T02:05:53.667827,v0.7.0+
oto,/Volumes/Samsam/Public/USIdata/sebtom-deweloper/apartamenty-zlotow-debowe-wzgorze-lesny-zakatek/usi_oto_4pmLb.json,2026-05-25T02:05:53.672787,2026-05-25T02:05:53.672789,v0.7.0+
oto,/Volumes/Samsam/Public/USIdata/sekwoja-development/kameralne-apartamenty-przy-jana-pawla-ii/usi_oto_4tZFk.json,2026-05-25T02:05:53.663436,2026-05-25T02:05:53.663438,v0.7.0+
oto,/Volumes/Samsam/Public/USIdata/semar-deweloper/osiedle-aleja-brzozova/usi_oto_47z93.json,2026-05-25T02:05:53.654814,2026-05-25T02:05:53.654816,v0.7.0+
rp,/Volumes/Samsam/Public/USIdata/senn-development/osiedle-borkow-58-warszawa-zerzen/usi_rp_16829.json,2026-05-25T02:05:53.637540,2026-06-02T23:12:33.011847,v0.7.0+
oto,/Volumes/Samsam/Public/USIdata/senn-development/osiedle-borkow-58-wawer-kameralne-osiedle-domow/usi_oto_4oPWf.json,2026-05-25T02:05:53.641440,2026-05-25T02:05:53.641442,v0.7.0+
rp,/Volumes/Samsam/Public/USIdata/senn-development/osiedle-kwiatow-polskich-etap-2-warszawa-zerzen/usi_rp_18852.json,2026-05-25T02:05:53.645764,2026-06-02T23:12:33.019075,v0.7.0+
rp,/Volumes/Samsam/Public/USIdata/senn-development/osiedle-kwiatow-polskich-etap-3-warszawa-zerzen/usi_rp_18814.json,2026-05-25T02:05:53.648973,2026-06-02T23:12:33.025973,v0.7.0+
rp,/Volumes/Samsam/Public/USIdata/senn-development/osiedle-kwiatow-polskich-warszawa-zerzen/usi_rp_15769.json,2026-05-25T02:05:53.652017,2026-06-02T23:12:33.033126,v0.7.0+
rp,/Volumes/Samsam/Public/USIdata/sg-projekt-sp-z-oo/osiedle-konarzyce-lomzynski/usi_rp_18804.json,2026-05-25T02:05:53.633301,2026-06-02T23:12:33.004098,v0.7.0+
oto,/Volumes/Samsam/Public/USIdata/sgi/drucianka-wschodnia/usi_oto_68057034.json,2026-06-02T11:03:47.959469,2026-06-02T11:03:48.345921,v0.7.0+
oto,/Volumes/Samsam/Public/USIdata/sgi/kameralna/usi_oto_68057361.json,2026-06-02T11:03:46.019954,2026-06-02T11:03:46.367402,v0.7.0+
oto,/Volumes/Samsam/Public/USIdata/sgi/tarasy-ii/usi_oto_68057351.json,2026-06-02T11:03:47.012055,2026-06-02T11:03:47.437448,v0.7.0+
rp,/Volumes/Samsam/Public/USIdata/sgi-sp-z-oo/lopuszanska-47-etap-2-warszawa-rakow/usi_rp_17164.json,2026-05-25T02:05:53.549768,2026-06-02T23:12:32.786851,v0.7.0+
rp,/Volumes/Samsam/Public/USIdata/sgi-sp-z-oo/lopuszanska-47-etap-3-warszawa-srodmiescie-poludniowe/usi_rp_19030.json,2026-05-25T02:05:53.554019,2026-06-02T23:12:32.793562,v0.7.0+
rp,/Volumes/Samsam/Public/USIdata/sgi-sp-z-oo/nova-bluszczanska-warszawa-mokotow-siekierki/usi_rp_10546.json,2026-05-25T02:05:53.582911,2026-06-02T23:12:32.902905,v0.7.0+
rp,/Volumes/Samsam/Public/USIdata/sgi-sp-z-oo/sokolowka-lodz-radogoszcz/usi_rp_13779.json,2026-05-25T02:05:53.609871,2026-06-02T23:12:32.951854,v0.7.0+
rp,/Volumes/Samsam/Public/USIdata/sgi-sp-z-oo/ustronie-mokotow-warszawa-mokotow-siekierki/usi_rp_11923.json,2026-05-25T02:05:53.624770,2026-06-02T23:12:32.982780,v0.7.0+
rp,/Volumes/Samsam/Public/USIdata/sgi-sp-z-oo/ustronie-wilanow-warszawa-zawady/usi_rp_16671.json,2026-05-25T02:05:53.627519,2026-06-02T23:12:32.990242,v0.7.0+
oto,/Volumes/Samsam/Public/USIdata/sgl-deweloper/apartamenty-przy-mlynie/usi_oto_4xb6l.json,2026-05-25T02:05:53.499181,2026-05-25T02:05:53.499183,v0.7.0+
rp,/Volumes/Samsam/Public/USIdata/shark-investment-sp-z-oo/apartamenty-nowy-targ-wroclaw-stare-miasto/usi_rp_19023.json,2026-05-25T02:05:53.491776,2026-06-02T23:12:32.694412,v0.7.0+
rp,/Volumes/Samsam/Public/USIdata/shark-investment-sp-z-oo/nowe-gutkowo-olsztyn/usi_rp_15893.json,2026-05-25T02:05:53.495706,2026-06-02T23:12:32.701412,v0.7.0+
oto,/Volumes/Samsam/Public/USIdata/sierzbud/osiedle-mille-rumia/usi_oto_4yO04.json,2026-05-25T02:05:53.482239,2026-05-25T02:05:53.482241,v0.7.0+
oto,/Volumes/Samsam/Public/USIdata/siewna31/siewna-31/usi_oto_4qtbg.json,2026-05-25T02:05:53.476256,2026-05-25T02:05:53.476259,v0.7.0+
rp,/Volumes/Samsam/Public/USIdata/sikora-ac/nowe-piekary-piekary-slaskie/usi_rp_18399.json,2026-05-25T02:05:53.470255,2026-06-02T23:12:32.677931,v0.7.0+
rp,/Volumes/Samsam/Public/USIdata/silamar/silamar-niechorze-parkowa-gryficki-niechorze/usi_rp_15001.json,2026-05-25T02:05:53.464113,2026-06-02T23:12:32.670897,v0.7.0+
oto,/Volumes/Samsam/Public/USIdata/sim-lodzkie/nowoczesna-inwestycja-sim-bez-potrzeby-kredytu/usi_oto_4yku9.json,2026-05-25T02:05:53.449779,2026-05-25T02:05:53.449780,v0.7.0+
oto,/Volumes/Samsam/Public/USIdata/sim-lodzkie/nowoczesna-inwestycja-sim-bez-potrzeby-kredytu-w-brzezinach/usi_oto_4ynju.json,2026-05-25T02:05:53.455058,2026-05-25T02:05:53.455060,v0.7.0+
oto,/Volumes/Samsam/Public/USIdata/sim-lodzkie/nowoczesne-osiedle-w-brzezinach-bez-wysokich-kosztow/usi_oto_4BrKD.json,2026-05-25T02:05:53.459614,2026-05-25T02:05:53.459616,v0.7.0+
oto,/Volumes/Samsam/Public/USIdata/sim-lodzkie/nowoczesne-osiedle-w-brzezinach-bez-wysokich-kosztow/usi_oto_68030159.json,2026-05-25T02:05:53.459614,2026-06-02T11:04:15.741807,v0.7.0+
oto,/Volumes/Samsam/Public/USIdata/sim-zaglebie-sp-z-o-o/bedzin-ul-odkrywkowa/usi_oto_4x8o7.json,2026-05-25T02:05:53.429284,2026-05-25T02:05:53.429285,v0.7.0+
oto,/Volumes/Samsam/Public/USIdata/sim-zaglebie-sp-z-o-o/ogrodzieniec-i/usi_oto_4ts5G.json,2026-05-25T02:05:53.433913,2026-05-25T02:05:53.433915,v0.7.0+
oto,/Volumes/Samsam/Public/USIdata/sim-zaglebie-sp-z-o-o/sosnowiec-ul-mjr-hubala-dobrzanskiego/usi_oto_4o4IT.json,2026-05-25T02:05:53.440701,2026-05-25T02:05:53.440704,v0.7.0+
oto,/Volumes/Samsam/Public/USIdata/sim-zaglebie-sp-z-o-o/ul-21-listopada-23-czeladz/usi_oto_4p99v.json,2026-05-25T02:05:53.445157,2026-05-25T02:05:53.445159,v0.7.0+
oto,/Volumes/Samsam/Public/USIdata/sindbad-dom/wapienna-i-etap/usi_oto_4tIof.json,2026-05-25T02:05:53.421145,2026-05-25T02:05:53.421147,v0.7.0+
rp,/Volumes/Samsam/Public/USIdata/siodme-niebo/osiedle-nodo-gdansk-jasien/usi_rp_17159.json,2026-05-25T02:05:53.409289,2026-06-02T23:12:32.649383,v0.7.0+
rp,/Volumes/Samsam/Public/USIdata/siodme-niebo/osiedle-wilga-kartuski-banino/usi_rp_15022.json,2026-05-25T02:05:53.413006,2026-06-02T23:12:32.657199,v0.7.0+
oto,/Volumes/Samsam/Public/USIdata/siodme-niebo/primo/usi_oto_4tm0O.json,2026-05-25T02:05:53.415545,2026-05-25T02:05:53.415546,v0.7.0+
rp,/Volumes/Samsam/Public/USIdata/siodme-niebo/primo-gdanski-rokitnica/usi_rp_15487.json,2026-05-25T02:05:53.418528,2026-06-02T23:12:32.665046,v0.7.0+
oto,/Volumes/Samsam/Public/USIdata/siodme-niebo-s-a/apartamenty-stegna-forest-ii-od-303-500-zl-brutto/usi_oto_4xg6g.json,2026-05-25T02:05:53.380364,2026-05-25T02:05:53.380365,v0.7.0+
oto,/Volumes/Samsam/Public/USIdata/siodme-niebo-s-a/domy-na-gdanskim-jasieniu-od-850-000-zl/usi_oto_4xg75.json,2026-05-25T02:05:53.384436,2026-05-25T02:05:53.384438,v0.7.0+
oto,/Volumes/Samsam/Public/USIdata/siodme-niebo-s-a/inwestycja-primo-od-499-000-zl/usi_oto_4xg6B.json,2026-05-25T02:05:53.387478,2026-05-25T02:05:53.387479,v0.7.0+
oto,/Volumes/Samsam/Public/USIdata/siodme-niebo-s-a/nowa-miejscowa/usi_oto_4B8kU.json,2026-05-25T02:05:53.390989,2026-05-25T02:05:53.390991,v0.7.0+
oto,/Volumes/Samsam/Public/USIdata/siodme-niebo-s-a/nowa-miejscowa/usi_oto_67955528.json,2026-05-25T02:05:53.390989,2026-06-02T11:04:59.520147,v0.7.0+
oto,/Volumes/Samsam/Public/USIdata/siodme-niebo-s-a/nowe-lokale-uslugowe-we-wrzeszczu/usi_oto_4xP9y.json,2026-05-25T02:05:53.394441,2026-05-25T02:05:53.394443,v0.7.0+
oto,/Volumes/Samsam/Public/USIdata/siodme-niebo-s-a/osiedle-wilga/usi_oto_4rAK3.json,2026-05-25T02:05:53.398088,2026-05-25T02:05:53.398090,v0.7.0+
oto,/Volumes/Samsam/Public/USIdata/siodme-niebo-s-a/slowackiego-78/usi_oto_4sEpL.json,2026-05-25T02:05:53.401824,2026-05-25T02:05:53.401826,v0.7.0+
oto,/Volumes/Samsam/Public/USIdata/siodme-niebo-s-a/stegna-forest-2/usi_oto_4rowM.json,2026-05-25T02:05:53.405369,2026-05-25T02:05:53.405370,v0.7.0+
oto,/Volumes/Samsam/Public/USIdata/sivanet/lechicka-65/usi_oto_4AjTC.json,2026-05-25T02:05:53.374922,2026-05-25T02:05:53.374924,v0.7.0+
to,/Volumes/Samsam/Public/USIdata/sivanet/lechicka-65-poznan-piatkowo-mieszkania-na-sprzedaz/usi_to_9219643.json,2026-05-25T02:04:58.614168,2026-05-25T02:04:58.614170,v0.7.0+
rp,/Volumes/Samsam/Public/USIdata/sivanet-sp-z-oo/lechicka-65-poznan-piatkowo/usi_rp_17078.json,2026-05-25T02:05:53.366657,2026-06-02T23:12:32.634376,v0.7.0+
oto,/Volumes/Samsam/Public/USIdata/siw-2/rz21/usi_oto_4zgm7.json,2026-05-25T02:05:53.361631,2026-05-25T02:05:53.361633,v0.7.0+
rp,/Volumes/Samsam/Public/USIdata/sk-development/osiedle-kwiatowa-lazy-piaseczynski-lazy/usi_rp_18647.json,2026-05-25T02:05:53.352398,2026-06-02T23:12:32.615391,v0.7.0+
oto,/Volumes/Samsam/Public/USIdata/skaland/aurora-park/usi_oto_4r21b.json,2026-05-25T02:05:53.345426,2026-05-25T02:05:53.345427,v0.7.0+
rp,/Volumes/Samsam/Public/USIdata/skaland/aurora-park-poznanski-skorzewo/usi_rp_15757.json,2026-05-25T02:05:53.349150,2026-06-02T23:12:32.609085,v0.7.0+
oto,/Volumes/Samsam/Public/USIdata/skanska/jasminowy-mokotow-vi/usi_oto_4tGcF.json,2026-05-25T02:05:53.339016,2026-05-25T02:05:53.339017,v0.7.0+
oto,/Volumes/Samsam/Public/USIdata/skanska/park-skandynawia-v/usi_oto_4offf.json,2026-05-25T02:05:53.342525,2026-05-25T02:05:53.342526,v0.7.0+
oto,/Volumes/Samsam/Public/USIdata/skanska-residential-development-poland-sp-z-o-o/nu-warszawa-wola-wykonczone-gotowe-do-zamieszkania/usi_oto_4zyIp.json,2026-05-25T02:05:53.335407,2026-05-25T02:05:53.335408,v0.7.0+
rp,/Volumes/Samsam/Public/USIdata/skanska-residential-development-poland-sp-z-oo/jasminowy-mokotow-etap-vi-warszawa-stegny/usi_rp_17771.json,2026-05-25T02:05:53.298440,2026-06-02T23:12:32.521761,v0.7.0+
rp,/Volumes/Samsam/Public/USIdata/skanska-residential-development-poland-sp-z-oo/nu3-warszawa-wola-warszawa-czyste/usi_rp_20211.json,2026-05-25T02:05:53.316832,2026-06-02T23:12:32.566731,v0.7.0+
rp,/Volumes/Samsam/Public/USIdata/skanska-residential-development-poland-sp-z-oo/stilla-warszawa-rakow/usi_rp_16203.json,2026-05-25T02:05:53.332756,2026-06-02T23:12:32.602564,v0.7.0+
to,/Volumes/Samsam/Public/USIdata/skanskaresidential/awangarda-mogilska-mogilska-126-krakow-pradnik-czerwony-rakowice-mieszkania-na-sprzedaz/usi_to_9044537.json,2026-05-25T02:04:58.603696,2026-05-25T02:04:58.603701,v0.7.0+
oto,/Volumes/Samsam/Public/USIdata/skarbiec-polska-spolka-z-ograniczona-odpowiedzialnoscia/skarbiec-plac-wolnosci-15/usi_oto_4A0Y1.json,2026-05-25T02:05:53.279402,2026-05-25T02:05:53.279403,v0.7.0+
oto,/Volumes/Samsam/Public/USIdata/skomar-developer/nowe-mieszkania-sloneczne-tarasy-zabkowice-slaskie/usi_oto_4tbOE.json,2026-05-25T02:05:53.274195,2026-05-25T02:05:53.274197,v0.7.0+
oto,/Volumes/Samsam/Public/USIdata/skomar-sp-z-o-o/nowy-etap-w-sprzedazy-zimowa-letnia-klodzko/usi_oto_4zlmF.json,2026-05-25T02:05:53.265079,2026-05-25T02:05:53.265081,v0.7.0+
oto,/Volumes/Samsam/Public/USIdata/skomar-sp-z-o-o/osiedle-wiosenne/usi_oto_4t2my.json,2026-05-25T02:05:53.269888,2026-05-25T02:05:53.269890,v0.7.0+
oto,/Volumes/Samsam/Public/USIdata/skw-development-sp-z-o-o/dabrowskiego-20/usi_oto_4AXHv.json,2026-05-25T02:05:53.259794,2026-05-25T02:05:53.259796,v0.7.0+
oto,/Volumes/Samsam/Public/USIdata/skw-development-sp-z-o-o/dabrowskiego-20/usi_oto_67914646.json,2026-05-25T02:05:53.259794,2026-06-02T11:05:17.262688,v0.7.0+
oto,/Volumes/Samsam/Public/USIdata/sl-partners-s-c/apartamenty-zacisze-kromolow/usi_oto_4sjwz.json,2026-05-25T02:05:53.242909,2026-05-25T02:05:53.242910,v0.7.0+
rp,/Volumes/Samsam/Public/USIdata/slawbud/osiedle-natura-life-warszawski-zachodni-lomianki-dolne/usi_rp_14435.json,2026-05-25T02:05:53.234759,2026-06-02T23:12:32.479697,v0.7.0+
rp,/Volumes/Samsam/Public/USIdata/slawbud/osiedle-sloneczna-marki/usi_rp_14937.json,2026-05-25T02:05:53.237538,2026-06-02T23:12:32.486953,v0.7.0+
rp,/Volumes/Samsam/Public/USIdata/slawbud/osiedle-slow-life-lomianki/usi_rp_17596.json,2026-05-25T02:05:53.240153,2026-06-02T23:12:32.493151,v0.7.0+
oto,/Volumes/Samsam/Public/USIdata/slawomir-pienkowski-transport-budowa/apartamenty-pow-radzymin/usi_oto_4yWqb.json,2026-05-25T02:05:53.224082,2026-05-25T02:05:53.224083,v0.7.0+
oto,/Volumes/Samsam/Public/USIdata/sloneczna-ligota-sp-z-o-o/sloneczna-ligota/usi_oto_4ylLg.json,2026-05-25T02:05:53.219822,2026-05-25T02:05:53.219823,v0.7.0+
rp,/Volumes/Samsam/Public/USIdata/sloneczny-pradnik/sloneczna-brzozowa-krakowski-bibice/usi_rp_18535.json,2026-05-25T02:05:53.215401,2026-06-02T23:12:32.458436,v0.7.0+
oto,/Volumes/Samsam/Public/USIdata/sm-osiedle-mlodych/osiedle-chodzieska-mieszkania/usi_oto_4Bk6j.json,2026-05-25T02:05:53.210522,2026-05-25T02:05:53.210524,v0.7.0+
oto,/Volumes/Samsam/Public/USIdata/sm-osiedle-mlodych/osiedle-chodzieska-mieszkania/usi_oto_68000751.json,2026-05-25T02:05:53.210522,2026-06-02T11:04:33.536254,v0.7.0+
oto,/Volumes/Samsam/Public/USIdata/smardzewska-project-sp-z-o-o/smart-14-ul-smardzewska-14-grunwald/usi_oto_4z9tq.json,2026-05-25T02:05:53.200894,2026-05-25T02:05:53.200895,v0.7.0+
oto,/Volumes/Samsam/Public/USIdata/smart-apartments-sp-z-o-o/apartamenty-casa-sole/usi_oto_4A9kA.json,2026-05-25T02:05:53.196291,2026-05-25T02:05:53.196293,v0.7.0+
oto,/Volumes/Samsam/Public/USIdata/smart-cube-sp-z-o-o/smart-city/usi_oto_4o4OD.json,2026-05-25T02:05:53.188363,2026-05-25T02:05:53.188366,v0.7.0+
rp,/Volumes/Samsam/Public/USIdata/smart-development/smart-apart-kielce/usi_rp_15438.json,2026-05-25T02:05:53.185053,2026-06-02T23:12:32.436503,v0.7.0+
rp,/Volumes/Samsam/Public/USIdata/smart-house/smart-shape-policki-mierzyn/usi_rp_18779.json,2026-05-25T02:05:53.181653,2026-06-02T23:12:32.428903,v0.7.0+
oto,/Volumes/Samsam/Public/USIdata/smart-house-sp-z-o-o/smart-park/usi_oto_4p2JP.json,2026-05-25T02:05:53.177609,2026-05-25T02:05:53.177611,v0.7.0+
oto,/Volumes/Samsam/Public/USIdata/smetek-piekarski-sp-z-o-o/nextwawer-segmenty-premium-przy-goclawiu/usi_oto_4lezw.json,2026-05-25T02:05:53.173518,2026-05-25T02:05:53.173519,v0.7.0+
oto,/Volumes/Samsam/Public/USIdata/smigielski-development-spolka-z-o-o/zielona-ostoja-ul-rzemieslnicza-zary/usi_oto_4xXGz.json,2026-05-25T02:05:53.169446,2026-05-25T02:05:53.169448,v0.7.0+
to,/Volumes/Samsam/Public/USIdata/smwola/nova-radiowa-wroclawska-rog-radiowej-warszawa-bemowo-bemowo-lotnisko-mieszkania-na-sprzedaz/usi_to_9233875.json,2026-06-02T10:53:57.964273,2026-06-02T10:53:58.525541,v0.7.0+
rp,/Volumes/Samsam/Public/USIdata/sniadecki-development/asymetria-poznanski-lowecin/usi_rp_13919.json,2026-05-25T02:05:53.165794,2026-06-02T23:12:32.421679,v0.7.0+
rp,/Volumes/Samsam/Public/USIdata/sobola-biel/sobola-biel-a8-suwalki/usi_rp_16210.json,2026-05-25T02:05:53.152687,2026-06-02T23:12:32.395364,v0.7.0+
rp,/Volumes/Samsam/Public/USIdata/sobola-biel/sobola-biel-a9-suwalki/usi_rp_18290.json,2026-05-25T02:05:53.157095,2026-06-02T23:12:32.402387,v0.7.0+
rp,/Volumes/Samsam/Public/USIdata/sobola-biel/sobola-biel-suwalki/usi_rp_8986.json,2026-05-25T02:05:53.159987,2026-06-02T23:12:32.408308,v0.7.0+
rp,/Volumes/Samsam/Public/USIdata/soffia-development/cztery-katy-piaseczynski-katy/usi_rp_14797.json,2026-05-25T02:05:53.149342,2026-06-02T23:12:32.388400,v0.7.0+
oto,/Volumes/Samsam/Public/USIdata/soffia-sp-z-o-o-sp-k/bezczynszowe-mieszkania-katy-pod-piasecznem-z-ogrodkami/usi_oto_4Al5P.json,2026-05-25T02:05:53.137428,2026-05-25T02:05:53.137430,v0.7.0+
oto,/Volumes/Samsam/Public/USIdata/soffia-sp-z-o-o-sp-k/bezczynszowe-mieszkania-z-ogrodkami-pod-piasecznem/usi_oto_4Al5P.json,2026-05-25T02:05:53.142744,2026-05-25T02:05:53.142746,v0.7.0+
oto,/Volumes/Samsam/Public/USIdata/soffia-sp-z-o-o-sp-k/osiedle-4-katy-bezczynszowe-ogrodki-parking-hit/usi_oto_4sl6J.json,2026-05-25T02:05:53.146429,2026-05-25T02:05:53.146430,v0.7.0+
rp,/Volumes/Samsam/Public/USIdata/soft-elektronik-sp-z-oo/dolina-odry-szczecin-turzyn/usi_rp_14675.json,2026-05-25T02:05:53.132970,2026-06-02T23:12:32.380700,v0.7.0+
oto,/Volumes/Samsam/Public/USIdata/soho-development-homes-and-more-sp-z-o-o-sp-k/korso-minska-17/usi_oto_4B9BX.json,2026-05-25T02:05:53.128046,2026-05-25T02:05:53.128048,v0.7.0+
oto,/Volumes/Samsam/Public/USIdata/soho-development-homes-and-more-sp-z-o-o-sp-k/korso-minska-17/usi_oto_67960429.json,2026-05-25T02:05:53.128046,2026-06-02T11:04:53.385032,v0.7.0+
rp,/Volumes/Samsam/Public/USIdata/soho-development-sa/tarasy-rokietnicy-bud-c-poznanski-rokietnica/usi_rp_18696.json,2026-05-25T02:05:53.122003,2026-06-02T23:12:32.372531,v0.7.0+
rp,/Volumes/Samsam/Public/USIdata/sokolowscy-nieruchomosci/cottage-village-piaseczynski-lazy/usi_rp_18523.json,2026-05-25T02:05:53.109459,2026-06-02T23:12:32.353552,v0.7.0+
rp,/Volumes/Samsam/Public/USIdata/sokolowscy-nieruchomosci/green-garden-perla-3-bialystok/usi_rp_15806.json,2026-05-25T02:05:53.113194,2026-06-02T23:12:32.360699,v0.7.0+
rp,/Volumes/Samsam/Public/USIdata/sokolowscy-nieruchomosci/moja-ostoja-bialystok/usi_rp_15579.json,2026-05-25T02:05:53.117789,2026-06-02T23:12:32.366688,v0.7.0+
oto,/Volumes/Samsam/Public/USIdata/sokolska-park-sp-z-o-o/osiedle-parkowa-dabrowa-gornicza/usi_oto_4ghlM.json,2026-05-25T02:05:53.096740,2026-05-25T02:05:53.096741,v0.7.0+
oto,/Volumes/Samsam/Public/USIdata/sokolska-park-sp-z-o-o/osiedle-wolnosci-116/usi_oto_4r6cd.json,2026-05-25T02:05:53.102851,2026-05-25T02:05:53.102853,v0.7.0+
oto,/Volumes/Samsam/Public/USIdata/solart-deweloper/rynek-falecki-7/usi_oto_4xzgL.json,2026-05-25T02:05:53.091958,2026-05-25T02:05:53.091960,v0.7.0+
rp,/Volumes/Samsam/Public/USIdata/solgrud-sp-z-oo/kalinkowa-84-grudziadz/usi_rp_15504.json,2026-05-25T02:05:53.079627,2026-06-02T23:12:32.328851,v0.7.0+
rp,/Volumes/Samsam/Public/USIdata/solgrud-sp-z-oo/sosnkowskiego-21-grudziadz/usi_rp_15503.json,2026-05-25T02:05:53.084123,2026-06-02T23:12:32.335616,v0.7.0+
oto,/Volumes/Samsam/Public/USIdata/solidestate-dziekonski-misztal-sp-k/biegasa/usi_oto_4xRVn.json,2026-05-25T02:05:53.069465,2026-05-25T02:05:53.069467,v0.7.0+
rp,/Volumes/Samsam/Public/USIdata/solo-inwest/hoza-25-kielce/usi_rp_18765.json,2026-05-25T02:05:53.058875,2026-06-02T23:12:32.305577,v0.7.0+
rp,/Volumes/Samsam/Public/USIdata/solo-inwest/orla-6-kielecki/usi_rp_16003.json,2026-05-25T02:05:53.064986,2026-06-02T23:12:32.314021,v0.7.0+
oto,/Volumes/Samsam/Public/USIdata/solomia-sp-z-oo/osiedle-domow-kotorydz/usi_oto_4phy8.json,2026-05-25T02:05:53.052036,2026-05-25T02:05:53.052039,v0.7.0+
to,/Volumes/Samsam/Public/USIdata/sovo/ogrodowa-12-poznan-stare-miasto-mieszkania-na-sprzedaz/usi_to_8958225.json,2026-05-25T02:04:58.589669,2026-05-25T02:04:58.589671,v0.7.0+
oto,/Volumes/Samsam/Public/USIdata/sovo-development/apartamentowiec-ogrodowa-12/usi_oto_4nDMH.json,2026-05-25T02:05:53.001398,2026-05-25T02:05:53.001400,v0.7.0+
oto,/Volumes/Samsam/Public/USIdata/sovo-development/kamienice-calisia/usi_oto_4oLm2.json,2026-05-25T02:05:53.005596,2026-05-25T02:05:53.005597,v0.7.0+
oto,/Volumes/Samsam/Public/USIdata/sovo-development/kossak-8/usi_oto_4yeKL.json,2026-05-25T02:05:53.008629,2026-05-25T02:05:53.008630,v0.7.0+
oto,/Volumes/Samsam/Public/USIdata/sovo-development/osiedle-gwiazdowo/usi_oto_4k73a.json,2026-05-25T02:05:53.011979,2026-05-25T02:05:53.011980,v0.7.0+
oto,/Volumes/Samsam/Public/USIdata/sovo-development/osiedle-wajdy-20/usi_oto_4tlIF.json,2026-05-25T02:05:53.015327,2026-05-25T02:05:53.015330,v0.7.0+
oto,/Volumes/Samsam/Public/USIdata/sovo-development/paderewskiego-11/usi_oto_4xzYB.json,2026-05-25T02:05:53.019666,2026-05-25T02:05:53.019668,v0.7.0+
oto,/Volumes/Samsam/Public/USIdata/sovo-development/sovotel-dopiewo-lokale-dla-pracownikow/usi_oto_4AEPh.json,2026-05-25T02:05:53.023563,2026-05-25T02:05:53.023565,v0.7.0+
oto,/Volumes/Samsam/Public/USIdata/sovo-development/sovotel-dopiewo-lokale-dla-pracownikow/usi_oto_67842091.json,2026-05-25T02:05:53.023563,2026-06-02T11:05:43.908735,v0.7.0+
oto,/Volumes/Samsam/Public/USIdata/sovo-development/sovotel-mosina-lokale-inwestycyjne/usi_oto_4xBBS.json,2026-05-25T02:05:53.030508,2026-05-25T02:05:53.030509,v0.7.0+
rp,/Volumes/Samsam/Public/USIdata/sovo-development-sa/kolorowych-domow-9-szczecin-bukowe-kleskowo/usi_rp_16099.json,2026-05-25T02:05:52.994409,2026-06-02T23:12:32.265280,v0.7.0+
oto,/Volumes/Samsam/Public/USIdata/sowinskiego-72-sp-z-o-o/inwestycja-emilii-plater-7/usi_oto_4keib.json,2026-05-25T02:05:52.990033,2026-05-25T02:05:52.990034,v0.7.0+
rp,/Volumes/Samsam/Public/USIdata/sowinskiego-72-sp-z-oo/emilii-plater-7-szczecin-srodmiescie-drzetowo-grabowo/usi_rp_12694.json,2026-05-25T02:05:52.986276,2026-06-02T23:12:32.256421,v0.7.0+
oto,/Volumes/Samsam/Public/USIdata/space-development/bielawska-2/usi_oto_4jZ27.json,2026-05-25T02:05:52.967839,2026-05-25T02:05:52.967840,v0.7.0+
rp,/Volumes/Samsam/Public/USIdata/space-development/nowa-polna-piaseczynski-chyliczki/usi_rp_15338.json,2026-05-25T02:05:52.973275,2026-06-02T23:12:32.240323,v0.7.0+
oto,/Volumes/Samsam/Public/USIdata/space-development/osiedle-gvarna/usi_oto_4oOUY.json,2026-05-25T02:05:52.977413,2026-05-25T02:05:52.977414,v0.7.0+
rp,/Volumes/Samsam/Public/USIdata/space-development/osiedle-gvarna-warszawa-kepa-zawadowska/usi_rp_17342.json,2026-05-25T02:05:52.982724,2026-06-02T23:12:32.248385,v0.7.0+
rp,/Volumes/Samsam/Public/USIdata/space-form/woodland-resortspa-polanica-zdroj/usi_rp_17411.json,2026-05-25T02:05:52.963995,2026-06-02T23:12:32.232879,v0.7.0+
oto,/Volumes/Samsam/Public/USIdata/spectrum-development/spectrum-bierutowska-apartamenty-inwestycyjne/usi_oto_4sZHG.json,2026-05-25T02:05:52.955801,2026-05-25T02:05:52.955803,v0.7.0+
rp,/Volumes/Samsam/Public/USIdata/spectrum-development-sp-z-oo/spectrum-bierutowska-wroclaw-osiedle-psie-pole/usi_rp_17860.json,2026-05-25T02:05:52.950564,2026-06-02T23:12:32.216704,v0.7.0+
oto,/Volumes/Samsam/Public/USIdata/spoldzielnia-budowlano-mieszkaniowa-wardom/osiedle-kwintet/usi_oto_4tkEW.json,2026-05-25T02:05:52.936461,2026-05-25T02:05:52.936464,v0.7.0+
oto,/Volumes/Samsam/Public/USIdata/spoldzielnia-mieszkaniowa-budowlani-w-bydgoszczy/boya4-na-wyzynach-klima-fotowoltaika-pompa-ciepla-magazyn-energii/usi_oto_4yhjW.json,2026-05-25T02:05:52.930140,2026-05-25T02:05:52.930141,v0.7.0+
oto,/Volumes/Samsam/Public/USIdata/spoldzielnia-mieszkaniowa-budowlani-w-radomiu/radom-ul-posrednia-41/usi_oto_4sEVU.json,2026-05-25T02:05:52.925879,2026-05-25T02:05:52.925880,v0.7.0+
rp,/Volumes/Samsam/Public/USIdata/spoldzielnia-mieszkaniowa-dab-szczecin/osiedle-przy-puszczy-szczecin-bukowe-kleskowo/usi_rp_16012.json,2026-05-25T02:05:52.921623,2026-06-02T23:12:32.193411,v0.7.0+
oto,/Volumes/Samsam/Public/USIdata/spoldzielnia-mieszkaniowa-jedynka/mieszkania-bez-zdolnosci-kredytowej-wklad-wlasny-30-wroclaw-lesnica/usi_oto_4yOT3.json,2026-05-25T02:05:52.916105,2026-05-25T02:05:52.916107,v0.7.0+
oto,/Volumes/Samsam/Public/USIdata/spoldzielnia-mieszkaniowa-lokatorsko-wlasnosciowa-wlasne-mieszkanie-w-bloniu/mieszkania-lokatorskie-w-bloniu-tylko-20-wkladu-wlasnego-na-start/usi_oto_68050009.json,2026-06-02T11:03:59.701631,2026-06-02T11:04:00.142349,v0.7.0+
rp,/Volumes/Samsam/Public/USIdata/spoldzielnia-mieszkaniowa-osada/osiedle-kminkowa-etap-iv-budynek-a-4-wroclaw-psie-pole-lipa-piotrowska/usi_rp_3115.json,2026-05-25T02:05:52.912011,2026-06-02T23:12:32.186378,v0.7.0+
oto,/Volumes/Samsam/Public/USIdata/spoldzielnia-mieszkaniowa-osiedle/na-panskiej-gorze/usi_oto_4luun.json,2026-05-25T02:05:52.907641,2026-05-25T02:05:52.907643,v0.7.0+
rp,/Volumes/Samsam/Public/USIdata/spoldzielnia-mieszkaniowa-sim/koronowska-45-bydgoszcz/usi_rp_14524.json,2026-05-25T02:05:52.836628,2026-06-02T23:12:32.138377,v0.7.0+
rp,/Volumes/Samsam/Public/USIdata/spoldzielnia-mieszkaniowa-sim/teczowe-osiedle-f-2-bydgoszcz/usi_rp_14295.json,2026-05-25T02:05:52.875899,2026-06-02T23:12:32.147077,v0.7.0+
oto,/Volumes/Samsam/Public/USIdata/spoldzielnia-mieszkaniowa-sim/teczowy-zakatek/usi_oto_4nxYc.json,2026-05-25T02:05:52.885235,2026-05-25T02:05:52.885237,v0.7.0+
rp,/Volumes/Samsam/Public/USIdata/spoldzielnia-mieszkaniowa-sim/teczowy-zakatek-f-14-bydgoszcz/usi_rp_17933.json,2026-05-25T02:05:52.890024,2026-06-02T23:12:32.155013,v0.7.0+
rp,/Volumes/Samsam/Public/USIdata/spoldzielnia-mieszkaniowa-sim/teczowy-zakatek-f-15-bydgoszcz-czyzkowko/usi_rp_19343.json,2026-05-25T02:05:52.893862,2026-06-02T23:12:32.161843,v0.7.0+
rp,/Volumes/Samsam/Public/USIdata/spoldzielnia-mieszkaniowa-sim/teczowy-zakatek-f-16-bydgoszcz/usi_rp_17297.json,2026-05-25T02:05:52.897707,2026-06-02T23:12:32.168984,v0.7.0+
oto,/Volumes/Samsam/Public/USIdata/spoldzielnia-mieszkaniowa-sniezka/zlocien-ii-czarnochowice-etap-ii-budynki-nr-1-2-3-i-4/usi_oto_4BrLT.json,2026-05-25T02:05:52.827763,2026-05-25T02:05:52.827766,v0.7.0+
oto,/Volumes/Samsam/Public/USIdata/spoldzielnia-mieszkaniowa-sniezka/zlocien-ii-czarnochowice-etap-ii-budynki-nr-1-2-3-i-4/usi_oto_68030237.json,2026-05-25T02:05:52.827763,2026-06-02T11:04:15.093886,v0.7.0+
oto,/Volumes/Samsam/Public/USIdata/spoldzielnia-mieszkaniowa-w-nowym-tomyslu/centrum-17/usi_oto_4u3Vj.json,2026-05-25T02:05:52.819940,2026-05-25T02:05:52.819942,v0.7.0+
oto,/Volumes/Samsam/Public/USIdata/spoldzielnia-mieszkaniowa-wola/nova-radiowa/usi_oto_4vPVe.json,2026-05-25T02:05:52.813371,2026-05-25T02:05:52.813372,v0.7.0+
rp,/Volumes/Samsam/Public/USIdata/spoldzielnia-mieszkaniowa-wspolny-dom/apartamenty-gaski-koszalinski-gaski/usi_rp_14945.json,2026-05-25T02:05:52.807595,2026-06-02T23:12:32.130118,v0.7.0+
oto,/Volumes/Samsam/Public/USIdata/spoleczna-inicjatywa-mieszkaniowa-szczecin-sp-z-o-o/stargard/usi_oto_4y2GW.json,2026-05-25T02:05:52.802762,2026-05-25T02:05:52.802764,v0.7.0+
oto,/Volumes/Samsam/Public/USIdata/spravia/64-dmowskiego/usi_oto_4uarN.json,2026-05-25T02:05:52.528760,2026-05-25T02:05:52.528761,v0.7.0+
rp,/Volumes/Samsam/Public/USIdata/spravia/apartamenty-ogrodowa-gdansk-wrzeszcz/usi_rp_10853.json,2026-05-25T02:05:52.539852,2026-06-02T23:12:31.706206,v0.7.0+
oto,/Volumes/Samsam/Public/USIdata/spravia/architektow/usi_oto_4AegH.json,2026-05-25T02:05:52.548055,2026-05-25T02:05:52.548057,v0.7.0+
oto,/Volumes/Samsam/Public/USIdata/spravia/dobre-strony/usi_oto_68068078.json,2026-06-02T11:03:38.974162,2026-06-02T11:03:39.383105,v0.7.0+
oto,/Volumes/Samsam/Public/USIdata/spravia/gorczewska-240/usi_oto_4sA67.json,2026-05-25T02:05:52.570755,2026-05-25T02:05:52.570757,v0.7.0+
rp,/Volumes/Samsam/Public/USIdata/spravia/gorczewska-240-warszawa-gorce/usi_rp_16543.json,2026-05-25T02:05:52.574154,2026-06-02T23:12:31.752248,v0.7.0+
oto,/Volumes/Samsam/Public/USIdata/spravia/lesny-marcelin/usi_oto_4BbHF.json,2026-05-25T02:05:52.581421,2026-05-25T02:05:52.581424,v0.7.0+
oto,/Volumes/Samsam/Public/USIdata/spravia/lesny-marcelin/usi_oto_67968471.json,2026-05-25T02:05:52.581421,2026-06-02T11:04:50.577401,v0.7.0+
rp,/Volumes/Samsam/Public/USIdata/spravia/mangalia-mokotow-ii-warszawa-mokotow-stegny/usi_rp_10217.json,2026-05-25T02:05:52.586355,2026-06-02T23:12:31.764462,v0.7.0+
oto,/Volumes/Samsam/Public/USIdata/spravia/midori-house/usi_oto_4x4WS.json,2026-05-25T02:05:52.589931,2026-05-25T02:05:52.589932,v0.7.0+
rp,/Volumes/Samsam/Public/USIdata/spravia/minska-69-etap-ii-warszawa-kamionek/usi_rp_11071.json,2026-05-25T02:05:52.596928,2026-06-02T23:12:31.777870,v0.7.0+
rp,/Volumes/Samsam/Public/USIdata/spravia/minska-69-warszawa-praga-poludnie-kamionek/usi_rp_10172.json,2026-05-25T02:05:52.601207,2026-06-02T23:12:31.785444,v0.7.0+
rp,/Volumes/Samsam/Public/USIdata/spravia/minska-rewir-etap-iii-warszawa-praga-poludnie-kamionek/usi_rp_13143.json,2026-05-25T02:05:52.604321,2026-06-02T23:12:31.791144,v0.7.0+
rp,/Volumes/Samsam/Public/USIdata/spravia/norren-gdynia-srodmiescie/usi_rp_20218.json,2026-05-25T02:05:52.607805,2026-06-02T23:12:31.797685,v0.7.0+
to,/Volumes/Samsam/Public/USIdata/spravia/nowy-grabiszyn-8-miedziana-wroclaw-grabiszyn-grabiszynek-fabryczna-mieszkania-na-sprzedaz/usi_to_9019501.json,2026-05-25T02:05:52.617396,2026-05-25T02:05:52.617398,v0.7.0+
oto,/Volumes/Samsam/Public/USIdata/spravia/nowy-grabiszyn-vi/usi_oto_4uarC.json,2026-05-25T02:05:52.627356,2026-05-25T02:05:52.627358,v0.7.0+
rp,/Volumes/Samsam/Public/USIdata/spravia/nowy-grabiszyn-wroclaw-gajowice/usi_rp_11063.json,2026-05-25T02:05:52.648685,2026-06-02T23:12:31.846208,v0.7.0+
oto,/Volumes/Samsam/Public/USIdata/spravia/ogrody-nalkowskiej/usi_oto_4wzLU.json,2026-05-25T02:05:52.652162,2026-05-25T02:05:52.652168,v0.7.0+
rp,/Volumes/Samsam/Public/USIdata/spravia/osiedle-bokserska-2-warszawa-osiedle-wyczolki/usi_rp_17679.json,2026-05-25T02:05:52.660296,2026-06-02T23:12:31.860437,v0.7.0+
oto,/Volumes/Samsam/Public/USIdata/spravia/osiedle-bokserska-ii/usi_oto_4sdau.json,2026-05-25T02:05:52.665552,2026-05-25T02:05:52.665553,v0.7.0+
rp,/Volumes/Samsam/Public/USIdata/spravia/osiedle-bokserska-warszawa-mokotow-sluzewiec/usi_rp_12613.json,2026-05-25T02:05:52.671922,2026-06-02T23:12:31.868015,v0.7.0+
oto,/Volumes/Samsam/Public/USIdata/spravia/osiedle-dolina-pradnika/usi_oto_4tf3a.json,2026-05-25T02:05:52.677748,2026-05-25T02:05:52.677750,v0.7.0+
rp,/Volumes/Samsam/Public/USIdata/spravia/osiedle-dolina-pradnika-krakow-pradnik-bialy/usi_rp_17920.json,2026-05-25T02:05:52.680727,2026-06-02T23:12:31.882035,v0.7.0+
oto,/Volumes/Samsam/Public/USIdata/spravia/osiedle-kollatajowka/usi_oto_4rTq5.json,2026-05-25T02:05:52.683920,2026-05-25T02:05:52.683921,v0.7.0+
to,/Volumes/Samsam/Public/USIdata/spravia/osiedle-kollatajowka-kuznicy-kollatajowskiej-krakow-pradnik-bialy-gorka-narodowa-mieszkania-na-sprzedaz/usi_to_9158964.json,2026-05-25T02:04:58.561974,2026-05-25T02:04:58.561978,v0.7.0+
oto,/Volumes/Samsam/Public/USIdata/spravia/osiedle-motiff/usi_oto_4yUCj.json,2026-05-25T02:05:52.691230,2026-05-25T02:05:52.691231,v0.7.0+
rp,/Volumes/Samsam/Public/USIdata/spravia/osiedle-na-smolnej-vii-poznan-glowna/usi_rp_11116.json,2026-05-25T02:05:52.695102,2026-06-02T23:12:31.896936,v0.7.0+
rp,/Volumes/Samsam/Public/USIdata/spravia/polanka-milczanska-poznan-nowe-miasto-rataje/usi_rp_10006.json,2026-05-25T02:05:52.709426,2026-06-02T23:12:31.926655,v0.7.0+
oto,/Volumes/Samsam/Public/USIdata/spravia/pry100ra/usi_oto_4q5KR.json,2026-05-25T02:05:52.712682,2026-05-25T02:05:52.712684,v0.7.0+
oto,/Volumes/Samsam/Public/USIdata/spravia/przy-unii/usi_oto_4BbxO.json,2026-05-25T02:05:52.716841,2026-05-25T02:05:52.716843,v0.7.0+
oto,/Volumes/Samsam/Public/USIdata/spravia/przy-unii/usi_oto_67967860.json,2026-05-25T02:05:52.716841,2026-06-02T11:04:51.069723,v0.7.0+
to,/Volumes/Samsam/Public/USIdata/spravia/przy-unii-iv-wagrowska-poznan-zegrze-mieszkania-na-sprzedaz/usi_to_9201421.json,2026-05-25T02:04:58.570566,2026-05-25T02:04:58.570568,v0.7.0+
rp,/Volumes/Samsam/Public/USIdata/spravia/rewita-wrzeszcz-gdansk-wrzeszcz/usi_rp_10860.json,2026-05-25T02:05:52.724241,2026-06-02T23:12:31.940271,v0.7.0+
oto,/Volumes/Samsam/Public/USIdata/spravia/via-familia/usi_oto_4soph.json,2026-05-25T02:05:52.740080,2026-05-25T02:05:52.740082,v0.7.0+
oto,/Volumes/Samsam/Public/USIdata/spravia/wille-wislany-mokotow/usi_oto_4vM8G.json,2026-05-25T02:05:52.748553,2026-05-25T02:05:52.748555,v0.7.0+
oto,/Volumes/Samsam/Public/USIdata/spravia/wislany-mokotow-viii/usi_oto_4yASo.json,2026-05-25T02:05:52.773375,2026-05-25T02:05:52.773376,v0.7.0+
rp,/Volumes/Samsam/Public/USIdata/spravia/wola-01-etap-ii-warszawa-wola-ulrychow/usi_rp_9891.json,2026-05-25T02:05:52.784526,2026-06-02T23:12:32.090891,v0.7.0+
rp,/Volumes/Samsam/Public/USIdata/spravia/wola-01-warszawa-wola-ulrychow/usi_rp_8325.json,2026-05-25T02:05:52.788292,2026-06-02T23:12:32.097789,v0.7.0+
rp,/Volumes/Samsam/Public/USIdata/spravia/woronicza-warszawa-mokotow-sluzewiec/usi_rp_10345.json,2026-05-25T02:05:52.793774,2026-06-02T23:12:32.113686,v0.7.0+
to,/Volumes/Samsam/Public/USIdata/spravia/zaspa-wygodnie-al-jana-pawla-ii-gdansk-zaspa-zaspa-mlyniec-mieszkania-na-sprzedaz/usi_to_9080950.json,2026-05-25T02:04:58.578027,2026-05-25T02:04:58.578030,v0.7.0+
rp,/Volumes/Samsam/Public/USIdata/srmp-sp-z-oo/trzcinska-95-skierniewice/usi_rp_19037.json,2026-05-25T02:05:52.525154,2026-06-02T23:12:31.681363,v0.7.0+
rp,/Volumes/Samsam/Public/USIdata/sss-development/nova-dachowa-ii-poznanski-dachowa/usi_rp_17948.json,2026-05-25T02:05:52.521824,2026-06-02T23:12:31.674441,v0.7.0+
oto,/Volumes/Samsam/Public/USIdata/sss-development-i/nova-dachowa/usi_oto_4epuB.json,2026-05-25T02:05:52.516947,2026-05-25T02:05:52.516949,v0.7.0+
oto,/Volumes/Samsam/Public/USIdata/st-home/dzialynskich-6-prestizowy-adres/usi_oto_4zkBD.json,2026-05-25T02:05:52.496588,2026-05-25T02:05:52.496590,v0.7.0+
oto,/Volumes/Samsam/Public/USIdata/st-home/gwarna-8/usi_oto_4wWcF.json,2026-05-25T02:05:52.501341,2026-05-25T02:05:52.501343,v0.7.0+
oto,/Volumes/Samsam/Public/USIdata/st-home/naramowicka-172/usi_oto_4wW7M.json,2026-05-25T02:05:52.505641,2026-05-25T02:05:52.505643,v0.7.0+
oto,/Volumes/Samsam/Public/USIdata/st-home/rezydencja-garbary/usi_oto_4z3nv.json,2026-05-25T02:05:52.510109,2026-05-25T02:05:52.510110,v0.7.0+
oto,/Volumes/Samsam/Public/USIdata/st-home/rezydencja-san-petrus/usi_oto_4wZGn.json,2026-05-25T02:05:52.513806,2026-05-25T02:05:52.513807,v0.7.0+
oto,/Volumes/Samsam/Public/USIdata/stabilio/czarna-iii/usi_oto_4y3Q9.json,2026-05-25T02:05:52.478771,2026-05-25T02:05:52.478773,v0.7.0+
oto,/Volumes/Samsam/Public/USIdata/stabilio/lawendowa-ii/usi_oto_4y1tW.json,2026-05-25T02:05:52.483321,2026-05-25T02:05:52.483323,v0.7.0+
oto,/Volumes/Samsam/Public/USIdata/stabilio/lawendowa-iii/usi_oto_4xYUK.json,2026-05-25T02:05:52.486911,2026-05-25T02:05:52.486912,v0.7.0+
oto,/Volumes/Samsam/Public/USIdata/stabilio/nowokoscielna/usi_oto_4yaQr.json,2026-05-25T02:05:52.490405,2026-05-25T02:05:52.490406,v0.7.0+
oto,/Volumes/Samsam/Public/USIdata/stabilio-domy-sp-z-o-o-sp-komandytowa/apartamenty-dziewanny/usi_oto_4oiqr.json,2026-05-25T02:05:52.471327,2026-05-25T02:05:52.471330,v0.7.0+
oto,/Volumes/Samsam/Public/USIdata/stabilio-domy-sp-z-o-o-sp-komandytowa/apartamenty-lawendowa/usi_oto_4pQJe.json,2026-05-25T02:05:52.475420,2026-05-25T02:05:52.475421,v0.7.0+
oto,/Volumes/Samsam/Public/USIdata/stalem-jpm-sp-z-o-o/osiedle-moniuszki/usi_oto_4yTW5.json,2026-05-25T02:05:52.463805,2026-05-25T02:05:52.463806,v0.7.0+
oto,/Volumes/Samsam/Public/USIdata/stara-cegielnia-sp-z-o-o/stara-cegielnia-mielec-etap-i-i-ii/usi_oto_4gruH.json,2026-05-25T02:05:52.458893,2026-05-25T02:05:52.458895,v0.7.0+
oto,/Volumes/Samsam/Public/USIdata/stark-deweloper/zielona-wilcza-domy/usi_oto_4qmsR.json,2026-05-25T02:05:52.452893,2026-05-25T02:05:52.452894,v0.7.0+
oto,/Volumes/Samsam/Public/USIdata/starolecka-sp-z-o-o/osiedle-hermes/usi_oto_4sGHh.json,2026-05-25T02:05:52.450342,2026-05-25T02:05:52.450344,v0.7.0+
oto,/Volumes/Samsam/Public/USIdata/start/kordiana-46/usi_oto_4xTos.json,2026-05-25T02:05:52.433227,2026-05-25T02:05:52.433228,v0.7.0+
oto,/Volumes/Samsam/Public/USIdata/start/marcova-connect/usi_oto_4AKYo.json,2026-05-25T02:05:52.438857,2026-05-25T02:05:52.438864,v0.7.0+
oto,/Volumes/Samsam/Public/USIdata/start/marcova-connect/usi_oto_67865720.json,2026-05-25T02:05:52.438857,2026-06-02T11:05:37.833556,v0.7.0+
oto,/Volumes/Samsam/Public/USIdata/start/start-city/usi_oto_4jMZy.json,2026-05-25T02:05:52.443905,2026-05-25T02:05:52.443907,v0.7.0+
oto,/Volumes/Samsam/Public/USIdata/start/wislane-klimaty/usi_oto_4pRYP.json,2026-05-25T02:05:52.447263,2026-05-25T02:05:52.447264,v0.7.0+
rp,/Volumes/Samsam/Public/USIdata/ste-capital-sp-z-oo/apartamenty-grajewska-warszawa-szmulowizna/usi_rp_17970.json,2026-05-25T02:05:52.412508,2026-06-02T23:12:31.624809,v0.7.0+
rp,/Volumes/Samsam/Public/USIdata/ste-capital-sp-z-oo/apartamenty-smigielska-warszawa-golabki/usi_rp_16398.json,2026-05-25T02:05:52.417289,2026-06-02T23:12:31.631950,v0.7.0+
rp,/Volumes/Samsam/Public/USIdata/ste-capital-sp-z-oo/port-69-wegorzewski-ogonki/usi_rp_19534.json,2026-05-25T02:05:52.424658,2026-06-02T23:12:31.645268,v0.7.0+
oto,/Volumes/Samsam/Public/USIdata/stg-system-spolka-z-ograniczona-odpowiedzialnoscia/szklane-tarasy-gorlice-blok-b/usi_oto_4xd88.json,2026-05-25T02:05:52.406639,2026-05-25T02:05:52.406641,v0.7.0+
oto,/Volumes/Samsam/Public/USIdata/stobud-krakow-development/nova-residence-prestige/usi_oto_4yUb2.json,2026-05-25T02:05:52.400839,2026-05-25T02:05:52.400842,v0.7.0+
rp,/Volumes/Samsam/Public/USIdata/stokrotki-koncept/stokrotki-koncept-lodz-julianow-marysin-rogi/usi_rp_17713.json,2026-05-25T02:05:52.396662,2026-06-02T23:12:31.615418,v0.7.0+
oto,/Volumes/Samsam/Public/USIdata/stolmar-development-sulowski-sp-k/osiedle-pileckiego/usi_oto_4AfyI.json,2026-05-25T02:05:52.384188,2026-05-25T02:05:52.384190,v0.7.0+
rp,/Volumes/Samsam/Public/USIdata/stolmar-development-sulowski-sp-k/osiedle-pileckiego-zabki/usi_rp_17208.json,2026-05-25T02:05:52.388286,2026-06-02T23:12:31.596127,v0.7.0+
oto,/Volumes/Samsam/Public/USIdata/stolmar-suchodolscy/osiedle-poludniowa/usi_oto_4onaZ.json,2026-05-25T02:05:52.376395,2026-05-25T02:05:52.376396,v0.7.0+
oto,/Volumes/Samsam/Public/USIdata/storia/storia/usi_oto_4iKXp.json,2026-05-25T02:05:52.374319,2026-05-25T02:05:52.374321,v0.7.0+
to,/Volumes/Samsam/Public/USIdata/structure-capital/saint-martin-residences-ii-podgorna-7-poznan-stare-miasto-mieszkania-na-sprzedaz/usi_to_8510552.json,2026-05-25T02:04:58.538289,2026-05-25T02:04:58.538291,v0.7.0+
rp,/Volumes/Samsam/Public/USIdata/structure-capital-sa-poland/y3-signature-hotel-poznan-osiedle-stare-miasto/usi_rp_16115.json,2026-05-25T02:05:52.370890,2026-06-02T23:12:31.580749,v0.7.0+
oto,/Volumes/Samsam/Public/USIdata/strus-development/28-czerwca-1956-r/usi_oto_4u9Ur.json,2026-05-25T02:05:52.357867,2026-05-25T02:05:52.357868,v0.7.0+
to,/Volumes/Samsam/Public/USIdata/strus-development/28-czerwca-1956-r-28-czerwca-1956-r-346-poznan-wilda-debiec-mieszkania-na-sprzedaz/usi_to_9224585.json,2026-05-25T02:04:58.527593,2026-05-25T02:04:58.527595,v0.7.0+
to,/Volumes/Samsam/Public/USIdata/strus-development/jurowiecka-22-bialystok-sienkiewicza-mieszkania-na-sprzedaz/usi_to_9225584.json,2026-05-25T02:04:58.532733,2026-05-25T02:04:58.532735,v0.7.0+
oto,/Volumes/Samsam/Public/USIdata/strus-development/staszica-3/usi_oto_4Ahhf.json,2026-05-25T02:05:52.362536,2026-05-25T02:05:52.362538,v0.7.0+
oto,/Volumes/Samsam/Public/USIdata/struxi-deweloper-opole/mieszkania-i-domy-struxi-deweloper-opole/usi_oto_4m2YK.json,2026-05-25T02:05:52.352833,2026-05-25T02:05:52.352835,v0.7.0+
rp,/Volumes/Samsam/Public/USIdata/struxi-sp-z-oo/osiedle-zielony-winow-opole/usi_rp_19527.json,2026-05-25T02:05:52.347545,2026-06-02T23:12:31.562360,v0.7.0+
rp,/Volumes/Samsam/Public/USIdata/studio-residence-sp-z-o-oo-sp-k/studio-residence-lublin/usi_rp_10103.json,2026-05-25T02:05:52.343063,2026-06-02T23:12:31.555052,v0.7.0+
oto,/Volumes/Samsam/Public/USIdata/stylhut/osiedle-niezapominajek/usi_oto_4vHxG.json,2026-05-25T02:05:52.339162,2026-05-25T02:05:52.339163,v0.7.0+
oto,/Volumes/Samsam/Public/USIdata/stylhut-investments-sp-z-o-o/osiedle-lasowka/usi_oto_4AkqV.json,2026-05-25T02:05:52.335370,2026-05-25T02:05:52.335372,v0.7.0+
oto,/Volumes/Samsam/Public/USIdata/sucharskiego/ekosucharskiego/usi_oto_4rWFo.json,2026-05-25T02:05:52.323787,2026-05-25T02:05:52.323788,v0.7.0+
rp,/Volumes/Samsam/Public/USIdata/sun-house/emaus-41-krakow-zwierzyniec/usi_rp_16520.json,2026-05-25T02:05:52.319042,2026-06-02T23:12:31.528766,v0.7.0+
oto,/Volumes/Samsam/Public/USIdata/super-krak/banacha-12/usi_oto_4ypby.json,2026-05-25T02:05:52.315265,2026-05-25T02:05:52.315266,v0.7.0+
oto,/Volumes/Samsam/Public/USIdata/super-krak-s-a/banacha-12/usi_oto_4ApZN.json,2026-05-25T02:05:52.307845,2026-05-25T02:05:52.307847,v0.7.0+
oto,/Volumes/Samsam/Public/USIdata/super-krak-s-a/nowa-siewna-iii/usi_oto_4rZdc.json,2026-05-25T02:05:52.311687,2026-05-25T02:05:52.311688,v0.7.0+
oto,/Volumes/Samsam/Public/USIdata/supersam-development-1-sp-z-o-o/osiedle-domow-jednorodzinnych-nowa-iwiczna/usi_oto_4iZb1.json,2026-05-25T02:05:52.295772,2026-05-25T02:05:52.295774,v0.7.0+
rp,/Volumes/Samsam/Public/USIdata/supremi-sp-z-oo/zielona-przystan-pruszkowski-dawidy/usi_rp_15115.json,2026-05-25T02:05:52.292295,2026-06-02T23:12:31.502275,v0.7.0+
rp,/Volumes/Samsam/Public/USIdata/swietelsky/narcyzowe-wzgorza-ii-lublin/usi_rp_17852.json,2026-05-25T02:05:52.288774,2026-06-02T23:12:31.494961,v0.7.0+
oto,/Volumes/Samsam/Public/USIdata/swietelsky-sp-z-o-o/narcyzowe-wzgorza-ii/usi_oto_4qUnL.json,2026-05-25T02:05:52.284350,2026-05-25T02:05:52.284352,v0.7.0+
rp,/Volumes/Samsam/Public/USIdata/swiss-tree-sp-z-o-o/aleja-drzew-ii-lodz-nowosolna/usi_rp_17938.json,2026-05-25T02:05:52.280090,2026-06-02T23:12:31.488888,v0.7.0+
rp,/Volumes/Samsam/Public/USIdata/symako-sp-z-oo/villa-wedrowna-ii-policki/usi_rp_17217.json,2026-05-25T02:05:52.275467,2026-06-02T23:12:31.481562,v0.7.0+
oto,/Volumes/Samsam/Public/USIdata/syrena-invest/lumo-nowoczesne-mieszkania/usi_oto_4Blc8.json,2026-05-25T02:05:52.264737,2026-05-25T02:05:52.264739,v0.7.0+
oto,/Volumes/Samsam/Public/USIdata/syrena-invest/lumo-nowoczesne-mieszkania/usi_oto_68004956.json,2026-05-25T02:05:52.264737,2026-06-02T11:04:30.909380,v0.7.0+
oto,/Volumes/Samsam/Public/USIdata/syrena-invest/raclawicka-7/usi_oto_4tPa5.json,2026-05-25T02:05:52.270613,2026-05-25T02:05:52.270615,v0.7.0+
oto,/Volumes/Samsam/Public/USIdata/syta-residence/syta-residence/usi_oto_4jQrv.json,2026-05-25T02:05:52.255323,2026-05-25T02:05:52.255325,v0.7.0+
oto,/Volumes/Samsam/Public/USIdata/szostek-jastarnia-sp-z-o-o-i-wspolnicy-sp-j/apartamenty-wyspa-jastarnia-baltycka-5/usi_oto_4hFbQ.json,2026-05-25T02:05:52.250565,2026-05-25T02:05:52.250567,v0.7.0+
rp,/Volumes/Samsam/Public/USIdata/szubert-firma-budowlana/ogrody-lukasiewicza-stargard/usi_rp_14882.json,2026-05-25T02:05:52.246134,2026-06-02T23:12:31.457886,v0.7.0+
oto,/Volumes/Samsam/Public/USIdata/t1-deweloper/apartamenty-saskalia/usi_oto_4c5LG.json,2026-05-25T02:05:52.219020,2026-05-25T02:05:52.219021,v0.7.0+
oto,/Volumes/Samsam/Public/USIdata/t1-deweloper/apartamenty-saskalia/usi_oto_61987456.json,2026-05-25T02:05:52.219020,2026-06-02T11:54:39.394839,v0.7.0+
oto,/Volumes/Samsam/Public/USIdata/t1-deweloper/jozefow-park-apartamenty/usi_oto_4xuIq.json,2026-05-25T02:05:52.223617,2026-05-25T02:05:52.223618,v0.7.0+
oto,/Volumes/Samsam/Public/USIdata/t1-deweloper/koprzywianska-7/usi_oto_4lXap.json,2026-05-25T02:05:52.227411,2026-05-25T02:05:52.227413,v0.7.0+
oto,/Volumes/Samsam/Public/USIdata/t1-deweloper/prochowa-21/usi_oto_4xu7L.json,2026-05-25T02:05:52.231623,2026-05-25T02:05:52.231625,v0.7.0+
oto,/Volumes/Samsam/Public/USIdata/t1-deweloper/rumiankowa-stara-milosna/usi_oto_4nRxV.json,2026-05-25T02:05:52.234929,2026-05-25T02:05:52.234931,v0.7.0+
oto,/Volumes/Samsam/Public/USIdata/t1-deweloper/stacja-goclawek/usi_oto_4c6sD.json,2026-05-25T02:05:52.237905,2026-05-25T02:05:52.237906,v0.7.0+
oto,/Volumes/Samsam/Public/USIdata/t1-deweloper/tuzycka-29/usi_oto_4ifiI.json,2026-05-25T02:05:52.242649,2026-05-25T02:05:52.242651,v0.7.0+
oto,/Volumes/Samsam/Public/USIdata/taberti-morello-park/taberti-morello-park/usi_oto_4pJr9.json,2026-05-25T02:05:52.211592,2026-05-25T02:05:52.211594,v0.7.0+
oto,/Volumes/Samsam/Public/USIdata/taberti-morello-park/villove/usi_oto_4vKS8.json,2026-05-25T02:05:52.215979,2026-05-25T02:05:52.215982,v0.7.0+
oto,/Volumes/Samsam/Public/USIdata/tadeusz-kobus-elekta-uslugi-handel-import-eksport/budynek-mieszkalny-wielorodzinny-biskupiec-centrum/usi_oto_4sZZN.json,2026-05-25T02:05:52.202345,2026-05-25T02:05:52.202347,v0.7.0+
oto,/Volumes/Samsam/Public/USIdata/tadwil-sp-z-o-o/podwalna5-pl/usi_oto_4ASfx.json,2026-05-25T02:05:52.196470,2026-05-25T02:05:52.196472,v0.7.0+
oto,/Volumes/Samsam/Public/USIdata/tadwil-sp-z-o-o/podwalna5-pl/usi_oto_67893691.json,2026-05-25T02:05:52.196470,2026-06-02T11:05:22.579128,v0.7.0+
rp,/Volumes/Samsam/Public/USIdata/tadwil-sp-z-oo/podwalna-5-radom/usi_rp_19276.json,2026-05-25T02:05:52.191011,2026-06-02T23:12:31.442070,v0.7.0+
oto,/Volumes/Samsam/Public/USIdata/tambud-tadeusz-muchewicz-mateusz-muchewicz-sp-k/sloneczne-ogrody-bolszewo-ul-strazacka/usi_oto_4edZK.json,2026-05-25T02:05:52.185470,2026-05-25T02:05:52.185476,v0.7.0+
oto,/Volumes/Samsam/Public/USIdata/targo/kamienica-pod-lipami/usi_oto_4nLXM.json,2026-05-25T02:05:52.176508,2026-05-25T02:05:52.176509,v0.7.0+
oto,/Volumes/Samsam/Public/USIdata/targo/kamieniczki-za-struga/usi_oto_4vIU8.json,2026-05-25T02:05:52.180637,2026-05-25T02:05:52.180640,v0.7.0+
oto,/Volumes/Samsam/Public/USIdata/targowa-49-sp-z-o-o/finezja-ul-targowa-49-lodz/usi_oto_4y6jr.json,2026-05-25T02:05:52.169335,2026-05-25T02:05:52.169336,v0.7.0+
oto,/Volumes/Samsam/Public/USIdata/taternik-boutique-sp-z-o-o/taternik/usi_oto_4sxwy.json,2026-05-25T02:05:52.165151,2026-05-25T02:05:52.165152,v0.7.0+
oto,/Volumes/Samsam/Public/USIdata/tatra-style/goralska-rezydencja-nowe-apartamenty-inwestycyjne/usi_oto_4gbUI.json,2026-05-25T02:05:52.160300,2026-05-25T02:05:52.160302,v0.7.0+
oto,/Volumes/Samsam/Public/USIdata/tatrasquare-pl-odliczenie-vat-operator-najmu/tatra-square-residence/usi_oto_4pf7H.json,2026-05-25T02:05:52.155102,2026-05-25T02:05:52.155103,v0.7.0+
oto,/Volumes/Samsam/Public/USIdata/tbapart-sp-z-o-o/apartamenty-maw-50/usi_oto_4rn6b.json,2026-05-25T02:05:52.148261,2026-05-25T02:05:52.148262,v0.7.0+
oto,/Volumes/Samsam/Public/USIdata/tbre-sp-z-o-o-3-sp-k/cisovapark/usi_oto_4ACCq.json,2026-05-25T02:05:52.142236,2026-05-25T02:05:52.142239,v0.7.0+
oto,/Volumes/Samsam/Public/USIdata/tbre-sp-z-o-o-3-sp-k/cisovapark/usi_oto_67833606.json,2026-05-25T02:05:52.142236,2026-06-02T11:05:50.433631,v0.7.0+
oto,/Volumes/Samsam/Public/USIdata/tbre-sp-z-o-o-4-sp-k/zernicka-park/usi_oto_4zgnD.json,2026-05-25T02:05:52.136768,2026-05-25T02:05:52.136769,v0.7.0+
rp,/Volumes/Samsam/Public/USIdata/tbs-wygodne-mieszkanie-sp-z-oo/projekt-kamienica-g26-lodz-baluty-centrum/usi_rp_16609.json,2026-05-25T02:05:52.135111,2026-06-02T23:12:31.432018,v0.7.0+
rp,/Volumes/Samsam/Public/USIdata/tbv-sp-z-oo/osiedle-europejskie-lublin/usi_rp_15443.json,2026-05-25T02:05:52.128777,2026-06-02T23:12:31.414039,v0.7.0+
rp,/Volumes/Samsam/Public/USIdata/tbv-sp-z-oo/osiedle-regaty-budynek-b7-lublin/usi_rp_15978.json,2026-05-25T02:05:52.132506,2026-06-02T23:12:31.425436,v0.7.0+
oto,/Volumes/Samsam/Public/USIdata/tdj-estate/osiedle-hierowskiego/usi_oto_4A51J.json,2026-05-25T02:05:52.118646,2026-05-25T02:05:52.118648,v0.7.0+
to,/Volumes/Samsam/Public/USIdata/tdj-estate/osiedle-hierowskiego-zdzislawa-hierowskiego-20-katowice-kostuchna-mieszkania-na-sprzedaz/usi_to_9214686.json,2026-05-25T02:04:58.507612,2026-05-25T02:04:58.507615,v0.7.0+
oto,/Volumes/Samsam/Public/USIdata/tdj-estate/osiedle-meiera/usi_oto_4zwlR.json,2026-05-25T02:05:52.125040,2026-05-25T02:05:52.125042,v0.7.0+
to,/Volumes/Samsam/Public/USIdata/tdj-estate/sarnie-osiedle-krecia-bielsko-biala-stare-bielsko-mieszkania-na-sprzedaz/usi_to_9219829.json,2026-05-25T02:04:58.514212,2026-05-25T02:04:58.514214,v0.7.0+
oto,/Volumes/Samsam/Public/USIdata/tdj-estate-sp-z-o-o/biurowce-ktw/usi_oto_4nVZ5.json,2026-05-25T02:05:52.085755,2026-05-25T02:05:52.085757,v0.7.0+
oto,/Volumes/Samsam/Public/USIdata/tdj-estate-sp-z-o-o/dobrynow/usi_oto_4fCbC.json,2026-05-25T02:05:52.090474,2026-05-25T02:05:52.090476,v0.7.0+
oto,/Volumes/Samsam/Public/USIdata/tdj-estate-sp-z-o-o/dobrynow-lokale-uslugowe/usi_oto_4njgL.json,2026-05-25T02:05:52.094177,2026-05-25T02:05:52.094179,v0.7.0+
oto,/Volumes/Samsam/Public/USIdata/tdj-estate-sp-z-o-o/osiedle-franciszkanskie-i-franciszkanskie-poludnie/usi_oto_4g63V.json,2026-05-25T02:05:52.097386,2026-05-25T02:05:52.097388,v0.7.0+
oto,/Volumes/Samsam/Public/USIdata/tdj-estate-sp-z-o-o/osiedle-imbramowskie/usi_oto_4qTr8.json,2026-05-25T02:05:52.100857,2026-05-25T02:05:52.100859,v0.7.0+
oto,/Volumes/Samsam/Public/USIdata/tdj-estate-sp-z-o-o/osiedle-sarnie/usi_oto_4qxHD.json,2026-05-25T02:05:52.103947,2026-05-25T02:05:52.103949,v0.7.0+
oto,/Volumes/Samsam/Public/USIdata/tdj-estate-sp-z-o-o/pierwsza-dzielnica/usi_oto_4ecLr.json,2026-05-25T02:05:52.108008,2026-05-25T02:05:52.108010,v0.7.0+
oto,/Volumes/Samsam/Public/USIdata/tdj-estate-sp-z-o-o/zielona-dolina-iii/usi_oto_4eGCK.json,2026-05-25T02:05:52.112673,2026-05-25T02:05:52.112675,v0.7.0+
rp,/Volumes/Samsam/Public/USIdata/tdj-estate-sp-z-oo/dobrynow-ii-katowice-zespol-dzielnic-poludniowych/usi_rp_16715.json,2026-05-25T02:05:52.035946,2026-06-02T23:12:31.330686,v0.7.0+
rp,/Volumes/Samsam/Public/USIdata/tdj-estate-sp-z-oo/franciszkanskie-poludnie-etap-ii-katowice-zespol-dzielnic-zachodnich/usi_rp_14119.json,2026-05-25T02:05:52.038697,2026-06-02T23:12:31.337110,v0.7.0+
rp,/Volumes/Samsam/Public/USIdata/tdj-estate-sp-z-oo/osiedle-hierowskiego-katowice-kostuchna/usi_rp_19453.json,2026-05-25T02:05:52.046016,2026-06-02T23:12:31.357719,v0.7.0+
rp,/Volumes/Samsam/Public/USIdata/tdj-estate-sp-z-oo/sarnie-osiedle-bielsko-biala/usi_rp_17181.json,2026-05-25T02:05:52.060090,2026-06-02T23:12:31.390372,v0.7.0+
rp,/Volumes/Samsam/Public/USIdata/tdj-estate-sp-z-oo/zielona-dolina-ii-zabrze/usi_rp_13722.json,2026-05-25T02:05:52.063070,2026-06-02T23:12:31.395921,v0.7.0+
rp,/Volumes/Samsam/Public/USIdata/tdm-parkestate-sp-z-oo/apartamenty-koluszki-koluszki/usi_rp_14266.json,2026-05-25T02:05:52.023996,2026-06-02T23:12:31.308504,v0.7.0+
rp,/Volumes/Samsam/Public/USIdata/tdm-parkestate-sp-z-oo/apartamenty-nowosolna-lodz-nowosolna/usi_rp_17084.json,2026-05-25T02:05:52.027879,2026-06-02T23:12:31.315409,v0.7.0+
oto,/Volumes/Samsam/Public/USIdata/teatralne-residence-sp-z-o-o/kombinat-mieszkan/usi_oto_4znLZ.json,2026-05-25T02:05:52.019831,2026-05-25T02:05:52.019833,v0.7.0+
oto,/Volumes/Samsam/Public/USIdata/tech-bet-sp-z-o-o-sp-k/barczewski-dwor/usi_oto_4gsM4.json,2026-05-25T02:05:52.015910,2026-05-25T02:05:52.015911,v0.7.0+
rp,/Volumes/Samsam/Public/USIdata/tech-bet-sp-z-oo-sp-k/osiedle-barczewski-dwor-etap-ii-olsztynski-barczewski-dwor/usi_rp_17396.json,2026-05-25T02:05:52.012850,2026-06-02T23:12:31.300694,v0.7.0+
rp,/Volumes/Samsam/Public/USIdata/techniq/tesoro-verde-residence-krakow-lagiewniki-borek-falecki/usi_rp_13343.json,2026-05-25T02:05:52.009291,2026-06-02T23:12:31.292859,v0.7.0+
rp,/Volumes/Samsam/Public/USIdata/teczowa-park-chorzow/teczowa-park-chorzow/usi_rp_15229.json,2026-05-25T02:05:52.005851,2026-06-02T23:12:31.285351,v0.7.0+
oto,/Volumes/Samsam/Public/USIdata/tedex-service-sp-z-o-o/apartamenty-klifova-apartamenty-inwestycyjne/usi_oto_4zWzy.json,2026-05-25T02:05:52.002246,2026-05-25T02:05:52.002248,v0.7.0+
rp,/Volumes/Samsam/Public/USIdata/tekton-capital-sp-z-oo/deo-plaza-gdansk-srodmiescie/usi_rp_11007.json,2026-05-25T02:05:51.996519,2026-06-02T23:12:31.277633,v0.7.0+
oto,/Volumes/Samsam/Public/USIdata/tekton-property/deo-plaza-gdansk-srodmiescie-wyspa-spichrzow/usi_oto_426Cq.json,2026-05-25T02:05:51.994699,2026-05-25T02:05:51.994701,v0.7.0+
rp,/Volumes/Samsam/Public/USIdata/telko-poz-sp-z-oo/sielska-5-poznan-gorczyn/usi_rp_16041.json,2026-05-25T02:05:51.990522,2026-06-02T23:12:31.270247,v0.7.0+
oto,/Volumes/Samsam/Public/USIdata/temar-deweloper/asfaltowa-13/usi_oto_4oCGs.json,2026-05-25T02:05:51.976152,2026-05-25T02:05:51.976154,v0.7.0+
oto,/Volumes/Samsam/Public/USIdata/terbud-artur-czyz-spolka-komandytowa/nowe-zamkowe/usi_oto_4rlHo.json,2026-05-25T02:05:51.969527,2026-05-25T02:05:51.969528,v0.7.0+
oto,/Volumes/Samsam/Public/USIdata/terbud-artur-czyz-spolka-komandytowa/rozwojowa-2/usi_oto_4tINV.json,2026-05-25T02:05:51.973629,2026-05-25T02:05:51.973630,v0.7.0+
rp,/Volumes/Samsam/Public/USIdata/termovid-marketing/zeromskiego-street-52-skarzysko-kamienna/usi_rp_15372.json,2026-05-25T02:05:51.965550,2026-06-02T23:12:31.239506,v0.7.0+
oto,/Volumes/Samsam/Public/USIdata/terra-casa/soho-residence/usi_oto_4kckg.json,2026-05-25T02:05:51.961149,2026-05-25T02:05:51.961151,v0.7.0+
oto,/Volumes/Samsam/Public/USIdata/terranova-spolka-z-ograniczona-odpowiedzialnoscia/kameralne-ul-rolnicza-33-torun/usi_oto_4x01y.json,2026-05-25T02:05:51.941526,2026-05-25T02:05:51.941527,v0.7.0+
oto,/Volumes/Samsam/Public/USIdata/tetnowski-development/krowodrza-park/usi_oto_4dn8W.json,2026-05-25T02:05:51.926533,2026-05-25T02:05:51.926535,v0.7.0+
oto,/Volumes/Samsam/Public/USIdata/tetnowski-development/lwowska-14/usi_oto_4pt9m.json,2026-05-25T02:05:51.933157,2026-05-25T02:05:51.933158,v0.7.0+
oto,/Volumes/Samsam/Public/USIdata/tetnowski-development/nowa-drozdzownia/usi_oto_4qUkV.json,2026-05-25T02:05:51.936006,2026-05-25T02:05:51.936007,v0.7.0+
oto,/Volumes/Samsam/Public/USIdata/tetnowski-development/osiedle-pasteura-etap-iv/usi_oto_4s7UG.json,2026-05-25T02:05:51.938934,2026-05-25T02:05:51.938935,v0.7.0+
oto,/Volumes/Samsam/Public/USIdata/the-big-short-sp-z-o-o-sp-k/poranna-kawa-pod-zaglami-nad-brzegiem-jeziora-w-zegrzu-poludniowym/usi_oto_4BjOn.json,2026-05-25T02:04:58.493788,2026-05-25T02:04:58.493791,v0.7.0+
oto,/Volumes/Samsam/Public/USIdata/the-big-short-sp-z-o-o-sp-k/zamien-korki-w-warszawie-na-szum-fal-zalewu-zegrzynskiego/usi_oto_4BjOn.json,2026-05-25T02:05:51.922261,2026-05-25T02:05:51.922264,v0.7.0+
oto,/Volumes/Samsam/Public/USIdata/the-big-short-sp-z-o-o-sp-k/zamien-korki-w-warszawie-na-szum-fal-zalewu-zegrzynskiego/usi_oto_67999639.json,2026-05-25T02:05:51.922261,2026-06-02T11:04:35.858607,v0.7.0+
oto,/Volumes/Samsam/Public/USIdata/thermohome-deweloper/osiedle-jasna-luxury-home-i-ostatnie-domy/usi_oto_4cKgd.json,2026-05-25T02:05:51.917882,2026-05-25T02:05:51.917883,v0.7.0+
rp,/Volumes/Samsam/Public/USIdata/ti-investment/plaza-park-wloclawek/usi_rp_15505.json,2026-05-25T02:05:51.911810,2026-06-02T23:12:31.183547,v0.7.0+
rp,/Volumes/Samsam/Public/USIdata/ti-investment/villa-park-wloclawek/usi_rp_15659.json,2026-05-25T02:05:51.915176,2026-06-02T23:12:31.192318,v0.7.0+
oto,/Volumes/Samsam/Public/USIdata/tiara-development/janowiecka/usi_oto_4rBbg.json,2026-05-25T02:05:51.902647,2026-05-25T02:05:51.902649,v0.7.0+
oto,/Volumes/Samsam/Public/USIdata/tk-invest-borkowski-sp-k/okazja-mateckiego-19-ostatnie-mieszkania/usi_oto_48Nkv.json,2026-05-25T02:05:51.895150,2026-05-25T02:05:51.895152,v0.7.0+
oto,/Volumes/Samsam/Public/USIdata/tomaszewicz-development-sp-z-oo/jasminowe-wzgorze/usi_oto_4dtuB.json,2026-05-25T02:05:51.885012,2026-05-25T02:05:51.885014,v0.7.0+
rp,/Volumes/Samsam/Public/USIdata/tomaszewicz-development-sp-z-oo/jasminowe-wzgorze-etap-ii-szczecin-stolczyn/usi_rp_16500.json,2026-05-25T02:05:51.889595,2026-06-02T23:12:31.143949,v0.7.0+
rp,/Volumes/Samsam/Public/USIdata/tomaszewicz-development-sp-z-oo/jasminowe-wzgorze-szczecin/usi_rp_13887.json,2026-05-25T02:05:51.892517,2026-06-02T23:12:31.153053,v0.7.0+
oto,/Volumes/Samsam/Public/USIdata/tompol-capital-sp-z-o-o/apartamenty-legionow/usi_oto_4tfaI.json,2026-05-25T02:05:51.872171,2026-05-25T02:05:51.872172,v0.7.0+
oto,/Volumes/Samsam/Public/USIdata/tompol-capital-sp-z-o-o/nova-szkolna/usi_oto_4simB.json,2026-05-25T02:05:51.875804,2026-05-25T02:05:51.875805,v0.7.0+
oto,/Volumes/Samsam/Public/USIdata/tompol-capital-sp-z-o-o/spalska-58/usi_oto_4sinb.json,2026-05-25T02:05:51.880803,2026-05-25T02:05:51.880806,v0.7.0+
oto,/Volumes/Samsam/Public/USIdata/toplokum/osiedle-na-gornej-v/usi_oto_4B95K.json,2026-05-25T02:05:51.868203,2026-05-25T02:05:51.868204,v0.7.0+
oto,/Volumes/Samsam/Public/USIdata/toplokum/osiedle-na-gornej-v/usi_oto_67958432.json,2026-05-25T02:05:51.868203,2026-06-02T11:04:57.173235,v0.7.0+
rp,/Volumes/Samsam/Public/USIdata/tora-sigma/bursztynowy-park-rumia/usi_rp_14641.json,2026-05-25T02:05:51.864155,2026-06-02T23:12:31.136832,v0.7.0+
oto,/Volumes/Samsam/Public/USIdata/toscany-invest-malecki-wiewior-spolka-komandytowa/kacpury-residence/usi_oto_4AtKz.json,2026-05-25T02:05:51.844688,2026-05-25T02:05:51.844690,v0.7.0+
oto,/Volumes/Samsam/Public/USIdata/toscany-invest-malecki-wiewior-spolka-komandytowa/powstancow-residence/usi_oto_4yywr.json,2026-05-25T02:05:51.850594,2026-05-25T02:05:51.850596,v0.7.0+
oto,/Volumes/Samsam/Public/USIdata/toscom-development/bernardynska/usi_oto_4k4AV.json,2026-05-25T02:05:51.820722,2026-05-25T02:05:51.820723,v0.7.0+
oto,/Volumes/Samsam/Public/USIdata/toscom-development/bernardynska-4-wynajem/usi_oto_4tGHs.json,2026-05-25T02:05:51.824437,2026-05-25T02:05:51.824439,v0.7.0+
oto,/Volumes/Samsam/Public/USIdata/toscom-development/wielka-16/usi_oto_4yOzV.json,2026-05-25T02:05:51.836006,2026-05-25T02:05:51.836007,v0.7.0+
oto,/Volumes/Samsam/Public/USIdata/totalbud/mirabelki-5/usi_oto_4rmcs.json,2026-05-25T02:05:51.807215,2026-05-25T02:05:51.807219,v0.7.0+
oto,/Volumes/Samsam/Public/USIdata/totalbud/osiedle-jablonova/usi_oto_4tfzb.json,2026-05-25T02:05:51.812096,2026-05-25T02:05:51.812098,v0.7.0+
oto,/Volumes/Samsam/Public/USIdata/totalbud/viva-piastow/usi_oto_4pMOp.json,2026-05-25T02:05:51.816332,2026-05-25T02:05:51.816335,v0.7.0+
rp,/Volumes/Samsam/Public/USIdata/tppi-sa/nano-apart-warszawa-goclawek/usi_rp_16271.json,2026-05-25T02:05:51.780040,2026-06-02T23:12:31.034472,v0.7.0+
oto,/Volumes/Samsam/Public/USIdata/tppi-sa/zarzecze-pruszkow-ii/usi_oto_4qzda.json,2026-05-25T02:05:51.788213,2026-05-25T02:05:51.788214,v0.7.0+
oto,/Volumes/Samsam/Public/USIdata/trakt-invest/neo-agat/usi_oto_4xwMV.json,2026-05-25T02:05:51.764787,2026-05-25T02:05:51.764788,v0.7.0+
rp,/Volumes/Samsam/Public/USIdata/trakt-invest/neo-agat-kielce/usi_rp_19403.json,2026-05-25T02:05:51.768747,2026-06-02T23:12:31.005491,v0.7.0+
rp,/Volumes/Samsam/Public/USIdata/trakt-invest/osiedle-grabina-kielce/usi_rp_15343.json,2026-05-25T02:05:51.771499,2026-06-02T23:12:31.012361,v0.7.0+
rp,/Volumes/Samsam/Public/USIdata/trans-bet-franciszek-jurek-i-wioletta-lojek-sc/nova-boguchwala-boguchwala/usi_rp_15300.json,2026-05-25T02:05:51.760074,2026-06-02T23:12:30.998288,v0.7.0+
oto,/Volumes/Samsam/Public/USIdata/tree-development-group/3-lipy-apartamenty-inwestycyjne/usi_oto_4j5G8.json,2026-05-25T02:05:51.744158,2026-05-25T02:05:51.744160,v0.7.0+
oto,/Volumes/Samsam/Public/USIdata/tree-development-group/ogrody-julianow/usi_oto_4shoX.json,2026-05-25T02:05:51.747965,2026-05-25T02:05:51.747966,v0.7.0+
oto,/Volumes/Samsam/Public/USIdata/tree-development-group/przystan-retkinia/usi_oto_4mabk.json,2026-05-25T02:05:51.750589,2026-05-25T02:05:51.750591,v0.7.0+
oto,/Volumes/Samsam/Public/USIdata/tree-development-group/rezydencja-srodmiejska/usi_oto_4qWKg.json,2026-05-25T02:05:51.753167,2026-05-25T02:05:51.753168,v0.7.0+
rp,/Volumes/Samsam/Public/USIdata/tree-development-group-sp-z-oo/apartamenty-prestige-lodz-srodmiescie/usi_rp_13506.json,2026-05-25T02:05:51.711006,2026-06-02T23:12:30.932170,v0.7.0+
rp,/Volumes/Samsam/Public/USIdata/tree-development-group-sp-z-oo/central-park-apartments-3-lodz-polesie-stare-polesie/usi_rp_10086.json,2026-05-25T02:05:51.714902,2026-06-02T23:12:30.937588,v0.7.0+
rp,/Volumes/Samsam/Public/USIdata/tree-development-group-sp-z-oo/drewnowska-77-lodz-baluty-baluty-centrum/usi_rp_10398.json,2026-05-25T02:05:51.718820,2026-06-02T23:12:30.943498,v0.7.0+
rp,/Volumes/Samsam/Public/USIdata/tree-development-group-sp-z-oo/ogrody-julianow-lodz-radogoszcz/usi_rp_17617.json,2026-05-25T02:05:51.728694,2026-06-02T23:12:30.964474,v0.7.0+
rp,/Volumes/Samsam/Public/USIdata/tree-development-group-sp-z-oo/przystan-retkinia-lodz-lublinek-pienista/usi_rp_16101.json,2026-05-25T02:05:51.732707,2026-06-02T23:12:30.971426,v0.7.0+
oto,/Volumes/Samsam/Public/USIdata/treehouse-nieruchomosci-spolka-cywilna/jaroty-poludnie/usi_oto_4o9UJ.json,2026-05-25T02:05:51.695022,2026-05-25T02:05:51.695024,v0.7.0+
oto,/Volumes/Samsam/Public/USIdata/trega-investments-sp-z-o-o/city-park-szczecinek/usi_oto_4me7m.json,2026-05-25T02:05:51.690795,2026-05-25T02:05:51.690796,v0.7.0+
rp,/Volumes/Samsam/Public/USIdata/trei-real-estate-poland/bacciarellego-54-etap-2-wroclaw-srodmiescie-bartoszowice/usi_rp_12783.json,2026-05-25T02:05:51.673139,2026-06-02T23:12:30.877565,v0.7.0+
rp,/Volumes/Samsam/Public/USIdata/trei-real-estate-poland/osiedle-kraft-lodz-polesie-zlotno/usi_rp_12056.json,2026-05-25T02:05:51.687733,2026-06-02T23:12:30.904239,v0.7.0+
to,/Volumes/Samsam/Public/USIdata/treirealestate/osiedle-blask-smugowa-24-lodz-baluty-mieszkania-na-sprzedaz/usi_to_9186455.json,2026-05-25T02:04:58.471807,2026-05-25T02:04:58.471810,v0.7.0+
rp,/Volumes/Samsam/Public/USIdata/triada-dom-spj/apartamentowiec-zwycieska-3-inwestycyjne-wroclaw-partynice/usi_rp_15703.json,2026-05-25T02:05:51.636213,2026-06-02T23:12:30.800818,v0.7.0+
rp,/Volumes/Samsam/Public/USIdata/triada-dom-spj/kupiecka-8-wroclaw-fabryczna/usi_rp_14314.json,2026-05-25T02:05:51.650177,2026-06-02T23:12:30.831066,v0.7.0+
rp,/Volumes/Samsam/Public/USIdata/triada-dom-spj/ogrody-turawska-wroclaw-ksieze-wielkie/usi_rp_16697.json,2026-05-25T02:05:51.657274,2026-06-02T23:12:30.844351,v0.7.0+
rp,/Volumes/Samsam/Public/USIdata/triada-dom-spj/osiedle-nowa-zatorska-wroclaw-psie-pole-zakrzow/usi_rp_10890.json,2026-05-25T02:05:51.664321,2026-06-02T23:12:30.857288,v0.7.0+
rp,/Volumes/Samsam/Public/USIdata/triada-dom-spj/sarbinowska-wroclaw-fabryczna-kuzniki/usi_rp_13328.json,2026-05-25T02:05:51.667422,2026-06-02T23:12:30.864325,v0.7.0+
rp,/Volumes/Samsam/Public/USIdata/triada-dom-spj/stara-mleczarnia-trzebnicki-trzebnica/usi_rp_12937.json,2026-05-25T02:05:51.670225,2026-06-02T23:12:30.871096,v0.7.0+
oto,/Volumes/Samsam/Public/USIdata/triada-dom-wachowiak-sliwiak-sp-jawna/apartamenty-kasprowicza/usi_oto_4sKVL.json,2026-05-25T02:05:51.611416,2026-05-25T02:05:51.611419,v0.7.0+
oto,/Volumes/Samsam/Public/USIdata/triada-dom-wachowiak-sliwiak-sp-jawna/inwestycja-kwiatowa/usi_oto_4AtwM.json,2026-05-25T02:05:51.618424,2026-05-25T02:05:51.618426,v0.7.0+
oto,/Volumes/Samsam/Public/USIdata/triada-dom-wachowiak-sliwiak-sp-jawna/ogrody-turawska-domy/usi_oto_4n3ld.json,2026-05-25T02:05:51.624041,2026-05-25T02:05:51.624043,v0.7.0+
oto,/Volumes/Samsam/Public/USIdata/triada-dom-wachowiak-sliwiak-sp-jawna/ogrody-turawska-etap-1/usi_oto_4n3kz.json,2026-05-25T02:05:51.627480,2026-05-25T02:05:51.627485,v0.7.0+
oto,/Volumes/Samsam/Public/USIdata/triada-dom-wachowiak-sliwiak-sp-jawna/wolowska-business-park/usi_oto_4tmGP.json,2026-05-25T02:05:51.632626,2026-05-25T02:05:51.632628,v0.7.0+
oto,/Volumes/Samsam/Public/USIdata/triton-development/triton-kampinos-iii/usi_oto_4z9y9.json,2026-05-25T02:05:51.586097,2026-05-25T02:05:51.586101,v0.7.0+
rp,/Volumes/Samsam/Public/USIdata/triton-development-sa/triton-country-2024-pruszkowski-stara-wies/usi_rp_17832.json,2026-05-25T02:05:51.525450,2026-06-02T23:12:30.678805,v0.7.0+
rp,/Volumes/Samsam/Public/USIdata/triton-development-sa/triton-country-2026-pruszkowski-stara-wies/usi_rp_17830.json,2026-05-25T02:05:51.529141,2026-06-02T23:12:30.685996,v0.7.0+
rp,/Volumes/Samsam/Public/USIdata/triton-development-sa/triton-country-etap-ii-pruszkowski-stara-wies/usi_rp_13082.json,2026-05-25T02:05:51.532058,2026-06-02T23:12:30.692997,v0.7.0+
rp,/Volumes/Samsam/Public/USIdata/triton-development-sa/triton-country-etap-iii-pruszkowski-stara-wies/usi_rp_13830.json,2026-05-25T02:05:51.534839,2026-06-02T23:12:30.699013,v0.7.0+
rp,/Volumes/Samsam/Public/USIdata/triton-development-sa/triton-kampinos-ii-mazowieckie-nowodworski-lomna-las/usi_rp_17366.json,2026-05-25T02:05:51.539444,2026-06-02T23:12:30.713357,v0.7.0+
rp,/Volumes/Samsam/Public/USIdata/triton-development-sa/triton-kampinos-klatka-b-mazowieckie-nowodworski-lomna-las/usi_rp_16050.json,2026-05-25T02:05:51.558599,2026-06-02T23:12:30.726789,v0.7.0+
rp,/Volumes/Samsam/Public/USIdata/triton-development-sa/triton-park-warszawa-ochota-szczesliwice/usi_rp_145.json,2026-05-25T02:05:51.561334,2026-06-02T23:12:30.733301,v0.7.0+
rp,/Volumes/Samsam/Public/USIdata/triton-development-sa/triton-winnica-warszawa-bialoleka-nowodwory/usi_rp_6711.json,2026-05-25T02:05:51.570590,2026-06-02T23:12:30.794372,v0.7.0+
oto,/Volumes/Samsam/Public/USIdata/tru-development/nowe-promenady/usi_oto_4yEW6.json,2026-05-25T02:05:51.509816,2026-05-25T02:05:51.509818,v0.7.0+
to,/Volumes/Samsam/Public/USIdata/tru-development/nowe-promenady-czeslawa-milosza-wroclaw-kleczkow-psie-pole-mieszkania-na-sprzedaz/usi_to_8937048.json,2026-05-25T02:04:58.460917,2026-05-25T02:04:58.460920,v0.7.0+
oto,/Volumes/Samsam/Public/USIdata/tru-development/nowe-promenady-tru-development/usi_oto_4tqkv.json,2026-05-25T02:05:51.517578,2026-05-25T02:05:51.517579,v0.7.0+
oto,/Volumes/Samsam/Public/USIdata/trust-investment/027-apartamenty-opolska/usi_oto_4vzxj.json,2026-05-25T02:05:51.399275,2026-05-25T02:05:51.399276,v0.7.0+
oto,/Volumes/Samsam/Public/USIdata/trust-investment/browar-hugo-scobel/usi_oto_4srFs.json,2026-05-25T02:05:51.403362,2026-05-25T02:05:51.403363,v0.7.0+
rp,/Volumes/Samsam/Public/USIdata/trust-investment/dzielnica-trust-kielce/usi_rp_18832.json,2026-05-25T02:05:51.409374,2026-06-02T23:12:30.527549,v0.7.0+
oto,/Volumes/Samsam/Public/USIdata/trust-investment/krakowska-rogatka/usi_oto_4rdm2.json,2026-05-25T02:05:51.412062,2026-05-25T02:05:51.412063,v0.7.0+
rp,/Volumes/Samsam/Public/USIdata/trust-investment/krakowska-rogatka-kielce/usi_rp_17397.json,2026-05-25T02:05:51.415327,2026-06-02T23:12:30.534841,v0.7.0+
to,/Volumes/Samsam/Public/USIdata/trust-investment/krakowska-rogatka-miodowicza-1-kielce-centrum-mieszkania-na-sprzedaz/usi_to_8910986.json,2026-05-25T02:04:58.451025,2026-05-25T02:04:58.451029,v0.7.0+
oto,/Volumes/Samsam/Public/USIdata/trust-investment/massalskiego-trust/usi_oto_4ADIM.json,2026-05-25T02:05:51.418911,2026-05-25T02:05:51.418912,v0.7.0+
oto,/Volumes/Samsam/Public/USIdata/trust-investment/massalskiego-trust/usi_oto_67837844.json,2026-05-25T02:05:51.418911,2026-06-02T11:05:48.397555,v0.7.0+
rp,/Volumes/Samsam/Public/USIdata/trust-investment/moja-klonowa-kielce/usi_rp_15374.json,2026-05-25T02:05:51.427658,2026-06-02T23:12:30.548651,v0.7.0+
rp,/Volumes/Samsam/Public/USIdata/trust-investment/nove-slichowice-kielce/usi_rp_15439.json,2026-05-25T02:05:51.432424,2026-06-02T23:12:30.556691,v0.7.0+
oto,/Volumes/Samsam/Public/USIdata/trust-investment/nowa-gwiazda/usi_oto_4zoHx.json,2026-05-25T02:05:51.436995,2026-05-25T02:05:51.436997,v0.7.0+
oto,/Volumes/Samsam/Public/USIdata/trust-investment/panorama-struga/usi_oto_4rdgM.json,2026-05-25T02:05:51.448606,2026-05-25T02:05:51.448608,v0.7.0+
rp,/Volumes/Samsam/Public/USIdata/trust-investment/panorama-struga-radom/usi_rp_17398.json,2026-05-25T02:05:51.452093,2026-06-02T23:12:30.579403,v0.7.0+
rp,/Volumes/Samsam/Public/USIdata/trust-investment/plaza-city-czestochowa/usi_rp_17399.json,2026-05-25T02:05:51.455285,2026-06-02T23:12:30.585311,v0.7.0+
oto,/Volumes/Samsam/Public/USIdata/trust-investment/rezydencja-centrum/usi_oto_4nFAu.json,2026-05-25T02:05:51.458506,2026-05-25T02:05:51.458507,v0.7.0+
rp,/Volumes/Samsam/Public/USIdata/trust-investment/rezydencja-sikorskiego-etap-ii-kielce/usi_rp_16845.json,2026-05-25T02:05:51.466893,2026-06-02T23:12:30.600356,v0.7.0+
rp,/Volumes/Samsam/Public/USIdata/trust-investment/rezydencja-sikorskiego-kielce/usi_rp_16026.json,2026-05-25T02:05:51.471168,2026-06-02T23:12:30.607576,v0.7.0+
oto,/Volumes/Samsam/Public/USIdata/trust-investment/rezydencja-swierkowa-etap-ii/usi_oto_4ADIF.json,2026-05-25T02:05:51.475078,2026-05-25T02:05:51.475080,v0.7.0+
oto,/Volumes/Samsam/Public/USIdata/trust-investment/rezydencja-swierkowa-etap-ii/usi_oto_67837837.json,2026-05-25T02:05:51.475078,2026-06-02T11:05:48.967246,v0.7.0+
rp,/Volumes/Samsam/Public/USIdata/trust-investment/rezydencja-swierkowa-radom/usi_rp_17400.json,2026-05-25T02:05:51.481636,2026-06-02T23:12:30.619615,v0.7.0+
rp,/Volumes/Samsam/Public/USIdata/trust-investment/sky-trust-etap-ii-apartamenty-inwestycyjne-kielce/usi_rp_17700.json,2026-05-25T02:05:51.484460,2026-06-02T23:12:30.627406,v0.7.0+
rp,/Volumes/Samsam/Public/USIdata/trust-investment/sky-trust-etap-ii-kielce/usi_rp_17699.json,2026-05-25T02:05:51.488529,2026-06-02T23:12:30.636069,v0.7.0+
rp,/Volumes/Samsam/Public/USIdata/trust-investment/sky-trust-kielce/usi_rp_16019.json,2026-05-25T02:05:51.494043,2026-06-02T23:12:30.642931,v0.7.0+
rp,/Volumes/Samsam/Public/USIdata/trust-investment/stacja-kopernik-czestochowa/usi_rp_16020.json,2026-05-25T02:05:51.498559,2026-06-02T23:12:30.649450,v0.7.0+
oto,/Volumes/Samsam/Public/USIdata/trust-investment/ultradom/usi_oto_4reer.json,2026-05-25T02:05:51.501461,2026-05-25T02:05:51.501462,v0.7.0+
rp,/Volumes/Samsam/Public/USIdata/trust-investment/ultradom-radom/usi_rp_17401.json,2026-05-25T02:05:51.506141,2026-06-02T23:12:30.655531,v0.7.0+
oto,/Volumes/Samsam/Public/USIdata/trust-investment-projekt-14-sp-zo-o/sky-trust-ii/usi_oto_4sz7M.json,2026-05-25T02:05:51.394827,2026-05-25T02:05:51.394829,v0.7.0+
oto,/Volumes/Samsam/Public/USIdata/trust-investment-projekt-18-sp-z-o-o/plaza-city/usi_oto_4pQCS.json,2026-05-25T02:05:51.392752,2026-05-25T02:05:51.392753,v0.7.0+
oto,/Volumes/Samsam/Public/USIdata/trust-investment-s-a/rezydencja-swierkowa/usi_oto_4pLgT.json,2026-05-25T02:05:51.389846,2026-05-25T02:05:51.389848,v0.7.0+
oto,/Volumes/Samsam/Public/USIdata/trustic-group/dom-przy-metrze/usi_oto_4oxDH.json,2026-05-25T02:05:51.384675,2026-05-25T02:05:51.384677,v0.7.0+
rp,/Volumes/Samsam/Public/USIdata/ts-invest-tesoro-sp-zoo/domy-verde-pucki-pogorze/usi_rp_16909.json,2026-05-25T02:05:51.373416,2026-06-02T23:12:30.488420,v0.7.0+
rp,/Volumes/Samsam/Public/USIdata/ts-invest-tesoro-sp-zoo/ogrody-tesoro-ii-pucki-pogorze/usi_rp_14193.json,2026-05-25T02:05:51.376930,2026-06-02T23:12:30.496896,v0.7.0+
rp,/Volumes/Samsam/Public/USIdata/ts-invest-tesoro-sp-zoo/ogrody-tesoro-vi-pucki-pogorze/usi_rp_16907.json,2026-05-25T02:05:51.379862,2026-06-02T23:12:30.503389,v0.7.0+
rp,/Volumes/Samsam/Public/USIdata/ts-invest-tesoro-sp-zoo/tesoro-golf-park-wejherowski-petkowice/usi_rp_15688.json,2026-05-25T02:05:51.382360,2026-06-02T23:12:30.510486,v0.7.0+
rp,/Volumes/Samsam/Public/USIdata/tts-development-sp-z-o-o-sp-k/osiedle-maki-krasnik/usi_rp_15455.json,2026-05-25T02:05:51.367628,2026-06-02T23:12:30.472952,v0.7.0+
rp,/Volumes/Samsam/Public/USIdata/tts-development-sp-z-o-o-sp-k/osiedle-panorama-lublin-lublin/usi_rp_15445.json,2026-05-25T02:05:51.371258,2026-06-02T23:12:30.480578,v0.7.0+
oto,/Volumes/Samsam/Public/USIdata/turpis-nova-spolka-z-ograniczona-odpowiedzialnoscia/satis-house-brzeg-premium/usi_oto_4r7fE.json,2026-05-25T02:05:51.362940,2026-05-25T02:05:51.362941,v0.7.0+
oto,/Volumes/Samsam/Public/USIdata/turystyczna-44/turystyczna-44/usi_oto_4txWx.json,2026-05-25T02:05:51.358114,2026-05-25T02:05:51.358116,v0.7.0+
oto,/Volumes/Samsam/Public/USIdata/twg-deweloper/siemanovi/usi_oto_4u8QY.json,2026-05-25T02:05:51.350284,2026-05-25T02:05:51.350285,v0.7.0+
oto,/Volumes/Samsam/Public/USIdata/twg-deweloper/villa-widok/usi_oto_4tdTm.json,2026-05-25T02:05:51.354686,2026-05-25T02:05:51.354687,v0.7.0+
oto,/Volumes/Samsam/Public/USIdata/twoj-dom-sp-z-o-o/nove-rydzewo-apartamenty-mazury-przy-jeziorze-gotowe-do-odbioru/usi_oto_4Acto.json,2026-05-25T02:05:51.345815,2026-05-25T02:05:51.345816,v0.7.0+
oto,/Volumes/Samsam/Public/USIdata/twoje-m/apartamenty-symfonia/usi_oto_4vZQP.json,2026-05-25T02:05:51.335471,2026-05-25T02:05:51.335473,v0.7.0+
rp,/Volumes/Samsam/Public/USIdata/twoje-m/komfortia-iv-poznanski-skorzewo/usi_rp_18998.json,2026-05-25T02:05:51.339984,2026-06-02T23:12:30.455638,v0.7.0+
rp,/Volumes/Samsam/Public/USIdata/tynkbud1-sp-z-oo/tuzycka-29-warszawa-zacisze/usi_rp_15744.json,2026-05-25T02:05:51.331797,2026-06-02T23:12:30.446962,v0.7.0+
oto,/Volumes/Samsam/Public/USIdata/u-r-b-sebud/u-r-b-sebud-apartamenty-dwa-swiaty/usi_oto_44MIr.json,2026-05-25T02:05:51.327955,2026-05-25T02:05:51.327956,v0.7.0+
oto,/Volumes/Samsam/Public/USIdata/udi-tau-sp-z-o-o/osiedle-ursus-classic/usi_oto_49Aax.json,2026-05-25T02:05:51.322520,2026-05-25T02:05:51.322522,v0.7.0+
oto,/Volumes/Samsam/Public/USIdata/uni-grup-nieruchomosci/apartamenty-konstantynowska/usi_oto_4nRL5.json,2026-05-25T02:05:51.298297,2026-05-25T02:05:51.298299,v0.7.0+
oto,/Volumes/Samsam/Public/USIdata/uni-grup-nieruchomosci/apartamenty-konstantynowska-etap-ii/usi_oto_4xKoq.json,2026-05-25T02:05:51.302293,2026-05-25T02:05:51.302294,v0.7.0+
oto,/Volumes/Samsam/Public/USIdata/uni-grup-nieruchomosci/apartamenty-lisciasta-lodz-budynek-nr-3/usi_oto_4scot.json,2026-05-25T02:05:51.306375,2026-05-25T02:05:51.306376,v0.7.0+
oto,/Volumes/Samsam/Public/USIdata/uni-grup-nieruchomosci/apartamenty-lodz-kolumny-etap-ix-budynek-b/usi_oto_4nigH.json,2026-05-25T02:05:51.309412,2026-05-25T02:05:51.309413,v0.7.0+
oto,/Volumes/Samsam/Public/USIdata/uni-grup-nieruchomosci/apartamenty-lodz-kolumny-etap-x-budynek-a/usi_oto_4tqQr.json,2026-05-25T02:05:51.312244,2026-05-25T02:05:51.312246,v0.7.0+
oto,/Volumes/Samsam/Public/USIdata/uni-grup-nieruchomosci/concept-design-apartamenty/usi_oto_4zb1W.json,2026-05-25T02:05:51.315052,2026-05-25T02:05:51.315053,v0.7.0+
oto,/Volumes/Samsam/Public/USIdata/uni-grup-nieruchomosci/nova-lisciasta/usi_oto_4B2tx.json,2026-05-25T02:05:51.318443,2026-05-25T02:05:51.318444,v0.7.0+
oto,/Volumes/Samsam/Public/USIdata/uni-grup-nieruchomosci/nova-lisciasta/usi_oto_67932999.json,2026-05-25T02:05:51.318443,2026-06-02T11:05:10.324593,v0.7.0+
oto,/Volumes/Samsam/Public/USIdata/unidevelopment/impuls-marywilska/usi_oto_4shr5.json,2026-05-25T02:05:51.290396,2026-05-25T02:05:51.290397,v0.7.0+
oto,/Volumes/Samsam/Public/USIdata/unidevelopment/omulewska/usi_oto_4zGJT.json,2026-05-25T02:05:51.294879,2026-05-25T02:05:51.294880,v0.7.0+
to,/Volumes/Samsam/Public/USIdata/unidevelopment/osiedle-omulewska-omulewska-24-warszawa-praga-polnoc-grochow-mieszkania-na-sprzedaz/usi_to_9199096.json,2026-05-25T02:04:58.438216,2026-05-25T02:04:58.438220,v0.7.0+
rp,/Volumes/Samsam/Public/USIdata/unidevelopment-sa/kusocinskiego-b-gdansk-piecki-migowo/usi_rp_18783.json,2026-05-25T02:05:51.255407,2026-06-02T23:12:30.391210,v0.7.0+
oto,/Volumes/Samsam/Public/USIdata/unidevelopment-sa/lokale-handlowe-na-osiedlu-idea/usi_oto_4h08P.json,2026-05-25T02:05:51.260046,2026-05-25T02:05:51.260047,v0.7.0+
oto,/Volumes/Samsam/Public/USIdata/unidevelopment-sa/osiedla-idea-aurora/usi_oto_4t9qr.json,2026-05-25T02:05:51.263501,2026-05-25T02:05:51.263503,v0.7.0+
rp,/Volumes/Samsam/Public/USIdata/unidevelopment-sa/osiedle-idea-aurora-radom/usi_rp_17578.json,2026-05-25T02:05:51.267564,2026-06-02T23:12:30.397493,v0.7.0+
rp,/Volumes/Samsam/Public/USIdata/unidevelopment-sa/osiedle-idea-ogrody-3-radom/usi_rp_17579.json,2026-05-25T02:05:51.270342,2026-06-02T23:12:30.405170,v0.7.0+
oto,/Volumes/Samsam/Public/USIdata/unidevelopment-sa/osiedle-idea-orion/usi_oto_4mPgP.json,2026-05-25T02:05:51.273091,2026-05-25T02:05:51.273093,v0.7.0+
rp,/Volumes/Samsam/Public/USIdata/unidevelopment-sa/osiedle-idea-orion-radom/usi_rp_16142.json,2026-05-25T02:05:51.275997,2026-06-02T23:12:30.411772,v0.7.0+
rp,/Volumes/Samsam/Public/USIdata/unidevelopment-sa/osiedle-idea-venus-radom/usi_rp_14667.json,2026-05-25T02:05:51.278398,2026-06-02T23:12:30.418774,v0.7.0+
oto,/Volumes/Samsam/Public/USIdata/unimax-development-sp-z-o-o/apartamenty-pustuleczki/usi_oto_4rb4Q.json,2026-05-25T02:05:51.229811,2026-05-25T02:05:51.229813,v0.7.0+
oto,/Volumes/Samsam/Public/USIdata/uniqlo-szklarska-poreba-sp-z-o-o/kameralny-projekt-uniqlo-szklarska-poreba/usi_oto_4sati.json,2026-05-25T02:05:51.224860,2026-05-25T02:05:51.224862,v0.7.0+
oto,/Volumes/Samsam/Public/USIdata/uniqlo-szklarska-poreba-spolka-z-ograniczona-odowiedzialnoscia/kameralny-projekt-unilqlo-szklarska-poreba/usi_oto_4yc8p.json,2026-05-25T02:05:51.219910,2026-05-25T02:05:51.219912,v0.7.0+
oto,/Volumes/Samsam/Public/USIdata/universal-development-sp-z-o-o/ksieze-wielkie/usi_oto_4pfNN.json,2026-05-25T02:05:51.214003,2026-05-25T02:05:51.214006,v0.7.0+
oto,/Volumes/Samsam/Public/USIdata/univest-1-sp-z-o-o/nowa-32-apartamenty-promocja/usi_oto_4rvO1.json,2026-05-25T02:05:51.207250,2026-05-25T02:05:51.207253,v0.7.0+
oto,/Volumes/Samsam/Public/USIdata/uniwersbud-pass-sp-z-oo/zielony-pass/usi_oto_4rZ5Z.json,2026-05-25T02:05:51.196586,2026-05-25T02:05:51.196588,v0.7.0+
rp,/Volumes/Samsam/Public/USIdata/urb-sebud/apartamenty-dwa-swiaty-tychy/usi_rp_15694.json,2026-05-25T02:05:51.192673,2026-06-02T23:12:30.344114,v0.7.0+
rp,/Volumes/Samsam/Public/USIdata/urba-sp-z-oo/niva-domy-w-krakowie-sidzinie-krakow-debniki/usi_rp_9181.json,2026-05-25T02:05:51.180790,2026-06-02T23:12:30.317839,v0.7.0+
rp,/Volumes/Samsam/Public/USIdata/urba-sp-z-oo/skowronia-krakow-podgorze-duchackie/usi_rp_17241.json,2026-05-25T02:05:51.186950,2026-06-02T23:12:30.330933,v0.7.0+
rp,/Volumes/Samsam/Public/USIdata/urba-sp-z-oo/wola-village-krakow-zwierzyniec/usi_rp_14461.json,2026-05-25T02:05:51.189899,2026-06-02T23:12:30.338391,v0.7.0+
oto,/Volumes/Samsam/Public/USIdata/urbanski-przedsiebiorstwo-budowlane/grasera-12/usi_oto_4tSZT.json,2026-05-25T02:05:51.165045,2026-05-25T02:05:51.165048,v0.7.0+
rp,/Volumes/Samsam/Public/USIdata/urbanski-przedsiebiorstwo-budowlane/grasera-12-torun/usi_rp_18019.json,2026-05-25T02:05:51.169149,2026-06-02T23:12:30.295902,v0.7.0+
rp,/Volumes/Samsam/Public/USIdata/ustronie-apartments/ustronie-supreme-apartments-kolobrzeski-ustronie-morskie/usi_rp_17136.json,2026-05-25T02:05:51.161443,2026-06-02T23:12:30.289806,v0.7.0+
oto,/Volumes/Samsam/Public/USIdata/ustronie-apartments-sp-z-o-o/ustronie-luxury-apartments/usi_oto_4zout.json,2026-05-25T02:05:51.153126,2026-05-25T02:05:51.153128,v0.7.0+
rp,/Volumes/Samsam/Public/USIdata/ustronie-morskie-apartments/wypoczynkowa-residence-apartamenty-inwestycyjne-kolobrzeski-ustronie-morskie/usi_rp_19450.json,2026-05-25T02:05:51.146772,2026-06-02T23:12:30.267798,v0.7.0+
rp,/Volumes/Samsam/Public/USIdata/ustronie-morskie-apartments/wypoczynkowa-residence-kolobrzeski-ustronie-morskie/usi_rp_19451.json,2026-05-25T02:05:51.150600,2026-06-02T23:12:30.274663,v0.7.0+
oto,/Volumes/Samsam/Public/USIdata/uwi-inwestycje/malta-wolkowyska/usi_oto_4xGRt.json,2026-05-25T02:05:51.142369,2026-05-25T02:05:51.142371,v0.7.0+
oto,/Volumes/Samsam/Public/USIdata/vacation-investments/wyspa-solna/usi_oto_4xbrb.json,2026-05-25T02:05:51.131005,2026-05-25T02:05:51.131007,v0.7.0+
oto,/Volumes/Samsam/Public/USIdata/vacation-investments-sp-z-o-o/wyspa-solna-deweloper-2023-roku/usi_oto_4vYY5.json,2026-05-25T02:05:51.123993,2026-05-25T02:05:51.123994,v0.7.0+
oto,/Volumes/Samsam/Public/USIdata/vacation-investments-sp-z-o-o/wyspa-solna-deweloper-roku-2023r-osiedle-z-basenem/usi_oto_4q4xv.json,2026-05-25T02:05:51.127758,2026-05-25T02:05:51.127760,v0.7.0+
oto,/Volumes/Samsam/Public/USIdata/vah-investments-sp-z-o-o/apartamenty-podzamcze-szydlowiec/usi_oto_4AhyM.json,2026-05-25T02:05:51.105107,2026-05-25T02:05:51.105109,v0.7.0+
oto,/Volumes/Samsam/Public/USIdata/vah-investments-sp-z-o-o/konarskiego-park/usi_oto_4AGef.json,2026-05-25T02:05:51.109287,2026-05-25T02:05:51.109289,v0.7.0+
oto,/Volumes/Samsam/Public/USIdata/vah-investments-sp-z-o-o/konarskiego-park/usi_oto_67847483.json,2026-05-25T02:05:51.109287,2026-06-02T11:05:39.679858,v0.7.0+
oto,/Volumes/Samsam/Public/USIdata/vah-investments-sp-z-o-o/osiedle-horyzont/usi_oto_4qRrD.json,2026-05-25T02:05:51.112241,2026-05-25T02:05:51.112242,v0.7.0+
oto,/Volumes/Samsam/Public/USIdata/vah-investments-sp-z-o-o/osiedle-horyzont-2/usi_oto_4A4vu.json,2026-05-25T02:05:51.115451,2026-05-25T02:05:51.115453,v0.7.0+
oto,/Volumes/Samsam/Public/USIdata/vah-investments-sp-z-o-o/szpitalna-42/usi_oto_4sIdt.json,2026-05-25T02:05:51.118412,2026-05-25T02:05:51.118413,v0.7.0+
oto,/Volumes/Samsam/Public/USIdata/vah-investments-sp-z-o-o/zlota-2/usi_oto_4swVj.json,2026-05-25T02:05:51.120999,2026-05-25T02:05:51.121001,v0.7.0+
oto,/Volumes/Samsam/Public/USIdata/vandorum-sp-z-o-o-sp-k/sloneczny-zakatek-blok-3/usi_oto_4hj9S.json,2026-05-25T02:05:51.100984,2026-05-25T02:05:51.100985,v0.7.0+
rp,/Volumes/Samsam/Public/USIdata/vandorum-sp-z-oo/sloneczny-zakatek-chelm/usi_rp_15456.json,2026-05-25T02:05:51.097305,2026-06-02T23:12:30.252606,v0.7.0+
oto,/Volumes/Samsam/Public/USIdata/vanguard-properties/borowiecka-park/usi_oto_4nblL.json,2026-05-25T02:05:51.093435,2026-05-25T02:05:51.093436,v0.7.0+
rp,/Volumes/Samsam/Public/USIdata/vantage-development-sa/buforowa-89-wroclaw-krzyki-wojszyce/usi_rp_10520.json,2026-05-25T02:05:51.047329,2026-06-02T23:12:30.157586,v0.7.0+
rp,/Volumes/Samsam/Public/USIdata/vantage-development-sa/centauris-wroclaw-krzyki-gaj/usi_rp_3700.json,2026-05-25T02:05:51.051497,2026-06-02T23:12:30.164292,v0.7.0+
rp,/Volumes/Samsam/Public/USIdata/vantage-development-sa/cieszynska-97-wroclaw-ksieze-wielkie/usi_rp_13744.json,2026-05-25T02:05:51.054075,2026-06-02T23:12:30.171304,v0.7.0+
rp,/Volumes/Samsam/Public/USIdata/vantage-development-sa/dom-saski-warszawa-praga-poludnie-saska-kepa/usi_rp_7687.json,2026-05-25T02:05:51.056677,2026-06-02T23:12:30.177766,v0.7.0+
rp,/Volumes/Samsam/Public/USIdata/vantage-development-sa/dorzecze-legnickiej-wroclaw-fabryczna-popowice/usi_rp_8686.json,2026-05-25T02:05:51.059449,2026-06-02T23:12:30.183417,v0.7.0+
rp,/Volumes/Samsam/Public/USIdata/vantage-development-sa/kameralna-klecina-wroclaw-krzyki-klecina/usi_rp_10100.json,2026-05-25T02:05:51.063056,2026-06-02T23:12:30.190317,v0.7.0+
rp,/Volumes/Samsam/Public/USIdata/vantage-development-sa/living-point-mokotow-warszawa-mokotow-sluzewiec/usi_rp_6466.json,2026-05-25T02:05:51.070473,2026-06-02T23:12:30.201786,v0.7.0+
rp,/Volumes/Samsam/Public/USIdata/vantage-development-sa/login-city-wroclaw-fabryczna-grabiszyn-grabiszynek/usi_rp_8248.json,2026-05-25T02:05:51.072743,2026-06-02T23:12:30.208472,v0.7.0+
rp,/Volumes/Samsam/Public/USIdata/vantage-development-sa/nowe-zerniki-vantage-development-wroclaw-fabryczna-zerniki/usi_rp_6590.json,2026-05-25T02:05:51.075517,2026-06-02T23:12:30.214608,v0.7.0+
rp,/Volumes/Samsam/Public/USIdata/vantage-development-sa/nowy-gaj-wroclaw-krzyki-gaj/usi_rp_7066.json,2026-05-25T02:05:51.078469,2026-06-02T23:12:30.222037,v0.7.0+
rp,/Volumes/Samsam/Public/USIdata/vantage-development-sa/patio-house-wroclaw-fabryczna-pilczyce/usi_rp_4403.json,2026-05-25T02:05:51.080714,2026-06-02T23:12:30.227186,v0.7.0+
rp,/Volumes/Samsam/Public/USIdata/vantage-development-sa/promenady-wroclawskie-etap-ii-i-iii-wroclaw-psie-pole-kleczkow/usi_rp_1647.json,2026-05-25T02:05:51.083496,2026-06-02T23:12:30.232830,v0.7.0+
oto,/Volumes/Samsam/Public/USIdata/vantage-rent/braniborska-58-mieszkania-na-wynajem/usi_oto_4rJZf.json,2026-05-25T02:05:50.989285,2026-05-25T02:05:50.989287,v0.7.0+
oto,/Volumes/Samsam/Public/USIdata/vantage-rent/buforowa-89-mieszkania-na-wynajem/usi_oto_4cpoS.json,2026-05-25T02:05:50.995914,2026-05-25T02:05:50.995916,v0.7.0+
oto,/Volumes/Samsam/Public/USIdata/vantage-rent/czeslawa-niemena-2/usi_oto_4r0fM.json,2026-05-25T02:05:50.999888,2026-05-25T02:05:50.999890,v0.7.0+
oto,/Volumes/Samsam/Public/USIdata/vantage-rent/hawelanska-2/usi_oto_4eL0q.json,2026-05-25T02:05:51.002871,2026-05-25T02:05:51.002873,v0.7.0+
oto,/Volumes/Samsam/Public/USIdata/vantage-rent/legnicka-33-mieszkania-na-wynajem/usi_oto_4bkLY.json,2026-05-25T02:05:51.005568,2026-05-25T02:05:51.005569,v0.7.0+
oto,/Volumes/Samsam/Public/USIdata/vantage-rent/malopanewska-4-mieszkania-na-wynajem/usi_oto_4bkJG.json,2026-05-25T02:05:51.009234,2026-05-25T02:05:51.009235,v0.7.0+
oto,/Volumes/Samsam/Public/USIdata/vantage-rent/piatkowska-92/usi_oto_4km2Z.json,2026-05-25T02:05:51.011831,2026-05-25T02:05:51.011833,v0.7.0+
oto,/Volumes/Samsam/Public/USIdata/vantage-rent/port-popowice-mieszkania-na-wynajem/usi_oto_4j3rb.json,2026-05-25T02:05:51.014349,2026-05-25T02:05:51.014351,v0.7.0+
oto,/Volumes/Samsam/Public/USIdata/vantage-rent/pulaskiego-mieszkania-na-wynajem/usi_oto_4k3WR.json,2026-05-25T02:05:51.016926,2026-05-25T02:05:51.016927,v0.7.0+
oto,/Volumes/Samsam/Public/USIdata/vantage-rent/sienkiewicza-20-mieszkania-na-wynajem/usi_oto_4jcSQ.json,2026-05-25T02:05:51.019363,2026-05-25T02:05:51.019364,v0.7.0+
oto,/Volumes/Samsam/Public/USIdata/vantage-rent/skowronskiego-2/usi_oto_4rlK8.json,2026-05-25T02:05:51.022567,2026-05-25T02:05:51.022568,v0.7.0+
oto,/Volumes/Samsam/Public/USIdata/vantage-rent/skowronskiego-4/usi_oto_4jDSk.json,2026-05-25T02:05:51.026729,2026-05-25T02:05:51.026731,v0.7.0+
oto,/Volumes/Samsam/Public/USIdata/vantage-rent/stepkarska-6a/usi_oto_4zM3w.json,2026-05-25T02:05:51.041853,2026-05-25T02:05:51.041854,v0.7.0+
oto,/Volumes/Samsam/Public/USIdata/vantage-rent/wagrowska-3a/usi_oto_4jF1p.json,2026-05-25T02:05:51.044973,2026-05-25T02:05:51.044974,v0.7.0+
oto,/Volumes/Samsam/Public/USIdata/varitex/osiedle-zuchow/usi_oto_4APfh.json,2026-05-25T02:05:50.977967,2026-05-25T02:05:50.977969,v0.7.0+
oto,/Volumes/Samsam/Public/USIdata/varitex/osiedle-zuchow/usi_oto_67882143.json,2026-05-25T02:05:50.977967,2026-06-02T11:05:27.142035,v0.7.0+
oto,/Volumes/Samsam/Public/USIdata/varitex/stacja-augustow/usi_oto_4xZPW.json,2026-05-25T02:05:50.981783,2026-05-25T02:05:50.981784,v0.7.0+
oto,/Volumes/Samsam/Public/USIdata/varitex/villa-stoki/usi_oto_4znLx.json,2026-05-25T02:05:50.985128,2026-05-25T02:05:50.985130,v0.7.0+
rp,/Volumes/Samsam/Public/USIdata/varitex-sp-z-oo-sp-k/osiedle-zastawna-lodz/usi_rp_13878.json,2026-05-25T02:05:50.956988,2026-06-02T23:12:30.100194,v0.7.0+
rp,/Volumes/Samsam/Public/USIdata/varitex-sp-z-oo-sp-k/osiedle-zuchow-lodz-rokicie/usi_rp_16478.json,2026-05-25T02:05:50.960766,2026-06-02T23:12:30.110737,v0.7.0+
rp,/Volumes/Samsam/Public/USIdata/varitex-sp-z-oo-sp-k/srebrna-ostoja-ogrody-poludnie-konstantynow-lodzki/usi_rp_14221.json,2026-05-25T02:05:50.962992,2026-06-02T23:12:30.117356,v0.7.0+
rp,/Volumes/Samsam/Public/USIdata/varitex-sp-z-oo-sp-k/villa-stoki-beskidzka-109-lodz-dolina-lodki/usi_rp_18024.json,2026-05-25T02:05:50.970736,2026-06-02T23:12:30.137929,v0.7.0+
rp,/Volumes/Samsam/Public/USIdata/varitex-sp-z-oo-sp-k/villa-stoki-lodz-widzew/usi_rp_13937.json,2026-05-25T02:05:50.972849,2026-06-02T23:12:30.144162,v0.7.0+
rp,/Volumes/Samsam/Public/USIdata/vastbouw-polska-sp-z-oo/duo-park-szczecin-bukowo/usi_rp_16890.json,2026-05-25T02:05:50.943194,2026-06-02T23:12:30.070153,v0.7.0+
rp,/Volumes/Samsam/Public/USIdata/vastbouw-polska-sp-z-oo/kutrzeby-12-szczecin-pogodno/usi_rp_14649.json,2026-05-25T02:05:50.946328,2026-06-02T23:12:30.076114,v0.7.0+
rp,/Volumes/Samsam/Public/USIdata/vastbouw-polska-sp-z-oo/oki-doki-szczecin-drzetowo-grabowo/usi_rp_15628.json,2026-05-25T02:05:50.948972,2026-06-02T23:12:30.081530,v0.7.0+
rp,/Volumes/Samsam/Public/USIdata/vastbouw-polska-sp-z-oo/positivo-oltaszyn-wroclaw-oltaszyn/usi_rp_16814.json,2026-05-25T02:05:50.953989,2026-06-02T23:12:30.093342,v0.7.0+
oto,/Volumes/Samsam/Public/USIdata/veridia-development-sp-z-o-o/zielona-krzyszkowicka/usi_oto_4xykE.json,2026-05-25T02:05:50.939028,2026-05-25T02:05:50.939029,v0.7.0+
rp,/Volumes/Samsam/Public/USIdata/verona-building-sp-z-oo/villa-verona-mielno-koszalinski-mielno/usi_rp_13778.json,2026-05-25T02:05:50.929613,2026-06-02T23:12:30.053104,v0.7.0+
oto,/Volumes/Samsam/Public/USIdata/verte-estates/osiedle-lesne-aleje/usi_oto_4pUDh.json,2026-05-25T02:05:50.925668,2026-05-25T02:05:50.925669,v0.7.0+
oto,/Volumes/Samsam/Public/USIdata/vesdom-development-spolka-z-ograniczona-odpowiedzialnoscia/pod-jesionem/usi_oto_4sra8.json,2026-05-25T02:05:50.921304,2026-05-25T02:05:50.921305,v0.7.0+
oto,/Volumes/Samsam/Public/USIdata/vessun-sp-z-o-o/odrzanskie-apartamenty/usi_oto_4x3OH.json,2026-05-25T02:05:50.917497,2026-05-25T02:05:50.917499,v0.7.0+
oto,/Volumes/Samsam/Public/USIdata/vfm-real-estate/stacja-blonie/usi_oto_4zsIJ.json,2026-05-25T02:05:50.906194,2026-05-25T02:05:50.906196,v0.7.0+
oto,/Volumes/Samsam/Public/USIdata/via-polaniecka-sp-z-o-o/via-polaniecka/usi_oto_4AMWp.json,2026-05-25T02:05:50.879302,2026-05-25T02:05:50.879304,v0.7.0+
oto,/Volumes/Samsam/Public/USIdata/via-polaniecka-sp-z-o-o/via-polaniecka/usi_oto_67873223.json,2026-05-25T02:05:50.879302,2026-06-02T11:05:30.772108,v0.7.0+
oto,/Volumes/Samsam/Public/USIdata/victoria-dom/metro-art/usi_oto_4umt4.json,2026-05-25T02:05:50.861630,2026-05-25T02:05:50.861632,v0.7.0+
oto,/Volumes/Samsam/Public/USIdata/victoria-dom/miasteczko-nova-fala/usi_oto_4uGah.json,2026-05-25T02:05:50.866129,2026-05-25T02:05:50.866130,v0.7.0+
oto,/Volumes/Samsam/Public/USIdata/victoria-dom/mista-krakow/usi_oto_4zTk9.json,2026-05-25T02:05:50.869165,2026-05-25T02:05:50.869167,v0.7.0+
oto,/Volumes/Samsam/Public/USIdata/victoria-dom/piastova-osada/usi_oto_4x4N2.json,2026-05-25T02:05:50.872675,2026-05-25T02:05:50.872677,v0.7.0+
oto,/Volumes/Samsam/Public/USIdata/victoria-dom-s-a/miasteczko-julianow/usi_oto_4thxJ.json,2026-05-25T02:05:50.854327,2026-05-25T02:05:50.854329,v0.7.0+
rp,/Volumes/Samsam/Public/USIdata/victoria-dom-sa/kaskada-skorosze-warszawa-ursus-skorosze/usi_rp_2111.json,2026-05-25T02:05:50.709562,2026-06-02T23:12:29.629828,v0.7.0+
rp,/Volumes/Samsam/Public/USIdata/victoria-dom-sa/kwiatowa-polana-warszawa-wawer-nadwisle/usi_rp_1733.json,2026-05-25T02:05:50.713115,2026-06-02T23:12:29.638404,v0.7.0+
rp,/Volumes/Samsam/Public/USIdata/victoria-dom-sa/metro-art-12-warszawa-grochow/usi_rp_20315.json,2026-05-25T02:05:50.722850,2026-06-02T23:12:29.659205,v0.7.0+
rp,/Volumes/Samsam/Public/USIdata/victoria-dom-sa/metro-polczynska-warszawa-bemowo-chrzanow/usi_rp_10746.json,2026-05-25T02:05:50.744732,2026-06-02T23:12:29.703941,v0.7.0+
rp,/Volumes/Samsam/Public/USIdata/victoria-dom-sa/miasteczko-nova-sfera-3-warszawa-zeran/usi_rp_16843.json,2026-05-25T02:05:50.752594,2026-06-02T23:12:29.716651,v0.7.0+
rp,/Volumes/Samsam/Public/USIdata/victoria-dom-sa/miasteczko-nova-sfera-4-warszawa-zeran/usi_rp_20259.json,2026-05-25T02:05:50.755605,2026-06-02T23:12:29.724268,v0.7.0+
rp,/Volumes/Samsam/Public/USIdata/victoria-dom-sa/moja-ochota-warszawa-wlochy-rakow/usi_rp_10177.json,2026-05-25T02:05:50.768506,2026-06-02T23:12:29.746979,v0.7.0+
rp,/Volumes/Samsam/Public/USIdata/victoria-dom-sa/nova-ochota-warszawa-wlochy-okecie/usi_rp_9597.json,2026-05-25T02:05:50.772092,2026-06-02T23:12:29.756913,v0.7.0+
rp,/Volumes/Samsam/Public/USIdata/victoria-dom-sa/ogrody-mehoffera-warszawa-bialoleka-tarchomin/usi_rp_1532.json,2026-05-25T02:05:50.775203,2026-06-02T23:12:29.763140,v0.7.0+
rp,/Volumes/Samsam/Public/USIdata/victoria-dom-sa/ogrody-targowek-warszawa-targowek-brodno-podgrodzie/usi_rp_3738.json,2026-05-25T02:05:50.778006,2026-06-02T23:12:29.769170,v0.7.0+
rp,/Volumes/Samsam/Public/USIdata/victoria-dom-sa/ogrody-victorii-warszawa-bialoleka-tarchomin/usi_rp_2881.json,2026-05-25T02:05:50.781142,2026-06-02T23:12:29.776505,v0.7.0+
rp,/Volumes/Samsam/Public/USIdata/victoria-dom-sa/osiedle-bravo-warszawa-wola-odolany/usi_rp_7160.json,2026-05-25T02:05:50.784255,2026-06-02T23:12:29.782700,v0.7.0+
rp,/Volumes/Samsam/Public/USIdata/victoria-dom-sa/osiedle-classic-iv-warszawa-bialoleka-zeran/usi_rp_7581.json,2026-05-25T02:05:50.786790,2026-06-02T23:12:29.789691,v0.7.0+
rp,/Volumes/Samsam/Public/USIdata/victoria-dom-sa/osiedle-classic-warszawa-bialoleka-zeran/usi_rp_4332.json,2026-05-25T02:05:50.789738,2026-06-02T23:12:29.795703,v0.7.0+
rp,/Volumes/Samsam/Public/USIdata/victoria-dom-sa/osiedle-igrzyskowa-warszawa-bialoleka-nowodwory/usi_rp_654.json,2026-05-25T02:05:50.792664,2026-06-02T23:12:29.802203,v0.7.0+
rp,/Volumes/Samsam/Public/USIdata/victoria-dom-sa/osiedle-mieszko-warszawa-praga-poludnie-grochow/usi_rp_8611.json,2026-05-25T02:05:50.798995,2026-06-02T23:12:29.816974,v0.7.0+
rp,/Volumes/Samsam/Public/USIdata/victoria-dom-sa/osiedle-olesin-warszawa-bialoleka-kobialka/usi_rp_653.json,2026-05-25T02:05:50.802675,2026-06-02T23:12:29.823583,v0.7.0+
rp,/Volumes/Samsam/Public/USIdata/victoria-dom-sa/osiedle-przy-parku-warszawa-targowek-brodno/usi_rp_5163.json,2026-05-25T02:05:50.806029,2026-06-02T23:12:29.832737,v0.7.0+
rp,/Volumes/Samsam/Public/USIdata/victoria-dom-sa/osiedle-talarowa-warszawa-bialoleka-dabrowka-szlachecka/usi_rp_155.json,2026-05-25T02:05:50.809305,2026-06-02T23:12:29.852706,v0.7.0+
rp,/Volumes/Samsam/Public/USIdata/victoria-dom-sa/osiedle-verba-warszawa-praga-poludnie-grochow/usi_rp_7582.json,2026-05-25T02:05:50.812747,2026-06-02T23:12:29.873613,v0.7.0+
rp,/Volumes/Samsam/Public/USIdata/victoria-dom-sa/park-dworski-warszawa-bialoleka-bialoleka-dworska/usi_rp_3828.json,2026-05-25T02:05:50.814974,2026-06-02T23:12:29.886831,v0.7.0+
rp,/Volumes/Samsam/Public/USIdata/victoria-dom-sa/przystanek-praga-warszawa-praga-poludnie-grochow/usi_rp_8319.json,2026-05-25T02:05:50.817315,2026-06-02T23:12:29.894546,v0.7.0+
rp,/Volumes/Samsam/Public/USIdata/victoria-dom-sa/viva-garden-3-warszawa-bialoleka-brzeziny/usi_rp_7510.json,2026-05-25T02:05:50.832210,2026-06-02T23:12:29.936329,v0.7.0+
rp,/Volumes/Samsam/Public/USIdata/victoria-dom-sa/viva-garden-domy-warszawa-bialoleka-brzeziny/usi_rp_4924.json,2026-05-25T02:05:50.834692,2026-06-02T23:12:29.943934,v0.7.0+
to,/Volumes/Samsam/Public/USIdata/victoriadom/mista-krakow-mistrzejowicka-krakow-mistrzejowice-mieszkania-na-sprzedaz/usi_to_9206281.json,2026-05-25T02:04:58.396590,2026-05-25T02:04:58.396593,v0.7.0+
to,/Volumes/Samsam/Public/USIdata/victoriadom/olchowy-park-3-marii-callas-20-20a-warszawa-bialoleka-kobialka-mieszkania-na-sprzedaz/usi_to_9117139.json,2026-05-25T02:04:58.402171,2026-05-25T02:04:58.402174,v0.7.0+
oto,/Volumes/Samsam/Public/USIdata/vidok-investment-spolka-z-ograniczona-odpowiedzialnoscia/vidok-residence/usi_oto_4rkj6.json,2026-05-25T02:05:50.704936,2026-05-25T02:05:50.704938,v0.7.0+
oto,/Volumes/Samsam/Public/USIdata/vigo-1-sp-z-o-o/radosc-wspomnien/usi_oto_4qiVl.json,2026-05-25T02:05:50.701022,2026-05-25T02:05:50.701023,v0.7.0+
oto,/Volumes/Samsam/Public/USIdata/villa/lofty-nad-warta-apartamenty-inwestycyjne/usi_oto_4kosY.json,2026-05-25T02:05:50.691775,2026-05-25T02:05:50.691777,v0.7.0+
oto,/Volumes/Samsam/Public/USIdata/villa/wilkonskich-3/usi_oto_4v1xB.json,2026-05-25T02:05:50.697424,2026-05-25T02:05:50.697426,v0.7.0+
oto,/Volumes/Samsam/Public/USIdata/villa-modrzewie-sp-z-o-o/ostatni-apartament-villa-modrzewie-promocja/usi_oto_49IYj.json,2026-05-25T02:05:50.679124,2026-05-25T02:05:50.679126,v0.7.0+
oto,/Volumes/Samsam/Public/USIdata/villa-park-brodowo-sp-z-o-o/villa-park-brodowo-boisko-plac-zabaw/usi_oto_41whI.json,2026-05-25T02:05:50.674276,2026-05-25T02:05:50.674277,v0.7.0+
rp,/Volumes/Samsam/Public/USIdata/ville-parkowe-sp-z-oo/villa-flora-warszawa-kepa-zawadowska/usi_rp_17684.json,2026-05-25T02:05:50.663774,2026-06-02T23:12:29.595569,v0.7.0+
rp,/Volumes/Samsam/Public/USIdata/ville-parkowe-sp-z-oo/ville-parkowe-ii-warszawa-wilanow-kepa-zawadowska/usi_rp_13547.json,2026-05-25T02:05:50.667793,2026-06-02T23:12:29.603921,v0.7.0+
rp,/Volumes/Samsam/Public/USIdata/ville-parkowe-sp-z-oo/ville-parkowe-iii-warszawa-kepa-zawadowska/usi_rp_14041.json,2026-05-25T02:05:50.670881,2026-06-02T23:12:29.610271,v0.7.0+
rp,/Volumes/Samsam/Public/USIdata/vinci-immobilier/bonifraterska-10a-warszawa-srodmiescie-nowe-miasto/usi_rp_12228.json,2026-05-25T02:05:50.626279,2026-06-02T23:12:29.520571,v0.7.0+
rp,/Volumes/Samsam/Public/USIdata/vinci-immobilier/garbary-68-poznan-osiedle-stare-miasto/usi_rp_15681.json,2026-05-25T02:05:50.629568,2026-06-02T23:12:29.527750,v0.7.0+
rp,/Volumes/Samsam/Public/USIdata/vinci-immobilier/osiedle-wilanowska-warszawa-mokotow-stegny/usi_rp_12230.json,2026-05-25T02:05:50.642875,2026-06-02T23:12:29.556099,v0.7.0+
oto,/Volumes/Samsam/Public/USIdata/vinci-immobilier-polska/premiera-bemowo/usi_oto_4z7AB.json,2026-05-25T02:05:50.619101,2026-05-25T02:05:50.619103,v0.7.0+
oto,/Volumes/Samsam/Public/USIdata/vinci-immobilier-polska/smardzewska-8/usi_oto_4wTvW.json,2026-05-25T02:05:50.623248,2026-05-25T02:05:50.623250,v0.7.0+
oto,/Volumes/Samsam/Public/USIdata/vinci-immobilier-polska-sp-z-o-o/kamienica-garbary-68/usi_oto_4lGHa.json,2026-05-25T02:05:50.603020,2026-05-25T02:05:50.603022,v0.7.0+
oto,/Volumes/Samsam/Public/USIdata/vinci-immobilier-polska-sp-z-o-o/rezydencja-tagore/usi_oto_4sVPO.json,2026-05-25T02:05:50.607035,2026-05-25T02:05:50.607037,v0.7.0+
oto,/Volumes/Samsam/Public/USIdata/vinci-immobilier-polska-sp-z-o-o/wlodarzewska59/usi_oto_4xGkN.json,2026-05-25T02:05:50.610128,2026-05-25T02:05:50.610131,v0.7.0+
oto,/Volumes/Samsam/Public/USIdata/vinci-immobilier-polska-sp-z-o-o/zeromskiego/usi_oto_4t0hf.json,2026-05-25T02:05:50.613965,2026-05-25T02:05:50.613969,v0.7.0+
rp,/Volumes/Samsam/Public/USIdata/vipmat-mazur-mateusz/komorowskiego-corner-bilgoraj/usi_rp_15453.json,2026-05-25T02:05:50.599802,2026-06-02T23:12:29.513072,v0.7.0+
oto,/Volumes/Samsam/Public/USIdata/vision-development/folwark-scheiblera/usi_oto_4yzGd.json,2026-05-25T02:05:50.570600,2026-05-25T02:05:50.570602,v0.7.0+
to,/Volumes/Samsam/Public/USIdata/vision-development/folwark-scheiblera-tymienieckiego-33a-lodz-widzew-apartamenty-na-sprzedaz/usi_to_9178296.json,2026-05-25T02:04:58.374031,2026-05-25T02:04:58.374035,v0.7.0+
oto,/Volumes/Samsam/Public/USIdata/vision-development/maratonska-49/usi_oto_4zbdb.json,2026-05-25T02:05:50.579851,2026-05-25T02:05:50.579852,v0.7.0+
to,/Volumes/Samsam/Public/USIdata/vision-development/maratonska-49-lodz-polesie-retkinia-mieszkania-na-sprzedaz/usi_to_9092903.json,2026-05-25T02:04:58.380632,2026-05-25T02:04:58.380635,v0.7.0+
rp,/Volumes/Samsam/Public/USIdata/vision-development/maratonska-49-nowa-retkinia-lodz/usi_rp_14061.json,2026-05-25T02:05:50.583369,2026-06-02T23:12:29.488053,v0.7.0+
oto,/Volumes/Samsam/Public/USIdata/vision-development/pryncypalna-66/usi_oto_4yzL7.json,2026-05-25T02:05:50.586498,2026-05-25T02:05:50.586500,v0.7.0+
rp,/Volumes/Samsam/Public/USIdata/vision-development/pryncypalna-66-lodz-chojny/usi_rp_18347.json,2026-05-25T02:05:50.589549,2026-06-02T23:12:29.494148,v0.7.0+
rp,/Volumes/Samsam/Public/USIdata/vision-development/rejtana-park-lodz-gorna-gorniak/usi_rp_13504.json,2026-05-25T02:05:50.592305,2026-06-02T23:12:29.500739,v0.7.0+
to,/Volumes/Samsam/Public/USIdata/vision-development/rejtana-park-sebastiana-felsztynskiego-10-lodz-gorna-mieszkania-na-sprzedaz/usi_to_9182222.json,2026-05-25T02:04:58.385155,2026-05-25T02:04:58.385157,v0.7.0+
rp,/Volumes/Samsam/Public/USIdata/vision-development/sasanek-residence-lodz-julianow-marysin-rogi/usi_rp_14466.json,2026-05-25T02:05:50.596074,2026-06-02T23:12:29.507438,v0.7.0+
oto,/Volumes/Samsam/Public/USIdata/vision-development-sp-z-o-o/rejtana-park-w-sercu-miasta-z-parkiem-pod-oknem/usi_oto_4pmXs.json,2026-05-25T02:05:50.556228,2026-05-25T02:05:50.556229,v0.7.0+
oto,/Volumes/Samsam/Public/USIdata/vispro-development-dalila-sobieszczanska/lwowska-33/usi_oto_4Axru.json,2026-05-25T02:05:50.551426,2026-05-25T02:05:50.551428,v0.7.0+
rp,/Volumes/Samsam/Public/USIdata/vista-estates/zacisze-osowiec-mazowieckie-grodziski-osowiec/usi_rp_15193.json,2026-05-25T02:05:50.546459,2026-06-02T23:12:29.473236,v0.7.0+
oto,/Volumes/Samsam/Public/USIdata/vista-property-spolka-z-o-o/zielone-kozmice/usi_oto_4xYEL.json,2026-05-25T02:05:50.541187,2026-05-25T02:05:50.541190,v0.7.0+
oto,/Volumes/Samsam/Public/USIdata/vivarte-s-a/kamienica-plac-grunwaldzki-w-swidnicy/usi_oto_4xHoZ.json,2026-05-25T02:05:50.535682,2026-05-25T02:05:50.535683,v0.7.0+
oto,/Volumes/Samsam/Public/USIdata/vonder-poland-spolka-z-o-o/vonder-uptown/usi_oto_4sem6.json,2026-05-25T02:05:50.531068,2026-05-25T02:05:50.531070,v0.7.0+
oto,/Volumes/Samsam/Public/USIdata/vp-invest-development/bianco-apartments/usi_oto_4yvAa.json,2026-05-25T02:05:50.514960,2026-05-25T02:05:50.514962,v0.7.0+
oto,/Volumes/Samsam/Public/USIdata/vp-invest-development/bianco-apartments-lokale-bezczynszowe-ogrodek-poddasze-nieuzytkowe/usi_oto_4Bt9l.json,2026-05-25T02:05:50.519631,2026-05-25T02:05:50.519632,v0.7.0+
oto,/Volumes/Samsam/Public/USIdata/vp-invest-development/bianco-apartments-lokale-bezczynszowe-ogrodek-poddasze-nieuzytkowe/usi_oto_68035535.json,2026-05-25T02:05:50.519631,2026-06-02T11:04:09.996646,v0.7.0+
oto,/Volumes/Samsam/Public/USIdata/vp-invest-development/modern-apartments/usi_oto_4pPvh.json,2026-05-25T02:05:50.522937,2026-05-25T02:05:50.522939,v0.7.0+
oto,/Volumes/Samsam/Public/USIdata/vp-invest-development/modern-village/usi_oto_4ox2r.json,2026-05-25T02:05:50.525563,2026-05-25T02:05:50.525564,v0.7.0+
oto,/Volumes/Samsam/Public/USIdata/vp-invest-development/zen-apartments-etap-ii/usi_oto_4yttW.json,2026-05-25T02:05:50.528060,2026-05-25T02:05:50.528061,v0.7.0+
oto,/Volumes/Samsam/Public/USIdata/vp-invest-development-zasadowa-sp-z-o-o/classic-apartments/usi_oto_4rziv.json,2026-05-25T02:05:50.511170,2026-05-25T02:05:50.511171,v0.7.0+
oto,/Volumes/Samsam/Public/USIdata/vp-mirtowa-sp-z-o-o/aura-residence-lokale-bezczynszowe-ogrodek-poddasze-nieuzytkowe/usi_oto_68053801.json,2026-06-02T11:03:54.392647,2026-06-02T11:03:54.901701,v0.7.0+
oto,/Volumes/Samsam/Public/USIdata/vp-piotrkowska-96/kamienica-siemensa/usi_oto_4vXBE.json,2026-05-25T02:05:50.504474,2026-05-25T02:05:50.504477,v0.7.0+
oto,/Volumes/Samsam/Public/USIdata/vrd-inwestycje-sp-z-o-o/ogrody-dubois/usi_oto_4yhJW.json,2026-05-25T02:05:50.498557,2026-05-25T02:05:50.498559,v0.7.0+
oto,/Volumes/Samsam/Public/USIdata/w-w-investment-sp-z-o-o/mochtynska/usi_oto_4oXE4.json,2026-05-25T02:05:50.486219,2026-05-25T02:05:50.486221,v0.7.0+
oto,/Volumes/Samsam/Public/USIdata/w-w-investment-sp-z-o-o/zabki-ul-skrajna/usi_oto_4dSnj.json,2026-05-25T02:05:50.489701,2026-05-25T02:05:50.489703,v0.7.0+
oto,/Volumes/Samsam/Public/USIdata/w5-janosz-makuch-spolka-komandytowa/apartamenty-harmonia/usi_oto_4Af7r.json,2026-05-25T02:05:50.482537,2026-05-25T02:05:50.482538,v0.7.0+
oto,/Volumes/Samsam/Public/USIdata/wak-j-development/osiedle-zamoyskiego/usi_oto_4s1g2.json,2026-05-25T02:05:50.478507,2026-05-25T02:05:50.478508,v0.7.0+
oto,/Volumes/Samsam/Public/USIdata/wakom/apartamenty-przy-zakrzowku/usi_oto_4z7GD.json,2026-05-25T02:05:50.473187,2026-05-25T02:05:50.473189,v0.7.0+
oto,/Volumes/Samsam/Public/USIdata/wan-s-a/apartamenty-marymoncka-ii/usi_oto_4sWwA.json,2026-05-25T02:05:50.461249,2026-05-25T02:05:50.461250,v0.7.0+
oto,/Volumes/Samsam/Public/USIdata/wan-s-a/stocznia-residence/usi_oto_4yAB3.json,2026-05-25T02:05:50.465567,2026-05-25T02:05:50.465569,v0.7.0+
rp,/Volumes/Samsam/Public/USIdata/wan-sa/jeziorki-residence-warszawa-ursynow-jeziorki-polnocne/usi_rp_13487.json,2026-05-25T02:05:50.436276,2026-06-02T23:12:29.393620,v0.7.0+
rp,/Volumes/Samsam/Public/USIdata/wan-sa/osiedle-na-zdrowiu-iii-lodz-polesie-zlotno/usi_rp_13351.json,2026-05-25T02:05:50.442926,2026-06-02T23:12:29.409523,v0.7.0+
oto,/Volumes/Samsam/Public/USIdata/warszawskie-wzgorze/warszawskie-wzgorze/usi_oto_4xXCa.json,2026-05-25T02:05:50.408667,2026-05-25T02:05:50.408669,v0.7.0+
oto,/Volumes/Samsam/Public/USIdata/warynski-silesia-sp-z-o-o-sp-k/stacja-ligocka/usi_oto_4AvYz.json,2026-05-25T02:05:50.403729,2026-05-25T02:05:50.403731,v0.7.0+
rp,/Volumes/Samsam/Public/USIdata/wasilewski-developer/apartamenty-baczynskiego-elk/usi_rp_15597.json,2026-05-25T02:05:50.391430,2026-06-02T23:12:29.308158,v0.7.0+
rp,/Volumes/Samsam/Public/USIdata/wasilewski-developer/nowe-miasto-etap-ii-elcki-elk/usi_rp_5503.json,2026-05-25T02:05:50.395733,2026-06-02T23:12:29.315316,v0.7.0+
rp,/Volumes/Samsam/Public/USIdata/wasilewski-developer/nowe-miasto-etap-ix-elk/usi_rp_15592.json,2026-05-25T02:05:50.398470,2026-06-02T23:12:29.323295,v0.7.0+
rp,/Volumes/Samsam/Public/USIdata/wasilewski-developer/osiedle-pogodne-grajewo/usi_rp_15558.json,2026-05-25T02:05:50.400566,2026-06-02T23:12:29.329093,v0.7.0+
oto,/Volumes/Samsam/Public/USIdata/waterfront/bulvar-etap-ii-promocja-majowa-rewolucja-cenowa/usi_oto_4AWfG.json,2026-05-25T02:05:50.384734,2026-05-25T02:05:50.384736,v0.7.0+
oto,/Volumes/Samsam/Public/USIdata/waterfront/bulvar-etap-ii-promocja-majowa-rewolucja-cenowa/usi_oto_67905232.json,2026-05-25T02:05:50.384734,2026-06-02T11:05:19.567821,v0.7.0+
oto,/Volumes/Samsam/Public/USIdata/wawel-development/osiedle-ostrodzka-123/usi_oto_4nzzC.json,2026-05-25T02:05:50.320515,2026-05-25T02:05:50.320517,v0.7.0+
oto,/Volumes/Samsam/Public/USIdata/wawel-development/osiedle-ostrodzka-123-etap-ii/usi_oto_4rl4Z.json,2026-05-25T02:05:50.324287,2026-05-25T02:05:50.324289,v0.7.0+
to,/Volumes/Samsam/Public/USIdata/wawel-development/ostrodzka-123-etap-ii-warszawa-bialoleka-brzeziny-mieszkania-na-sprzedaz/usi_to_8942824.json,2026-05-25T02:04:58.359542,2026-05-25T02:04:58.359544,v0.7.0+
oto,/Volumes/Samsam/Public/USIdata/wawel-development/panorama-ursus/usi_oto_4xBqZ.json,2026-05-25T02:05:50.353267,2026-05-25T02:05:50.353270,v0.7.0+
oto,/Volumes/Samsam/Public/USIdata/wawel-service/bytkowska-3-0/usi_oto_4x70u.json,2026-05-25T02:05:50.270756,2026-05-25T02:05:50.270758,v0.7.0+
oto,/Volumes/Samsam/Public/USIdata/wawel-service/bytkowska-4-0/usi_oto_4x6jD.json,2026-05-25T02:05:50.276201,2026-05-25T02:05:50.276203,v0.7.0+
oto,/Volumes/Samsam/Public/USIdata/wawel-service/enklawa-bukowa/usi_oto_4x6kj.json,2026-05-25T02:05:50.279164,2026-05-25T02:05:50.279166,v0.7.0+
oto,/Volumes/Samsam/Public/USIdata/wawel-service/enklawa-bukowa-ii/usi_oto_4x6hs.json,2026-05-25T02:05:50.282883,2026-05-25T02:05:50.282885,v0.7.0+
oto,/Volumes/Samsam/Public/USIdata/wawel-service/krzemienna/usi_oto_4AY5h.json,2026-05-25T02:05:50.286497,2026-05-25T02:05:50.286499,v0.7.0+
oto,/Volumes/Samsam/Public/USIdata/wawel-service/krzemienna/usi_oto_67916119.json,2026-05-25T02:05:50.286497,2026-06-02T11:05:16.747151,v0.7.0+
oto,/Volumes/Samsam/Public/USIdata/wawel-service/lepkowskiego/usi_oto_4x6Dq.json,2026-05-25T02:05:50.290120,2026-05-25T02:05:50.290121,v0.7.0+
oto,/Volumes/Samsam/Public/USIdata/wawel-service/mikusinskiego-25/usi_oto_4x6s4.json,2026-05-25T02:05:50.293029,2026-05-25T02:05:50.293031,v0.7.0+
oto,/Volumes/Samsam/Public/USIdata/wawel-service/na-koszutce/usi_oto_4x6nR.json,2026-05-25T02:05:50.296270,2026-05-25T02:05:50.296271,v0.7.0+
oto,/Volumes/Samsam/Public/USIdata/wawel-service/na-koszutce-ii/usi_oto_4x6o3.json,2026-05-25T02:05:50.299426,2026-05-25T02:05:50.299427,v0.7.0+
oto,/Volumes/Samsam/Public/USIdata/wawel-service/nowa-namiarkowa/usi_oto_4x6mP.json,2026-05-25T02:05:50.302257,2026-05-25T02:05:50.302259,v0.7.0+
oto,/Volumes/Samsam/Public/USIdata/wawel-service/piasta-park-vi/usi_oto_4x6Do.json,2026-05-25T02:05:50.305075,2026-05-25T02:05:50.305076,v0.7.0+
oto,/Volumes/Samsam/Public/USIdata/wawel-service/semiramis/usi_oto_4x6vY.json,2026-05-25T02:05:50.308484,2026-05-25T02:05:50.308486,v0.7.0+
to,/Volumes/Samsam/Public/USIdata/wawelservice/na-koszutce-ii-sloneczna-1-katowice-srodmiescie-koszutka-mieszkania-na-sprzedaz/usi_to_8907670.json,2026-05-25T02:04:58.347942,2026-06-03T23:09:50.771996,v0.7.0+
to,/Volumes/Samsam/Public/USIdata/wawelservice/piasta-park-vi-osiedle-piastow-63-krakow-mistrzejowice-mieszkania-na-sprzedaz/usi_to_8868157.json,2026-05-25T02:04:58.353051,2026-05-25T02:04:58.353054,v0.7.0+
oto,/Volumes/Samsam/Public/USIdata/wbg-development/kozia-5-bagry-apartments/usi_oto_4xsIs.json,2026-05-25T02:05:50.266194,2026-05-25T02:05:50.266196,v0.7.0+
oto,/Volumes/Samsam/Public/USIdata/wechta-fiz/swiety-marcin-65/usi_oto_4BeGs.json,2026-05-25T02:05:50.252972,2026-05-25T02:05:50.252975,v0.7.0+
oto,/Volumes/Samsam/Public/USIdata/wechta-fiz/swiety-marcin-65/usi_oto_67979928.json,2026-05-25T02:05:50.252972,2026-06-02T11:04:45.135430,v0.7.0+
oto,/Volumes/Samsam/Public/USIdata/wechta-fiz/szyperska-12/usi_oto_4zeGu.json,2026-05-25T02:05:50.258079,2026-05-25T02:05:50.258081,v0.7.0+
oto,/Volumes/Samsam/Public/USIdata/wechta-fiz/szyperska-12-apartamenty-inwestycyjne/usi_oto_4zeGw.json,2026-05-25T02:05:50.262566,2026-05-25T02:05:50.262568,v0.7.0+
oto,/Volumes/Samsam/Public/USIdata/wechta-inwestycje-sp-z-o-o/swiety-marcin-65/usi_oto_4BeGs.json,2026-05-25T02:04:58.343623,2026-05-25T02:04:58.343627,v0.7.0+
rp,/Volumes/Samsam/Public/USIdata/weisenburger-development-sp-z-o-o/leszczynskiego-25-warszawa-golabki/usi_rp_18320.json,2026-05-25T02:05:50.239802,2026-06-02T23:12:29.250434,v0.7.0+
oto,/Volumes/Samsam/Public/USIdata/weisenburger-development-sp-z-o-o/osiedle-pur/usi_oto_4tqUm.json,2026-05-25T02:05:50.246299,2026-05-25T02:05:50.246300,v0.7.0+
rp,/Volumes/Samsam/Public/USIdata/wellsell-estate-psa/porto-di-casa-twoja-przystan-warszawa-okecie/usi_rp_19059.json,2026-05-25T02:05:50.234710,2026-06-02T23:12:29.242401,v0.7.0+
oto,/Volumes/Samsam/Public/USIdata/west-comfort-rutkowska-spolka-komandytowa/dabie-park/usi_oto_4pQUc.json,2026-05-25T02:05:50.216350,2026-05-25T02:05:50.216351,v0.7.0+
oto,/Volumes/Samsam/Public/USIdata/west-comfort-rutkowska-spolka-komandytowa/grand-bulwar/usi_oto_4pQTs.json,2026-05-25T02:05:50.221675,2026-05-25T02:05:50.221677,v0.7.0+
oto,/Volumes/Samsam/Public/USIdata/west-comfort-rutkowska-spolka-komandytowa/rose-park/usi_oto_4pQWb.json,2026-05-25T02:05:50.227751,2026-05-25T02:05:50.227752,v0.7.0+
oto,/Volumes/Samsam/Public/USIdata/west-end-apartments-krzysztof-kasprzyk-spolka-komandytowa/apartamenty-stobrawa-nowa-inwestycja-w-kluczborku/usi_oto_4hyaE.json,2026-05-25T02:05:50.200815,2026-05-25T02:05:50.200817,v0.7.0+
oto,/Volumes/Samsam/Public/USIdata/west-end-apartments-krzysztof-kasprzyk-spolka-komandytowa/nowa-guzikarnia-nowoczesne-apartamenty-loftowe/usi_oto_4l9f2.json,2026-05-25T02:05:50.207374,2026-05-25T02:05:50.207376,v0.7.0+
oto,/Volumes/Samsam/Public/USIdata/west-end-apartments-krzysztof-kasprzyk-spolka-komandytowa/osiedle-wygoda-nowoczesne-osiedle-wsrod-zieleni/usi_oto_43XNV.json,2026-05-25T02:05:50.211537,2026-05-25T02:05:50.211539,v0.7.0+
oto,/Volumes/Samsam/Public/USIdata/westa-investments/podedworze-11/usi_oto_4yyBq.json,2026-05-25T02:05:50.196349,2026-05-25T02:05:50.196352,v0.7.0+
oto,/Volumes/Samsam/Public/USIdata/wewell-wisla/magiczny-horyzont-wisla/usi_oto_4xo5y.json,2026-05-25T02:05:50.185494,2026-05-25T02:05:50.185498,v0.7.0+
rp,/Volumes/Samsam/Public/USIdata/wfh-fundusz-inwestycyjny-zamkniety-aktywow-niepublicznych/sceneria-poznan-lawica/usi_rp_15317.json,2026-05-25T02:05:50.175904,2026-06-02T23:12:29.210181,v0.7.0+
rp,/Volumes/Samsam/Public/USIdata/wfh-fundusz-inwestycyjny-zamkniety-aktywow-niepublicznych/spot-wladyslawowo/usi_rp_17214.json,2026-05-25T02:05:50.182259,2026-06-02T23:12:29.217813,v0.7.0+
oto,/Volumes/Samsam/Public/USIdata/white-stone-development/zielone-zamienie-ix/usi_oto_4sknj.json,2026-05-25T02:05:50.156358,2026-05-25T02:05:50.156360,v0.7.0+
oto,/Volumes/Samsam/Public/USIdata/white-stone-development/zielone-zamienie-viii/usi_oto_4dA6t.json,2026-05-25T02:05:50.163052,2026-05-25T02:05:50.163058,v0.7.0+
oto,/Volumes/Samsam/Public/USIdata/white-stone-development/zielone-zamienie-x/usi_oto_4yyL7.json,2026-05-25T02:05:50.167248,2026-05-25T02:05:50.167250,v0.7.0+
oto,/Volumes/Samsam/Public/USIdata/white-stone-development/zielone-zamienie-xi/usi_oto_4Bp98.json,2026-05-25T02:05:50.171886,2026-05-25T02:05:50.171888,v0.7.0+
oto,/Volumes/Samsam/Public/USIdata/white-stone-development/zielone-zamienie-xi/usi_oto_68020146.json,2026-05-25T02:05:50.171886,2026-06-02T11:04:22.459921,v0.7.0+
rp,/Volumes/Samsam/Public/USIdata/white-stone-development-sp-z-oo/bukovo-park-szczecin-bukowo/usi_rp_19350.json,2026-05-25T02:05:50.107600,2026-06-02T23:12:29.094247,v0.7.0+
rp,/Volumes/Samsam/Public/USIdata/white-stone-development-sp-z-oo/zielone-zamienie-ii-piaseczynski-zamienie/usi_rp_8982.json,2026-05-25T02:05:50.123054,2026-06-02T23:12:29.127823,v0.7.0+
rp,/Volumes/Samsam/Public/USIdata/white-stone-development-sp-z-oo/zielone-zamienie-iii-piaseczynski-zamienie/usi_rp_9905.json,2026-05-25T02:05:50.126453,2026-06-02T23:12:29.135771,v0.7.0+
rp,/Volumes/Samsam/Public/USIdata/white-stone-development-sp-z-oo/zielone-zamienie-iv-piaseczynski-zamienie/usi_rp_11483.json,2026-05-25T02:05:50.129726,2026-06-02T23:12:29.143790,v0.7.0+
rp,/Volumes/Samsam/Public/USIdata/white-stone-development-sp-z-oo/zielone-zamienie-ix-piaseczynski-zamienie/usi_rp_17682.json,2026-05-25T02:05:50.132989,2026-06-02T23:12:29.151443,v0.7.0+
rp,/Volumes/Samsam/Public/USIdata/white-stone-development-sp-z-oo/zielone-zamienie-piaseczynski-zamienie/usi_rp_7911.json,2026-05-25T02:05:50.136283,2026-06-02T23:12:29.158881,v0.7.0+
rp,/Volumes/Samsam/Public/USIdata/white-stone-development-sp-z-oo/zielone-zamienie-viii-piaseczynski-zamienie/usi_rp_16456.json,2026-05-25T02:05:50.145604,2026-06-02T23:12:29.182566,v0.7.0+
rp,/Volumes/Samsam/Public/USIdata/white-stone-development-sp-z-oo/zielone-zamienie-x-piaseczynski-zamienie/usi_rp_19501.json,2026-05-25T02:05:50.148823,2026-06-02T23:12:29.192475,v0.7.0+
rp,/Volumes/Samsam/Public/USIdata/white-stone-development-sp-z-oo/zielone-zamienie-xi-piaseczynski-zamienie/usi_rp_20343.json,2026-05-25T02:05:50.153051,2026-06-02T23:12:29.201599,v0.7.0+
oto,/Volumes/Samsam/Public/USIdata/widin-sp-z-o-o/willa-solipska-1/usi_oto_4o9lP.json,2026-05-25T02:05:50.103080,2026-05-25T02:05:50.103082,v0.7.0+
oto,/Volumes/Samsam/Public/USIdata/widok-800-sp-z-o-o/widok800/usi_oto_4t4pq.json,2026-05-25T02:05:50.098400,2026-05-25T02:05:50.098402,v0.7.0+
oto,/Volumes/Samsam/Public/USIdata/widokowe-tarasy/widokowe-tarasy-kielce-ul-stefana-okrzei-31/usi_oto_4k3tY.json,2026-05-25T02:05:50.083920,2026-05-25T02:05:50.083922,v0.7.0+
oto,/Volumes/Samsam/Public/USIdata/wielicka-polana-s-piwowarczyk-sp-k/michalowice-k-krakowa-ul-za-dworem/usi_oto_4y8i5.json,2026-05-25T02:05:50.079184,2026-05-25T02:05:50.079186,v0.7.0+
rp,/Volumes/Samsam/Public/USIdata/wieniawska-11/wieniawska-11-lublin/usi_rp_14081.json,2026-05-25T02:05:50.075175,2026-06-02T23:12:29.069980,v0.7.0+
to,/Volumes/Samsam/Public/USIdata/wiewiorka-development/nowa-sportowa-brwinow-mieszkania-na-sprzedaz/usi_to_9049285.json,2026-05-25T02:04:58.321627,2026-06-03T23:09:28.508640,v0.7.0+
oto,/Volumes/Samsam/Public/USIdata/wik-development-c-sp-z-o-o/mlody-straszyn/usi_oto_4AF2S.json,2026-05-25T02:05:50.070363,2026-05-25T02:05:50.070365,v0.7.0+
oto,/Volumes/Samsam/Public/USIdata/wik-development-c-sp-z-o-o/mlody-straszyn/usi_oto_67842934.json,2026-05-25T02:05:50.070363,2026-06-02T11:05:41.457725,v0.7.0+
rp,/Volumes/Samsam/Public/USIdata/wikana-sa/delia-park-zamosc/usi_rp_15436.json,2026-05-25T02:05:50.052077,2026-06-02T23:12:29.025239,v0.7.0+
rp,/Volumes/Samsam/Public/USIdata/wikana-sa/factory-park-zamosc/usi_rp_13676.json,2026-05-25T02:05:50.056345,2026-06-02T23:12:29.034039,v0.7.0+
rp,/Volumes/Samsam/Public/USIdata/wikana-sa/klonowe-osiedle-swidnik/usi_rp_17761.json,2026-05-25T02:05:50.059417,2026-06-02T23:12:29.044170,v0.7.0+
rp,/Volumes/Samsam/Public/USIdata/wikana-sa/niecala-7-lublin/usi_rp_15432.json,2026-05-25T02:05:50.062526,2026-06-02T23:12:29.053360,v0.7.0+
rp,/Volumes/Samsam/Public/USIdata/wikana-sa/nowe-bronowice-lublin/usi_rp_13364.json,2026-05-25T02:05:50.066471,2026-06-02T23:12:29.062265,v0.7.0+
oto,/Volumes/Samsam/Public/USIdata/wiksbud-development-sieradzki-spolka-komandytowa/dobrzynska-park-budynki-mieszkalne-jednorodzinne/usi_oto_4fFLU.json,2026-05-25T02:05:50.035140,2026-05-25T02:05:50.035142,v0.7.0+
oto,/Volumes/Samsam/Public/USIdata/wiksbud-development-sieradzki-spolka-komandytowa/osiedle-nowa-23-brzesc-kujawski/usi_oto_4zBaH.json,2026-05-25T02:05:50.039762,2026-05-25T02:05:50.039764,v0.7.0+
oto,/Volumes/Samsam/Public/USIdata/wiksbud-development-sieradzki-spolka-komandytowa/osiedle-zakatek-w-rypinie/usi_oto_4kgne.json,2026-05-25T02:05:50.044805,2026-05-25T02:05:50.044808,v0.7.0+
oto,/Volumes/Samsam/Public/USIdata/wiksbud-development-sieradzki-spolka-komandytowa/osiedle-zeromskiego-w-lipnie/usi_oto_4aRvz.json,2026-05-25T02:05:50.048614,2026-05-25T02:05:50.048617,v0.7.0+
rp,/Volumes/Samsam/Public/USIdata/willbud-sp-z-oo-sp-k/janowo-park-ii-rumia/usi_rp_15311.json,2026-05-25T02:05:50.019711,2026-06-02T23:12:28.990606,v0.7.0+
rp,/Volumes/Samsam/Public/USIdata/willbud-sp-z-oo-sp-k/osiedle-gdynia-wiczlino-ii-gdynia-chwarzno-wiczlino/usi_rp_15318.json,2026-05-25T02:05:50.025822,2026-06-02T23:12:28.998807,v0.7.0+
rp,/Volumes/Samsam/Public/USIdata/willbud-sp-z-oo-sp-k/osiedle-pogodne-etap-i-puck/usi_rp_16214.json,2026-05-25T02:05:50.031016,2026-06-02T23:12:29.012583,v0.7.0+
oto,/Volumes/Samsam/Public/USIdata/willbud-spolka-komandytowo-akcyjna/osiedle-janowo-park-iii/usi_oto_4reF5.json,2026-05-25T02:05:50.008960,2026-05-25T02:05:50.008961,v0.7.0+
oto,/Volumes/Samsam/Public/USIdata/willbud-spolka-komandytowo-akcyjna/osiedle-pogodne/usi_oto_4rey2.json,2026-05-25T02:05:50.013818,2026-05-25T02:05:50.013820,v0.7.0+
oto,/Volumes/Samsam/Public/USIdata/wille-juszkowo-sp-z-o-o/domy-dla-rodziny-osiedle-wzgorze-raduni-straszyn/usi_oto_40PO8.json,2026-05-25T02:05:50.001866,2026-05-25T02:05:50.001868,v0.7.0+
oto,/Volumes/Samsam/Public/USIdata/wille-juszkowo-sp-z-o-o/wille-juszkowo/usi_oto_3n3io.json,2026-05-25T02:05:50.006103,2026-05-25T02:05:50.006105,v0.7.0+
oto,/Volumes/Samsam/Public/USIdata/wille-miejskie-i-sp-z-o-o/fifna-kamienica/usi_oto_4yvgV.json,2026-05-25T02:05:49.996891,2026-05-25T02:05:49.996892,v0.7.0+
oto,/Volumes/Samsam/Public/USIdata/wille-miejskie-spolka-z-ograniczona-odpowiedzialnoscia/inwestycja-eko-wawer-etap-1/usi_oto_4zC5r.json,2026-05-25T02:05:49.990982,2026-05-25T02:05:49.990984,v0.7.0+
oto,/Volumes/Samsam/Public/USIdata/willowa-ii-sp-z-o-o/osiedle-daliowa-ii/usi_oto_4r3b3.json,2026-05-25T02:05:49.974971,2026-05-25T02:05:49.974972,v0.7.0+
oto,/Volumes/Samsam/Public/USIdata/wiolbet-jacek-pietrucha/budynek-wielorodzinny-w-osnie-lubuskim/usi_oto_4rLUz.json,2026-05-25T02:05:49.970706,2026-05-25T02:05:49.970708,v0.7.0+
rp,/Volumes/Samsam/Public/USIdata/wisdomic-home-sp-z-oo-sp-k/aleja-debowa-ii-krakow-podgorze/usi_rp_17372.json,2026-05-25T02:05:49.962220,2026-06-02T23:12:28.966813,v0.7.0+
rp,/Volumes/Samsam/Public/USIdata/wisdomic-home-sp-z-oo-sp-k/aleja-debowa-iii-domy-krakow-podgorze/usi_rp_18238.json,2026-05-25T02:05:49.965590,2026-06-02T23:12:28.975120,v0.7.0+
oto,/Volumes/Samsam/Public/USIdata/wisniewscy-com-inwestycje/skceno-idealne-do-zamieszkania/usi_oto_4qO4W.json,2026-05-25T02:05:49.954051,2026-05-25T02:05:49.954053,v0.7.0+
oto,/Volumes/Samsam/Public/USIdata/wisniewscy-com-inwestycje/villa-helena/usi_oto_4qnTa.json,2026-05-25T02:05:49.958500,2026-05-25T02:05:49.958502,v0.7.0+
rp,/Volumes/Samsam/Public/USIdata/wjap-invest/nowa-dzielnica-busko-zdroj/usi_rp_15376.json,2026-05-25T02:05:49.950117,2026-06-02T23:12:28.958455,v0.7.0+
oto,/Volumes/Samsam/Public/USIdata/wl-inwest/apartamentowiec-szaserow-46/usi_oto_4qO4d.json,2026-05-25T02:05:49.932283,2026-05-25T02:05:49.932285,v0.7.0+
rp,/Volumes/Samsam/Public/USIdata/wl-inwest/osiedle-nowa-stuletnia-ii-warszawa-szamocin/usi_rp_17766.json,2026-05-25T02:05:49.940482,2026-06-02T23:12:28.935390,v0.7.0+
rp,/Volumes/Samsam/Public/USIdata/wl-inwest/osiedle-nowa-stuletnia-warszawa-szamocin/usi_rp_16825.json,2026-05-25T02:05:49.944621,2026-06-02T23:12:28.942673,v0.7.0+
rp,/Volumes/Samsam/Public/USIdata/wl-inwest/osiedle-zywiczna-warszawa-henrykow/usi_rp_17858.json,2026-05-25T02:05:49.947634,2026-06-02T23:12:28.950211,v0.7.0+
oto,/Volumes/Samsam/Public/USIdata/wlodar-developer-spolka-jawna/dom-premium-blizniak-lisiniec/usi_oto_4awDN.json,2026-05-25T02:05:49.914583,2026-05-25T02:05:49.914585,v0.7.0+
oto,/Volumes/Samsam/Public/USIdata/wlodar-developer-spolka-jawna/inwestycja-poleska-60-parkitka/usi_oto_4qgK7.json,2026-05-25T02:05:49.919366,2026-05-25T02:05:49.919368,v0.7.0+
oto,/Volumes/Samsam/Public/USIdata/wlodar-developer-spolka-jawna/okulickiego-park-parkitka/usi_oto_4aXlJ.json,2026-05-25T02:05:49.923567,2026-05-25T02:05:49.923569,v0.7.0+
oto,/Volumes/Samsam/Public/USIdata/wm-development/nova-jagiellonki/usi_oto_4sitG.json,2026-05-25T02:05:49.911157,2026-05-25T02:05:49.911159,v0.7.0+
rp,/Volumes/Samsam/Public/USIdata/wm3-sp-z-oo/ustka-flow-ustka/usi_rp_20352.json,2026-05-25T02:05:49.906746,2026-06-02T23:12:28.906596,v0.7.0+
oto,/Volumes/Samsam/Public/USIdata/wojas-development/praga-studio/usi_oto_4ooSV.json,2026-05-25T02:05:49.897726,2026-05-25T02:05:49.897728,v0.7.0+
oto,/Volumes/Samsam/Public/USIdata/wojas-development/wisniowe-wzgorza/usi_oto_4ru7f.json,2026-05-25T02:05:49.902457,2026-05-25T02:05:49.902458,v0.7.0+
rp,/Volumes/Samsam/Public/USIdata/wojas-development-sp-z-oo/dom-na-mariackiej-radom/usi_rp_16604.json,2026-05-25T02:05:49.885212,2026-06-02T23:12:28.871737,v0.7.0+
rp,/Volumes/Samsam/Public/USIdata/wojas-development-sp-z-oo/wisniowe-wzgorza-kielecki-wisniowka/usi_rp_14626.json,2026-05-25T02:05:49.894851,2026-06-02T23:12:28.898068,v0.7.0+
oto,/Volumes/Samsam/Public/USIdata/wpb-rombud-sp-z-o-o/szczytno-dabrowskiego-2-blok/usi_oto_4bffV.json,2026-05-25T02:05:49.876033,2026-05-25T02:05:49.876035,v0.7.0+
rp,/Volumes/Samsam/Public/USIdata/wpb-rombud-sp-z-oo/szczytno-dabrowskiego-etap-2-szczytno/usi_rp_16132.json,2026-05-25T02:05:49.861596,2026-06-02T23:12:28.831489,v0.7.0+
rp,/Volumes/Samsam/Public/USIdata/wpb-rombud-sp-z-oo/szczytno-dabrowskiego-etap-3-szczytno/usi_rp_19445.json,2026-05-25T02:05:49.866756,2026-06-02T23:12:28.841606,v0.7.0+
rp,/Volumes/Samsam/Public/USIdata/wpb-rombud-sp-z-oo/tuwima-park-olsztyn/usi_rp_15608.json,2026-05-25T02:05:49.870250,2026-06-02T23:12:28.847933,v0.7.0+
rp,/Volumes/Samsam/Public/USIdata/wpb-rombud-sp-z-oo/villa-symfonia-olsztyn/usi_rp_14493.json,2026-05-25T02:05:49.873403,2026-06-02T23:12:28.854885,v0.7.0+
oto,/Volumes/Samsam/Public/USIdata/wpbm-moj-dom/pixel-house/usi_oto_4t1tx.json,2026-05-25T02:05:49.856402,2026-05-25T02:05:49.856404,v0.7.0+
rp,/Volumes/Samsam/Public/USIdata/wravia/dobre-miejsce-waniliowa-wroclaw-lipa-piotrowska/usi_rp_20374.json,2026-06-02T10:52:57.783543,2026-06-02T23:12:28.822519,v0.7.0+
oto,/Volumes/Samsam/Public/USIdata/wravia-sp-z-o-o/dobre-miejsce-waniliowa-36-mieszkan-lipa-piotrowska/usi_oto_4zvMj.json,2026-05-25T02:05:49.852070,2026-05-25T02:05:49.852072,v0.7.0+
oto,/Volumes/Samsam/Public/USIdata/wrobud/jodlowicka-5/usi_oto_4sWye.json,2026-05-25T02:05:49.847319,2026-05-25T02:05:49.847321,v0.7.0+
oto,/Volumes/Samsam/Public/USIdata/wrobud-sp-z-o-o/jodlowicka-5/usi_oto_4yIOB.json,2026-05-25T02:05:49.842898,2026-05-25T02:05:49.842900,v0.7.0+
oto,/Volumes/Samsam/Public/USIdata/wroclaw-investment-steel-apartments-sp-z-o-o/stalowa-76-ponadczasowa-elegancja/usi_oto_4BquI.json,2026-05-25T02:05:49.825528,2026-05-25T02:05:49.825529,v0.7.0+
oto,/Volumes/Samsam/Public/USIdata/wroclaw-investment-steel-apartments-sp-z-o-o/stalowa-76-ponadczasowa-elegancja/usi_oto_68025328.json,2026-05-25T02:05:49.825528,2026-06-02T11:04:18.998563,v0.7.0+
rp,/Volumes/Samsam/Public/USIdata/wroclawskie-przedsiebiorstwo-budowlane-sp-z-o-o/dozynkowa-ii-wroclaw-krzyki-klecina/usi_rp_3753.json,2026-05-25T02:05:49.776064,2026-06-02T23:12:28.610727,v0.7.0+
rp,/Volumes/Samsam/Public/USIdata/wroclawskie-przedsiebiorstwo-budowlane-sp-z-o-o/jutrzenki-ii-wroclaw-krzyki-klecina/usi_rp_6923.json,2026-05-25T02:05:49.781070,2026-06-02T23:12:28.687296,v0.7.0+
rp,/Volumes/Samsam/Public/USIdata/wroclawskie-przedsiebiorstwo-budowlane-sp-z-o-o/kepa-lesnicka-ii-wroclaw-fabryczna-lesnica/usi_rp_9495.json,2026-05-25T02:05:49.786708,2026-06-02T23:12:28.703295,v0.7.0+
rp,/Volumes/Samsam/Public/USIdata/wroclawskie-przedsiebiorstwo-budowlane-sp-z-o-o/kielecka-14-wroclaw-fabryczna-zlotniki/usi_rp_8668.json,2026-05-25T02:05:49.789202,2026-06-02T23:12:28.709894,v0.7.0+
rp,/Volumes/Samsam/Public/USIdata/wroclawskie-przedsiebiorstwo-budowlane-sp-z-o-o/kowarzyka-etap-i-wroclaw-psie-pole-poswietne/usi_rp_8142.json,2026-05-25T02:05:49.791531,2026-06-02T23:12:28.716537,v0.7.0+
rp,/Volumes/Samsam/Public/USIdata/wroclawskie-przedsiebiorstwo-budowlane-sp-z-o-o/kowarzyka-etap-ii-wroclaw-psie-pole-poswietne/usi_rp_9400.json,2026-05-25T02:05:49.794503,2026-06-02T23:12:28.724363,v0.7.0+
rp,/Volumes/Samsam/Public/USIdata/wroclawskie-przedsiebiorstwo-budowlane-sp-z-o-o/obornicka-99-wroclaw-psie-pole-rozanka/usi_rp_4646.json,2026-05-25T02:05:49.797954,2026-06-02T23:12:28.730717,v0.7.0+
rp,/Volumes/Samsam/Public/USIdata/wroclawskie-przedsiebiorstwo-budowlane-sp-z-o-o/osada-lesna-przystan-wroclaw-psie-pole-osobowice/usi_rp_10671.json,2026-05-25T02:05:49.801104,2026-06-02T23:12:28.738552,v0.7.0+
rp,/Volumes/Samsam/Public/USIdata/wroclawskie-przedsiebiorstwo-budowlane-sp-z-o-o/osiedle-dozynkowa-wroclaw-krzyki-klecina/usi_rp_1453.json,2026-05-25T02:05:49.805289,2026-06-02T23:12:28.745948,v0.7.0+
rp,/Volumes/Samsam/Public/USIdata/wroclawskie-przedsiebiorstwo-budowlane-sp-z-o-o/osiedle-literackie-wroclaw-fabryczna-muchobor-wielki/usi_rp_627.json,2026-05-25T02:05:49.812086,2026-06-02T23:12:28.763536,v0.7.0+
rp,/Volumes/Samsam/Public/USIdata/wroclawskie-przedsiebiorstwo-budowlane-sp-z-o-o/osiedle-uroczysko-wroclaw-psie-pole-soltysowice/usi_rp_9950.json,2026-05-25T02:05:49.814375,2026-06-02T23:12:28.771401,v0.7.0+
rp,/Volumes/Samsam/Public/USIdata/wroclawskie-przedsiebiorstwo-budowlane-sp-z-o-o/wille-przy-potokowej-wroclaw-fabryczna-maslice/usi_rp_628.json,2026-05-25T02:05:49.819448,2026-06-02T23:12:28.784611,v0.7.0+
oto,/Volumes/Samsam/Public/USIdata/wrodombud-developer/brylantowa-21/usi_oto_4rfMj.json,2026-05-25T02:05:49.768507,2026-05-25T02:05:49.768509,v0.7.0+
oto,/Volumes/Samsam/Public/USIdata/ws-deweloper-sp-z-o-o/plockie-zacisze/usi_oto_4tzg7.json,2026-05-25T02:05:49.761662,2026-05-25T02:05:49.761664,v0.7.0+
oto,/Volumes/Samsam/Public/USIdata/ws-deweloper-sp-z-o-o/plockie-zacisze-etap-ii/usi_oto_4zref.json,2026-05-25T02:05:49.765379,2026-05-25T02:05:49.765380,v0.7.0+
oto,/Volumes/Samsam/Public/USIdata/wsm-dom-spolka-cywilna-slawomir-szreder-mariusz-szreder/klimaty-baltyku/usi_oto_4nPiA.json,2026-05-25T02:05:49.757910,2026-05-25T02:05:49.757911,v0.7.0+
oto,/Volumes/Samsam/Public/USIdata/wtk-invest/in-city/usi_oto_4t9Vr.json,2026-05-25T02:05:49.753859,2026-05-25T02:05:49.753861,v0.7.0+
oto,/Volumes/Samsam/Public/USIdata/ww-development-wrobel-wierzba-spolka-jawna/aparthotel-bialka-tatrzanska/usi_oto_4tG6q.json,2026-05-25T02:05:49.749183,2026-05-25T02:05:49.749185,v0.7.0+
rp,/Volumes/Samsam/Public/USIdata/ww-investment-sp-z-oo/mochtynska-warszawa-kobialka/usi_rp_17235.json,2026-05-25T02:05:49.739764,2026-06-02T23:12:28.578594,v0.7.0+
rp,/Volumes/Samsam/Public/USIdata/ww-investment-sp-z-oo/skrajna-bud-a2-ii-etap-zabki/usi_rp_15928.json,2026-05-25T02:05:49.745411,2026-06-02T23:12:28.594801,v0.7.0+
oto,/Volumes/Samsam/Public/USIdata/wypoczynkowa-residence/wypoczynkowa-residence/usi_oto_4xcvQ.json,2026-05-25T02:05:49.735316,2026-05-25T02:05:49.735317,v0.7.0+
rp,/Volumes/Samsam/Public/USIdata/wyspa-solna-sp-z-oo/wyspa-solna-etap-iii-budynek-a-kolobrzeg/usi_rp_13932.json,2026-05-25T02:05:49.731259,2026-06-02T23:12:28.569138,v0.7.0+
to,/Volumes/Samsam/Public/USIdata/xenakis/prado-wojska-polskiego-katowice-piotrowice-ochojec-mieszkania-na-sprzedaz/usi_to_9108224.json,2026-05-25T02:04:58.296450,2026-06-03T23:08:34.364777,v0.7.0+
to,/Volumes/Samsam/Public/USIdata/xenakis/wzgorze-hugona-wisniowa-swietochlowice-mieszkania-na-sprzedaz/usi_to_9108216.json,2026-05-25T02:04:58.303324,2026-06-03T23:08:58.733974,v0.7.0+
oto,/Volumes/Samsam/Public/USIdata/xenakis-development/na-skalce/usi_oto_4ctT4.json,2026-05-25T02:05:49.709732,2026-05-25T02:05:49.709733,v0.7.0+
oto,/Volumes/Samsam/Public/USIdata/xenakis-development/osiedle-ogrodowe-ruda-slaska-swietochlowice/usi_oto_3T348.json,2026-05-25T02:05:49.714498,2026-05-25T02:05:49.714500,v0.7.0+
oto,/Volumes/Samsam/Public/USIdata/xenakis-development/poludniowy-zakatek/usi_oto_4t5OL.json,2026-05-25T02:05:49.717861,2026-05-25T02:05:49.717863,v0.7.0+
oto,/Volumes/Samsam/Public/USIdata/xenakis-development/prado-katowice/usi_oto_4q9aJ.json,2026-05-25T02:05:49.721743,2026-05-25T02:05:49.721747,v0.7.0+
oto,/Volumes/Samsam/Public/USIdata/xenakis-development/wzgorze-hugona/usi_oto_47Lu9.json,2026-05-25T02:05:49.726250,2026-05-25T02:05:49.726254,v0.7.0+
rp,/Volumes/Samsam/Public/USIdata/xenakis-development-sp-z-o-o-sp-k/wzgorze-hugona-swietochlowice/usi_rp_15752.json,2026-05-25T02:05:49.705383,2026-06-02T23:12:28.560131,v0.7.0+
oto,/Volumes/Samsam/Public/USIdata/yard-development-sp-z-o-o-sp-k/szamarzewskiego-43/usi_oto_4hahT.json,2026-05-25T02:05:49.694450,2026-05-25T02:05:49.694451,v0.7.0+
oto,/Volumes/Samsam/Public/USIdata/yareal-polska/enso-wilanow/usi_oto_4nBY5.json,2026-05-25T02:05:49.683830,2026-05-25T02:05:49.683832,v0.7.0+
oto,/Volumes/Samsam/Public/USIdata/yareal-polska/mokopolis/usi_oto_4qHbq.json,2026-05-25T02:05:49.686751,2026-05-25T02:05:49.686752,v0.7.0+
oto,/Volumes/Samsam/Public/USIdata/yareal-polska/neowo-2/usi_oto_4rLVO.json,2026-05-25T02:05:49.689285,2026-05-25T02:05:49.689286,v0.7.0+
oto,/Volumes/Samsam/Public/USIdata/yareal-polska/soho/usi_oto_4kCNY.json,2026-05-25T02:05:49.691717,2026-05-25T02:05:49.691718,v0.7.0+
rp,/Volumes/Samsam/Public/USIdata/yareal-polska-sp-z-o-o/rezydencja-plac-kaszubski-gdynia/usi_rp_13116.json,2026-05-25T02:05:49.663330,2026-06-02T23:12:28.501498,v0.7.0+
rp,/Volumes/Samsam/Public/USIdata/ygo-sc/moja-kameliowa-piaseczynski-jozefoslaw/usi_rp_17120.json,2026-05-25T02:05:49.613102,2026-06-02T23:12:28.403178,v0.7.0+
oto,/Volumes/Samsam/Public/USIdata/yit-development/aroma-park-lofty/usi_oto_4zHXp.json,2026-05-25T02:05:49.564218,2026-05-25T02:05:49.564219,v0.7.0+
oto,/Volumes/Samsam/Public/USIdata/yit-development/meri-apartamenty/usi_oto_4zH0w.json,2026-05-25T02:05:49.567887,2026-05-25T02:05:49.567888,v0.7.0+
oto,/Volumes/Samsam/Public/USIdata/yit-development/nordic-bemowo/usi_oto_4txXb.json,2026-05-25T02:05:49.571460,2026-05-25T02:05:49.571462,v0.7.0+
oto,/Volumes/Samsam/Public/USIdata/yit-development/nordic-bemowo-iv/usi_oto_4zGWa.json,2026-05-25T02:05:49.575909,2026-05-25T02:05:49.575911,v0.7.0+
oto,/Volumes/Samsam/Public/USIdata/yit-development/nordic-gorka-narodowa/usi_oto_4zGUJ.json,2026-05-25T02:05:49.580249,2026-05-25T02:05:49.580250,v0.7.0+
oto,/Volumes/Samsam/Public/USIdata/yit-development/nordic-powstancow-slaskich/usi_oto_4zGSW.json,2026-05-25T02:05:49.585294,2026-05-25T02:05:49.585295,v0.7.0+
oto,/Volumes/Samsam/Public/USIdata/yit-development/portowa-zablocie/usi_oto_4tnit.json,2026-05-25T02:05:49.588426,2026-05-25T02:05:49.588427,v0.7.0+
oto,/Volumes/Samsam/Public/USIdata/yit-development/rakoczego-17/usi_oto_4zI5w.json,2026-05-25T02:05:49.591231,2026-05-25T02:05:49.591233,v0.7.0+
oto,/Volumes/Samsam/Public/USIdata/yit-development/spokojny-mokotow/usi_oto_4tngs.json,2026-05-25T02:05:49.594786,2026-05-25T02:05:49.594787,v0.7.0+
oto,/Volumes/Samsam/Public/USIdata/yit-development/spokojny-mokotow-ii/usi_oto_4zH31.json,2026-05-25T02:05:49.598644,2026-05-25T02:05:49.598646,v0.7.0+
oto,/Volumes/Samsam/Public/USIdata/yit-development/talarowa-park/usi_oto_4zHK5.json,2026-05-25T02:05:49.601097,2026-05-25T02:05:49.601098,v0.7.0+
oto,/Volumes/Samsam/Public/USIdata/yit-development/talarowa-park-ii/usi_oto_4zHIU.json,2026-05-25T02:05:49.605118,2026-05-25T02:05:49.605119,v0.7.0+
oto,/Volumes/Samsam/Public/USIdata/yit-development/zurawie/usi_oto_4eB5O.json,2026-05-25T02:05:49.608207,2026-05-25T02:05:49.608208,v0.7.0+
oto,/Volumes/Samsam/Public/USIdata/yit-development/zurawie-ii-apartamenty-inwestycyjne/usi_oto_4tnir.json,2026-05-25T02:05:49.610681,2026-05-25T02:05:49.610682,v0.7.0+
rp,/Volumes/Samsam/Public/USIdata/yit-development-sp-z-oo/aroma-park-warszawa-bialoleka-henrykow/usi_rp_8511.json,2026-05-25T02:05:49.488279,2026-06-02T23:12:28.267727,v0.7.0+
rp,/Volumes/Samsam/Public/USIdata/yit-development-sp-z-oo/dom-mehoffera-warszawa-bialoleka-nowodwory/usi_rp_12051.json,2026-05-25T02:05:49.491351,2026-06-02T23:12:28.277334,v0.7.0+
rp,/Volumes/Samsam/Public/USIdata/yit-development-sp-z-oo/nordic-bemowo-domy-warszawa-chrzanow/usi_rp_19440.json,2026-05-25T02:05:49.496920,2026-06-02T23:12:28.292583,v0.7.0+
rp,/Volumes/Samsam/Public/USIdata/yit-development-sp-z-oo/nordic-bemowo-etap-iv-warszawa-chrzanow/usi_rp_19439.json,2026-05-25T02:05:49.504641,2026-06-02T23:12:28.305970,v0.7.0+
rp,/Volumes/Samsam/Public/USIdata/yit-development-sp-z-oo/nordic-bemowo-warszawa-chrzanow/usi_rp_16226.json,2026-05-25T02:05:49.508691,2026-06-02T23:12:28.311903,v0.7.0+
rp,/Volumes/Samsam/Public/USIdata/yit-development-sp-z-oo/nordic-mokotow-etap-iii-warszawa-mokotow-stegny/usi_rp_8673.json,2026-05-25T02:05:49.525508,2026-06-02T23:12:28.324328,v0.7.0+
rp,/Volumes/Samsam/Public/USIdata/yit-development-sp-z-oo/nordic-mokotow-warszawa-mokotow-stegny/usi_rp_7470.json,2026-05-25T02:05:49.528072,2026-06-02T23:12:28.330302,v0.7.0+
rp,/Volumes/Samsam/Public/USIdata/yit-development-sp-z-oo/nordic-powstancow-slaskich-warszawa-bemowo-lotnisko/usi_rp_19441.json,2026-05-25T02:05:49.531016,2026-06-02T23:12:28.336582,v0.7.0+
rp,/Volumes/Samsam/Public/USIdata/yuin/harfowa-residence-warszawa-szczesliwice/usi_rp_15983.json,2026-05-25T02:05:49.472470,2026-06-02T23:12:28.240790,v0.7.0+
rp,/Volumes/Samsam/Public/USIdata/yuniversal-development/baletowa-warszawa-jeziorki-polnocne/usi_rp_16773.json,2026-05-25T02:05:49.445417,2026-06-02T23:12:28.187533,v0.7.0+
oto,/Volumes/Samsam/Public/USIdata/yuniversal-development/biala-kamienica/usi_oto_4obg1.json,2026-05-25T02:04:58.276332,2026-05-25T02:04:58.276335,v0.7.0+
rp,/Volumes/Samsam/Public/USIdata/yuniversal-development/dzwonova-lodz-ruda/usi_rp_14586.json,2026-05-25T02:05:49.452290,2026-06-02T23:12:28.202990,v0.7.0+
oto,/Volumes/Samsam/Public/USIdata/yuniversal-development/karolewska/usi_oto_4rzFE.json,2026-05-25T02:05:49.457851,2026-05-25T02:05:49.457853,v0.7.0+
rp,/Volumes/Samsam/Public/USIdata/yuniversal-development/karolewska-60-lodz-karolew-retkinia-wschod/usi_rp_17864.json,2026-05-25T02:05:49.461455,2026-06-02T23:12:28.219432,v0.7.0+
oto,/Volumes/Samsam/Public/USIdata/yuniversal-development/strumykowa/usi_oto_4rzFB.json,2026-05-25T02:05:49.464522,2026-05-25T02:05:49.464524,v0.7.0+
oto,/Volumes/Samsam/Public/USIdata/yuniversal-development-sp-z-o-o/biala-kamienica/usi_oto_4B8xd.json,2026-05-25T02:05:49.426199,2026-05-25T02:05:49.426201,v0.7.0+
oto,/Volumes/Samsam/Public/USIdata/yuniversal-development-sp-z-o-o/biala-kamienica/usi_oto_67956291.json,2026-05-25T02:05:49.426199,2026-06-02T11:04:58.326143,v0.7.0+
oto,/Volumes/Samsam/Public/USIdata/yuniversal-development-sp-z-o-o/karolewska-60/usi_oto_4BqCy.json,2026-05-25T02:05:49.434194,2026-05-25T02:05:49.434200,v0.7.0+
oto,/Volumes/Samsam/Public/USIdata/yuniversal-development-sp-z-o-o/karolewska-60/usi_oto_68025814.json,2026-05-25T02:05:49.434194,2026-06-02T11:04:18.349216,v0.7.0+
oto,/Volumes/Samsam/Public/USIdata/yuniversal-development-sp-z-o-o/strumykowa/usi_oto_4Aei0.json,2026-05-25T02:05:49.438981,2026-05-25T02:05:49.438983,v0.7.0+
oto,/Volumes/Samsam/Public/USIdata/yuniversal-podlaski-sp-z-o-o/apart-hotel/usi_oto_4oj07.json,2026-05-25T02:05:49.409792,2026-05-25T02:05:49.409794,v0.7.0+
oto,/Volumes/Samsam/Public/USIdata/yuniversal-podlaski-sp-z-o-o/apart-warszawska/usi_oto_4zRBG.json,2026-05-25T02:05:49.413661,2026-05-25T02:05:49.413663,v0.7.0+
oto,/Volumes/Samsam/Public/USIdata/yuniversal-podlaski-sp-z-o-o/huzar/usi_oto_4q9SH.json,2026-05-25T02:05:49.416490,2026-05-25T02:05:49.416492,v0.7.0+
oto,/Volumes/Samsam/Public/USIdata/yuniversal-podlaski-sp-z-o-o/urok-jagienki/usi_oto_4A8jo.json,2026-05-25T02:05:49.419552,2026-05-25T02:05:49.419554,v0.7.0+
oto,/Volumes/Samsam/Public/USIdata/yuniversal-podlaski-sp-z-o-o/zalesie/usi_oto_4tpjZ.json,2026-05-25T02:05:49.422502,2026-05-25T02:05:49.422504,v0.7.0+
rp,/Volumes/Samsam/Public/USIdata/yuniversal-podlaski-sp-z-oo/apart-warszawska-bialystok-piasta-ii/usi_rp_19270.json,2026-05-25T02:05:49.388167,2026-06-02T23:12:28.135893,v0.7.0+
oto,/Volumes/Samsam/Public/USIdata/yuva-development-sp-z-o-o/imperia-4/usi_oto_4wR1M.json,2026-05-25T02:05:49.384605,2026-05-25T02:05:49.384607,v0.7.0+
oto,/Volumes/Samsam/Public/USIdata/z7-modernbau-sp-z-o-o/eco-vill/usi_oto_4k1Yo.json,2026-05-25T02:05:49.380981,2026-05-25T02:05:49.380982,v0.7.0+
oto,/Volumes/Samsam/Public/USIdata/zabielny-invest-sp-z-o-o-sp-k/stelmachow-205/usi_oto_4rAGY.json,2026-05-25T02:05:49.377070,2026-05-25T02:05:49.377072,v0.7.0+
oto,/Volumes/Samsam/Public/USIdata/zabielny-invest-spolka-jawna/stelmachow-205/usi_oto_4tPAO.json,2026-05-25T02:05:49.373346,2026-05-25T02:05:49.373348,v0.7.0+
rp,/Volumes/Samsam/Public/USIdata/zabielny-invest-zbigniew-zabielny/stelmachow-205-krakow-pradnik-bialy/usi_rp_17774.json,2026-05-25T02:05:49.369827,2026-06-02T23:12:28.126181,v0.7.0+
oto,/Volumes/Samsam/Public/USIdata/zachodnia-29/zachodnia-29/usi_oto_4t21Z.json,2026-05-25T02:05:49.367434,2026-05-25T02:05:49.367436,v0.7.0+
oto,/Volumes/Samsam/Public/USIdata/zadrozni-development-s-c/bliskie-marki/usi_oto_4yeMI.json,2026-05-25T02:05:49.363696,2026-05-25T02:05:49.363699,v0.7.0+
rp,/Volumes/Samsam/Public/USIdata/zagiel-dom/activecity-ii-etap-lublin/usi_rp_13402.json,2026-05-25T02:05:49.348382,2026-06-02T23:12:28.092406,v0.7.0+
rp,/Volumes/Samsam/Public/USIdata/zagiel-dom/niwa-park-pulawy/usi_rp_14313.json,2026-05-25T02:05:49.352701,2026-06-02T23:12:28.100676,v0.7.0+
rp,/Volumes/Samsam/Public/USIdata/zagiel-dom/orkana-residence-etap-3-lublin-czuby-polnocne/usi_rp_19330.json,2026-05-25T02:05:49.356244,2026-06-02T23:12:28.109247,v0.7.0+
rp,/Volumes/Samsam/Public/USIdata/zagiel-dom/wojciechowska-square-lublin/usi_rp_16240.json,2026-05-25T02:05:49.360613,2026-06-02T23:12:28.116860,v0.7.0+
oto,/Volumes/Samsam/Public/USIdata/zagiel-dom-sp-z-o-o/activecity-etap-iv/usi_oto_4q7Mg.json,2026-05-25T02:05:49.338564,2026-05-25T02:05:49.338565,v0.7.0+
oto,/Volumes/Samsam/Public/USIdata/zagiel-dom-sp-z-o-o/activecity-etap-v/usi_oto_4sDif.json,2026-05-25T02:05:49.342136,2026-05-25T02:05:49.342138,v0.7.0+
oto,/Volumes/Samsam/Public/USIdata/zagiel-dom-sp-z-o-o/wojciechowska-square/usi_oto_4mOY5.json,2026-05-25T02:05:49.345153,2026-05-25T02:05:49.345155,v0.7.0+
oto,/Volumes/Samsam/Public/USIdata/zaklad-instalacji-przemyslowych-i-sanitarnych-jan-pastwa/niecala-prestige-residence/usi_oto_4iBj9.json,2026-05-25T02:05:49.331362,2026-05-25T02:05:49.331364,v0.7.0+
oto,/Volumes/Samsam/Public/USIdata/zaklad-instalacji-przemyslowych-i-sanitarnych-jan-pastwa/osiedle-granatowa/usi_oto_4nyLq.json,2026-05-25T02:05:49.335656,2026-05-25T02:05:49.335658,v0.7.0+
oto,/Volumes/Samsam/Public/USIdata/zaklady-drzewne-poldan/apartamenty-przy-latarni-morskiej-w-darlowku/usi_oto_4mpsM.json,2026-05-25T02:05:49.324315,2026-05-25T02:05:49.324317,v0.7.0+
oto,/Volumes/Samsam/Public/USIdata/zaklady-drzewne-poldan/osiedle-ul-kropla-baltyku-darlowo/usi_oto_43xuW.json,2026-05-25T02:05:49.328353,2026-05-25T02:05:49.328355,v0.7.0+
oto,/Volumes/Samsam/Public/USIdata/zamieszkaj-tu-sp-z-o-o-sp-k/wiejska-12-wolomin/usi_oto_4xYXq.json,2026-05-25T02:05:49.315948,2026-05-25T02:05:49.315950,v0.7.0+
oto,/Volumes/Samsam/Public/USIdata/zaneta-buczek-nieruchomosci/staszica-nad-bzura/usi_oto_4tK79.json,2026-05-25T02:05:49.310257,2026-05-25T02:05:49.310259,v0.7.0+
rp,/Volumes/Samsam/Public/USIdata/zatoka-real-estate-sp-z-oo/wiejska-10-gdynia-chylonia/usi_rp_20311.json,2026-05-25T02:05:49.306295,2026-06-02T23:12:28.081403,v0.7.0+
oto,/Volumes/Samsam/Public/USIdata/zatoka-real-estate-spolka-z-ograniczona-odpowiedzialnoscia/inwestycja-wiejska-10/usi_oto_4BfXg.json,2026-05-25T02:05:49.300852,2026-05-25T02:05:49.300854,v0.7.0+
oto,/Volumes/Samsam/Public/USIdata/zatoka-real-estate-spolka-z-ograniczona-odpowiedzialnoscia/inwestycja-wiejska-10/usi_oto_67984814.json,2026-05-25T02:05:49.300852,2026-06-02T11:04:42.493281,v0.7.0+
rp,/Volumes/Samsam/Public/USIdata/zdrojowa-invest/baltic-park-loft-swinoujscie/usi_rp_15258.json,2026-05-25T02:05:49.289169,2026-06-02T23:12:28.053952,v0.7.0+
rp,/Volumes/Samsam/Public/USIdata/zdrojowa-invest/vacationclub-resort-kolobrzeski-dzwirzyno/usi_rp_16220.json,2026-05-25T02:05:49.294609,2026-06-02T23:12:28.063725,v0.7.0+
oto,/Volumes/Samsam/Public/USIdata/zdrojowa-invest-2-sp-z-o-o/baltic-park-fort-z-widokiem-na-morze/usi_oto_4fjC5.json,2026-05-25T02:05:49.275249,2026-05-25T02:05:49.275251,v0.7.0+
oto,/Volumes/Samsam/Public/USIdata/zdrojowa-invest-2-sp-z-o-o/baltic-park-loft-z-widokiem-na-morze/usi_oto_4eIJF.json,2026-05-25T02:05:49.279783,2026-05-25T02:05:49.279786,v0.7.0+
oto,/Volumes/Samsam/Public/USIdata/zdrojowa-invest-2-sp-z-o-o/vacationclub-resort/usi_oto_4mHf7.json,2026-05-25T02:05:49.284481,2026-05-25T02:05:49.284483,v0.7.0+
to,/Volumes/Samsam/Public/USIdata/zdrojowainvest/baltic-park-fort-uzdrowiskowa-swinoujscie-apartamenty-inwestycyjne-na-sprzedaz/usi_to_8801202.json,2026-05-25T02:04:55.856654,2026-06-02T13:58:49.651547,v0.7.0+
to,/Volumes/Samsam/Public/USIdata/zdrojowainvest/radisson-resort-kolobrzeg-morawskiego-10-kolobrzeg-apartamenty-inwestycyjne-na-sprzedaz/usi_to_8801367.json,2026-05-25T02:04:58.264401,2026-06-03T23:04:34.314716,v0.7.0+
rp,/Volumes/Samsam/Public/USIdata/zeranski-development/akacjowa-aleja-wabrzezno/usi_rp_17433.json,2026-05-25T02:05:49.256542,2026-06-02T23:12:28.007282,v0.7.0+
rp,/Volumes/Samsam/Public/USIdata/zeranski-development/kazimierza-wielkiego-42a-plock/usi_rp_15758.json,2026-05-25T02:05:49.263170,2026-06-02T23:12:28.021521,v0.7.0+
rp,/Volumes/Samsam/Public/USIdata/zf-investment-sp-z-oo/tyniecka-domy-krakow-debniki/usi_rp_18520.json,2026-05-25T02:05:49.251696,2026-06-02T23:12:28.000012,v0.7.0+
oto,/Volumes/Samsam/Public/USIdata/zielona-lubsza/osiedle-eko-domow-pod-lasem-zielona-lubsza/usi_oto_4nVGX.json,2026-05-25T02:05:49.243547,2026-05-25T02:05:49.243549,v0.7.0+
oto,/Volumes/Samsam/Public/USIdata/zielona-przystan-nad-warta/zielona-przystan-nad-warta-letnia-wyrpzedaz-zrealizowana-inwestycja/usi_oto_4nlIC.json,2026-05-25T02:05:49.235343,2026-05-25T02:05:49.235345,v0.7.0+
rp,/Volumes/Samsam/Public/USIdata/zielone-osiedla-pl-sp-z-oo/czynu-spolecznego-65f-sulejowek/usi_rp_20224.json,2026-05-25T02:05:49.232380,2026-06-02T23:12:27.985566,v0.7.0+
oto,/Volumes/Samsam/Public/USIdata/zielony-zakatek-krancowa-5/zielony-zakatek-krancowa-5/usi_oto_4xRH9.json,2026-05-25T02:05:49.218263,2026-06-03T00:41:42.089440,v0.7.0+
oto,/Volumes/Samsam/Public/USIdata/ziolkowski-s-c/oranzeria-bartnika-iii/usi_oto_4fQKi.json,2026-05-25T02:05:49.204806,2026-05-25T02:05:49.204809,v0.7.0+
oto,/Volumes/Samsam/Public/USIdata/ziolkowski-s-c/traugutta/usi_oto_4sZFh.json,2026-05-25T02:05:49.210420,2026-05-25T02:05:49.210422,v0.7.0+
oto,/Volumes/Samsam/Public/USIdata/ziolkowski-s-c/vena-prestizowa-inwestycja-w-zielonce/usi_oto_4kIl3.json,2026-05-25T02:05:49.214550,2026-06-03T00:40:04.067940,v0.7.0+
rp,/Volumes/Samsam/Public/USIdata/ziolkowski-sc/traugutta-wolomin-wolomin/usi_rp_18575.json,2026-05-25T02:05:49.200283,2026-06-02T23:12:27.958040,v0.7.0+
rp,/Volumes/Samsam/Public/USIdata/zipis/niecala-prestige-residence-lublin/usi_rp_18158.json,2026-05-25T02:05:49.192892,2026-06-02T23:12:27.945101,v0.7.0+
rp,/Volumes/Samsam/Public/USIdata/zipis/nowa-jantarowa-etap-2-lublin/usi_rp_14359.json,2026-05-25T02:05:49.196949,2026-06-02T23:12:27.952361,v0.7.0+
rp,/Volumes/Samsam/Public/USIdata/zlobikowski-development/lowicka-22-gdynia-maly-kack/usi_rp_18760.json,2026-05-25T02:05:49.187399,2026-06-06T01:49:39.397413,v0.7.0+
oto,/Volumes/Samsam/Public/USIdata/zmg-estates/osiedle-poblize-mielec/usi_oto_4r7xv.json,2026-05-25T02:05:49.181760,2026-05-25T02:05:49.181761,v0.7.0+
rp,/Volumes/Samsam/Public/USIdata/zmirob-sj/stary-browar-bud-2-sosnowiec/usi_rp_16742.json,2026-05-25T02:05:49.170598,2026-06-02T23:12:27.888918,v0.7.0+
rp,/Volumes/Samsam/Public/USIdata/zmirob-sj/stary-browar-bud-4-sosnowiec/usi_rp_16744.json,2026-05-25T02:05:49.176798,2026-06-02T23:12:27.924202,v0.7.0+
rp,/Volumes/Samsam/Public/USIdata/zmirob-sj/stary-browar-sosnowiec/usi_rp_16741.json,2026-05-25T02:05:49.179320,2026-06-02T23:12:27.929518,v0.7.0+
oto,/Volumes/Samsam/Public/USIdata/zmudzka-eco-scala-sp-z-o-o/osiedle-latawcow-oferta-mieszkan/usi_oto_4yNLc.json,2026-05-25T02:05:49.166785,2026-05-25T02:05:49.166788,v0.7.0+
oto,/Volumes/Samsam/Public/USIdata/zolnierska-inwestycja-sp-z-oo/lubostron-13-gotowe-do-odbioru/usi_oto_4lLAo.json,2026-05-25T02:05:49.151869,2026-06-06T02:35:37.936974,v0.7.0+
oto,/Volumes/Samsam/Public/USIdata/zolnierska-inwestycja-sp-z-oo/lubostron-13-gotowe-do-odbioru/usi_oto_64293156.json,2026-05-25T02:05:49.151869,2026-06-02T11:44:06.456259,v0.7.0+
rp,/Volumes/Samsam/Public/USIdata/zrbphu-ryszard-sass/miasteczko-na-szlaku-kultur-etap-ii-bilgoraj/usi_rp_14247.json,2026-05-25T02:05:49.141347,2026-06-06T13:40:58.346713,v0.7.0+
oto,/Volumes/Samsam/Public/USIdata/zt-development-group/domy-jednorodzinne-okolice-lagiewnik/usi_oto_4bBGJ.json,2026-05-25T02:05:49.136793,2026-05-25T02:05:49.136796,v0.7.0+
oto,/Volumes/Samsam/Public/USIdata/zw-investment-sp-z-o-o/modena-apartamenty/usi_oto_4ya1s.json,2026-05-25T02:05:46.725253,2026-06-03T00:35:31.641342,v0.7.0+
oto,/Volumes/Samsam/Public/USIdata/zwirki-i-wigury-43-rumia/zwirki-i-wigury-43-rumia/usi_oto_4rJMu.json,2026-05-25T02:05:46.719492,2026-06-03T00:34:21.978261,v0.7.0+
